##FastQC	0.12.1
>>Basic Statistics	pass
#Measure	Value
Filename	DRR817419_forward.gz
File type	Conventional base calls
Encoding	Sanger / Illumina 1.9
Total Sequences	4808641
Total Bases	726.1 Mbp
Sequences flagged as poor quality	0
Sequence length	151
%GC	50
>>END_MODULE
>>Per base sequence quality	pass
#Base	Mean	Median	Lower Quartile	Upper Quartile	10th Percentile	90th Percentile
1	38.891540042186556	40.0	40.0	40.0	40.0	40.0
2	39.11792333842347	40.0	40.0	40.0	40.0	40.0
3	39.32086841167806	40.0	40.0	40.0	40.0	40.0
4	39.30177195594348	40.0	40.0	40.0	40.0	40.0
5	39.30497369215127	40.0	40.0	40.0	40.0	40.0
6	39.32706642063735	40.0	40.0	40.0	40.0	40.0
7	39.31445162988878	40.0	40.0	40.0	40.0	40.0
8	39.39283968173128	40.0	40.0	40.0	40.0	40.0
9	39.42825592511481	40.0	40.0	40.0	40.0	40.0
10-14	39.421642081411356	40.0	40.0	40.0	40.0	40.0
15-19	39.5655368741397	40.0	40.0	40.0	40.0	40.0
20-24	39.59888716999252	40.0	40.0	40.0	40.0	40.0
25-29	39.4847466467137	40.0	40.0	40.0	40.0	40.0
30-34	39.462111893984186	40.0	40.0	40.0	40.0	40.0
35-39	39.46528892466707	40.0	40.0	40.0	40.0	40.0
40-44	39.503602202784535	40.0	40.0	40.0	40.0	40.0
45-49	39.474825340465216	40.0	40.0	40.0	40.0	40.0
50-54	39.44524925025595	40.0	40.0	40.0	40.0	40.0
55-59	39.45442165468372	40.0	40.0	40.0	40.0	40.0
60-64	39.4587955307955	40.0	40.0	40.0	40.0	40.0
65-69	39.452055331225594	40.0	40.0	40.0	40.0	40.0
70-74	39.45059812117395	40.0	40.0	40.0	40.0	40.0
75-79	39.440575663685436	40.0	40.0	40.0	40.0	40.0
80-84	39.43142056144345	40.0	40.0	40.0	40.0	40.0
85-89	39.42650174966275	40.0	40.0	40.0	40.0	40.0
90-94	39.42024734223245	40.0	40.0	40.0	40.0	40.0
95-99	39.40427734156074	40.0	40.0	40.0	40.0	40.0
100-104	39.393684161491784	40.0	40.0	40.0	40.0	40.0
105-109	39.35818831141688	40.0	40.0	40.0	40.0	40.0
110-114	39.3390153267836	40.0	40.0	40.0	40.0	40.0
115-119	39.32114582893586	40.0	40.0	40.0	40.0	40.0
120-124	39.3199483180383	40.0	40.0	40.0	40.0	40.0
125-129	39.307730978461485	40.0	40.0	40.0	40.0	40.0
130-134	39.28522823808223	40.0	40.0	40.0	40.0	40.0
135-139	39.25121621680638	40.0	40.0	40.0	40.0	40.0
140-144	39.23792031885932	40.0	40.0	40.0	40.0	40.0
145-149	39.214805430474016	40.0	40.0	40.0	40.0	40.0
150-151	38.93648517325373	40.0	40.0	40.0	40.0	40.0
>>END_MODULE
>>Per tile sequence quality	pass
#Tile	Base	Mean
1101	1	-0.13956332375214942
1101	2	-0.2350672097866351
1101	3	-0.015377916920911616
1101	4	-0.4752418370526499
1101	5	-0.3998564231293571
1101	6	-0.2848741331858875
1101	7	-0.11481022549727982
1101	8	-0.08710272318415235
1101	9	-0.19564884432371343
1101	10-14	-0.2116012322546439
1101	15-19	-0.1974515523452567
1101	20-24	-0.21263120956825787
1101	25-29	-0.26769949717483144
1101	30-34	-0.28523870997876344
1101	35-39	-0.2888291127490703
1101	40-44	-0.30080080677716126
1101	45-49	-0.2716789584627435
1101	50-54	-0.30463488427885466
1101	55-59	-0.31123908065855943
1101	60-64	-0.2665835270322461
1101	65-69	-0.274827209899847
1101	70-74	-0.25708061052095843
1101	75-79	-0.2841933769925973
1101	80-84	-0.30288868774658084
1101	85-89	-0.3597781625313061
1101	90-94	-0.3041360386085188
1101	95-99	-0.3069622335123654
1101	100-104	-0.3116933161540203
1101	105-109	-0.38255979807229323
1101	110-114	-0.3998747893514363
1101	115-119	-0.3300310859386073
1101	120-124	-0.3290657102726442
1101	125-129	-0.32693794644738716
1101	130-134	-0.34735102936644324
1101	135-139	-0.32949496845318293
1101	140-144	-0.3137897298200656
1101	145-149	-0.2657476013129312
1101	150-151	-0.36872842348328305
1102	1	-0.36435478886637185
1102	2	-0.3524467111917957
1102	3	-0.08242147404354938
1102	4	-0.24356620823930086
1102	5	-0.3323757570285508
1102	6	-0.15876516591335843
1102	7	-0.21776936852151607
1102	8	-0.13115386372377458
1102	9	-0.2570523637169444
1102	10-14	-0.1802836453383705
1102	15-19	-0.1948543258683202
1102	20-24	-0.1557152616290196
1102	25-29	-0.19748090636090865
1102	30-34	-0.21233789254864632
1102	35-39	-0.26731366439755533
1102	40-44	-0.28345206040813054
1102	45-49	-0.28429360875740173
1102	50-54	-0.24411962844901325
1102	55-59	-0.3270897903855001
1102	60-64	-0.2942046976367223
1102	65-69	-0.3097358710750058
1102	70-74	-0.2847211543765482
1102	75-79	-0.28130022410495314
1102	80-84	-0.2544456311803174
1102	85-89	-0.2758994923596916
1102	90-94	-0.28183246218528524
1102	95-99	-0.25881752501319255
1102	100-104	-0.3431428833434822
1102	105-109	-0.3069518109651881
1102	110-114	-0.32419487904959254
1102	115-119	-0.3158600370828992
1102	120-124	-0.2910873574591051
1102	125-129	-0.3040473605155256
1102	130-134	-0.3429014779177493
1102	135-139	-0.3429265645305932
1102	140-144	-0.3140733057831824
1102	145-149	-0.30120864231037103
1102	150-151	-0.3128777621894656
1103	1	-2.2908518392483757E-4
1103	2	-0.3053699669334975
1103	3	-0.17815213720619738
1103	4	-0.296322669690511
1103	5	-0.19499769260988842
1103	6	-0.07009919737034664
1103	7	-0.18662489042986863
1103	8	-0.0744943671403746
1103	9	-0.1800930638387186
1103	10-14	-0.08252135705228625
1103	15-19	-0.14051240488299754
1103	20-24	-0.08087433452568149
1103	25-29	-0.13314607017324676
1103	30-34	-0.17290669884857834
1103	35-39	-0.1366653658150625
1103	40-44	-0.1339825673762718
1103	45-49	-0.11889020476493073
1103	50-54	-0.1737464490683962
1103	55-59	-0.1425240494941633
1103	60-64	-0.23429630656807632
1103	65-69	-0.17812189568721237
1103	70-74	-0.135147125551228
1103	75-79	-0.11813459274470262
1103	80-84	-0.10825427341509908
1103	85-89	-0.1748171570203283
1103	90-94	-0.15792806248328617
1103	95-99	-0.21802322355413395
1103	100-104	-0.23123232114681969
1103	105-109	-0.21447601228065594
1103	110-114	-0.24379064961423325
1103	115-119	-0.2908745204074279
1103	120-124	-0.21952554031511085
1103	125-129	-0.21234851375975694
1103	130-134	-0.18493266442946776
1103	135-139	-0.21460875622462794
1103	140-144	-0.18859026939607304
1103	145-149	-0.18406995023833161
1103	150-151	-0.18758436445330773
1104	1	-0.788033090141937
1104	2	-0.4833522680638396
1104	3	-0.4289633402128885
1104	4	-0.2393652523844949
1104	5	-0.39642366916814353
1104	6	-0.4211600916567946
1104	7	-0.2982105311497847
1104	8	-0.32292438531987244
1104	9	-0.247876919420996
1104	10-14	-0.12425197738308924
1104	15-19	-0.19282167854460397
1104	20-24	-0.16139288826110487
1104	25-29	-0.2317876625747104
1104	30-34	-0.2508565922960386
1104	35-39	-0.27247069480888797
1104	40-44	-0.2469745051227079
1104	45-49	-0.20623127858570456
1104	50-54	-0.2533225419419267
1104	55-59	-0.22378487973546868
1104	60-64	-0.28302737151766166
1104	65-69	-0.2722566057405089
1104	70-74	-0.2990169302366894
1104	75-79	-0.22601146973780573
1104	80-84	-0.2546462661948965
1104	85-89	-0.30380050509405265
1104	90-94	-0.22687297192567968
1104	95-99	-0.22592114724800894
1104	100-104	-0.2422660299509758
1104	105-109	-0.29573068063336905
1104	110-114	-0.35613027442840206
1104	115-119	-0.27831235513518493
1104	120-124	-0.23685854783858673
1104	125-129	-0.2747350170670515
1104	130-134	-0.2942211530780128
1104	135-139	-0.2948131306648847
1104	140-144	-0.2575636005496449
1104	145-149	-0.24903936320098552
1104	150-151	-0.25062029230760885
1105	1	0.03465489897001106
1105	2	0.2196272034117186
1105	3	-0.10913119776081004
1105	4	0.04792464213744552
1105	5	0.10571538039520334
1105	6	0.08900663171850454
1105	7	-0.07270298890185245
1105	8	0.13814287111655688
1105	9	-0.05507891556480615
1105	10-14	0.07141639054250959
1105	15-19	0.026535699248299238
1105	20-24	0.0962416813203788
1105	25-29	0.0454606078120392
1105	30-34	0.03021610816895759
1105	35-39	0.07953384188159873
1105	40-44	0.07445716097686983
1105	45-49	0.08034578844389273
1105	50-54	0.08549859903573775
1105	55-59	0.06196151926645399
1105	60-64	0.06758145234532975
1105	65-69	0.06441913430712987
1105	70-74	0.06130109176626064
1105	75-79	-0.0019999011770792663
1105	80-84	0.04720130100482578
1105	85-89	0.059303952204352584
1105	90-94	0.029031190487842196
1105	95-99	0.03286528804743938
1105	100-104	0.07222381920406207
1105	105-109	0.05076903582347825
1105	110-114	-0.03387553925769993
1105	115-119	0.007758190401844445
1105	120-124	0.051648200488500606
1105	125-129	0.011529245153660383
1105	130-134	0.038656469696171314
1105	135-139	0.07705621264916829
1105	140-144	0.12195755176973933
1105	145-149	0.07566972152171303
1105	150-151	0.10673651839898213
1106	1	-0.387816270716975
1106	2	-0.20607845282112436
1106	3	-0.1527775459211611
1106	4	0.035593505399390324
1106	5	0.046583035529742745
1106	6	-0.2304991343441003
1106	7	-0.14952890872612556
1106	8	-0.26163197786751624
1106	9	0.014827729135909351
1106	10-14	-0.15730628930373314
1106	15-19	-0.020121082739620988
1106	20-24	0.015444317234717175
1106	25-29	-0.014327420743697417
1106	30-34	-0.0686493503702934
1106	35-39	0.06772055248017494
1106	40-44	-0.024729549621703484
1106	45-49	0.0031629218870676823
1106	50-54	-0.030271856757778437
1106	55-59	0.043214676872167956
1106	60-64	-0.01782986012034371
1106	65-69	-0.0057126614095110995
1106	70-74	-0.005481994450100558
1106	75-79	-0.07055014829404627
1106	80-84	-0.005335766540483178
1106	85-89	-0.011753708421672115
1106	90-94	-0.10089247782627098
1106	95-99	-0.031033668569797612
1106	100-104	-0.0562446047388363
1106	105-109	-0.08132541777344926
1106	110-114	-0.08305730751690277
1106	115-119	-0.04632857511160182
1106	120-124	-0.0984517445966091
1106	125-129	0.015540228130049627
1106	130-134	-0.023927824647593354
1106	135-139	0.02234122088641044
1106	140-144	-0.007583359817296298
1106	145-149	-0.06495630813232367
1106	150-151	0.09817254256152808
1107	1	-0.12063921867704863
1107	2	-0.16292181619612478
1107	3	-0.0381508056039479
1107	4	-0.22700999838542657
1107	5	0.01264348497036849
1107	6	-0.0760914074971808
1107	7	-0.09688599543780185
1107	8	0.07559385150871378
1107	9	-0.013248850205329177
1107	10-14	-0.012714328411739473
1107	15-19	-0.011150575261510198
1107	20-24	0.05718285779096988
1107	25-29	0.007016163367602246
1107	30-34	0.02785009509707237
1107	35-39	0.015376979136505042
1107	40-44	0.03970552698994112
1107	45-49	0.02184905641775714
1107	50-54	-0.020213819264924382
1107	55-59	-0.038260702955767556
1107	60-64	-0.07726822085727747
1107	65-69	-0.06649589837260805
1107	70-74	-0.05318256836445556
1107	75-79	-0.028078332549625884
1107	80-84	-0.014301966969036073
1107	85-89	-0.08401630923355441
1107	90-94	-0.16778580297620493
1107	95-99	-0.008834058357791719
1107	100-104	-0.09387422001162804
1107	105-109	-0.07270808835953346
1107	110-114	-0.07492129089169453
1107	115-119	-0.028555535088344186
1107	120-124	-0.02597271454417438
1107	125-129	0.017555388944508366
1107	130-134	-0.060284706774417884
1107	135-139	-0.0824078396384138
1107	140-144	-0.01034310182502196
1107	145-149	-4.087098508378517E-4
1107	150-151	-0.004930148267682455
1108	1	0.1320246260171558
1108	2	-0.013697858623018533
1108	3	-0.13305179329430672
1108	4	0.1040081822532457
1108	5	0.04722075673928572
1108	6	-0.029090969604908423
1108	7	0.1778346455067492
1108	8	0.10529754440026551
1108	9	0.02904019113494627
1108	10-14	0.077193065480472
1108	15-19	0.11628094325160276
1108	20-24	0.1071366358282475
1108	25-29	0.11051767977234306
1108	30-34	0.12402421404158304
1108	35-39	0.14516825048374926
1108	40-44	0.1090717184623955
1108	45-49	0.16045331532561846
1108	50-54	0.14263507546253607
1108	55-59	0.15426755731442654
1108	60-64	0.06850287500869001
1108	65-69	0.07468381586212303
1108	70-74	0.09277503717569147
1108	75-79	0.1200265669784315
1108	80-84	0.0577637493092098
1108	85-89	0.11614100762205481
1108	90-94	0.1407441764266295
1108	95-99	0.07882062303503545
1108	100-104	0.08985078363747334
1108	105-109	0.148555636319756
1108	110-114	0.11034282302517795
1108	115-119	0.19149020032741504
1108	120-124	0.09612462728752291
1108	125-129	0.16753917071197577
1108	130-134	0.18537772693356658
1108	135-139	0.15559715557721177
1108	140-144	0.13938848642648338
1108	145-149	0.14322968843651296
1108	150-151	0.2959383380846674
1109	1	0.03276904289060667
1109	2	-0.08152250709282782
1109	3	-0.01394509354244633
1109	4	0.06761446844017627
1109	5	0.11339114549032558
1109	6	-0.11180395554369937
1109	7	0.2175368787573717
1109	8	-0.030351752539360177
1109	9	0.02904019113494627
1109	10-14	0.018963123379556635
1109	15-19	0.0011444668248117296
1109	20-24	-0.06689148658696809
1109	25-29	-0.04961466100516532
1109	30-34	-0.05992946668628463
1109	35-39	-0.04010883801914389
1109	40-44	-0.04378187955249757
1109	45-49	0.018186979510893764
1109	50-54	-0.03073134306517744
1109	55-59	-0.05880109446390236
1109	60-64	-0.04398678586806426
1109	65-69	-0.010675985626704687
1109	70-74	-0.07860626968948736
1109	75-79	0.008198609989179317
1109	80-84	-0.030242867729661782
1109	85-89	-0.014876362104992324
1109	90-94	-0.031960538213560596
1109	95-99	-0.058813785567117804
1109	100-104	0.0018441665986017597
1109	105-109	-0.0731151659962137
1109	110-114	-0.09346197432801517
1109	115-119	-0.04076786418871592
1109	120-124	-0.11959084004084986
1109	125-129	-0.06935082101672663
1109	130-134	-0.045556929807546
1109	135-139	-0.036958675688296694
1109	140-144	-0.054490752614050564
1109	145-149	-0.03146013786621893
1109	150-151	0.20660831327077034
1110	1	0.044095288264415444
1110	2	0.09932712230871488
1110	3	0.15523214368282368
1110	4	0.03436827555188415
1110	5	0.10844044122245577
1110	6	0.07533266578176523
1110	7	0.14570739228224738
1110	8	-0.06321154899698911
1110	9	0.08514817283746368
1110	10-14	0.020814606276488234
1110	15-19	0.053765220740601194
1110	20-24	0.053876717816734754
1110	25-29	0.002312189320562652
1110	30-34	0.046532409872128255
1110	35-39	0.053600346342264515
1110	40-44	0.012261702744915226
1110	45-49	0.017774823318184474
1110	50-54	0.0894612916553541
1110	55-59	0.05038487693068561
1110	60-64	6.049722155694326E-4
1110	65-69	0.023681096999744966
1110	70-74	0.005116176924410354
1110	75-79	0.04018176954474484
1110	80-84	0.05100503174286075
1110	85-89	0.0473753228450704
1110	90-94	0.06257295853326639
1110	95-99	0.10530648837185907
1110	100-104	0.0028053277198694104
1110	105-109	0.030240244258187943
1110	110-114	0.07911716147222592
1110	115-119	0.013016908974442742
1110	120-124	0.07659872765801623
1110	125-129	0.03520483315041645
1110	130-134	0.09598169272942414
1110	135-139	0.14467340648534588
1110	140-144	0.09011489159131969
1110	145-149	0.03330151389803149
1110	150-151	0.0938127552197372
1111	1	-0.19146755000958393
1111	2	-0.09350204828896125
1111	3	0.1550864893140229
1111	4	-0.10054474561765403
1111	5	-0.042311830489154545
1111	6	-0.17344234787333335
1111	7	-0.11909754672497996
1111	8	0.04664627247709774
1111	9	0.15702992797260862
1111	10-14	0.0021374789778789705
1111	15-19	-0.026457498030609372
1111	20-24	-0.030697094189818586
1111	25-29	-0.012158439807002708
1111	30-34	-0.013525388429670215
1111	35-39	-0.0377450696830266
1111	40-44	0.03975648070476012
1111	45-49	-0.04826645645407268
1111	50-54	-0.026923169671746905
1111	55-59	-0.08937181406687955
1111	60-64	-0.03561582656622875
1111	65-69	-0.06402984528471478
1111	70-74	-0.1264812211589117
1111	75-79	-0.06416316648319054
1111	80-84	-0.07520686226047957
1111	85-89	-0.02338992534667028
1111	90-94	-0.049941598627803785
1111	95-99	-0.0971483173947334
1111	100-104	-0.11027277943539815
1111	105-109	-0.1001969505710747
1111	110-114	-0.06059662769308005
1111	115-119	0.020356829857632874
1111	120-124	0.032736635862661956
1111	125-129	0.01844080977951279
1111	130-134	-0.04788774799089879
1111	135-139	0.02897457999610964
1111	140-144	-0.019498230543185002
1111	145-149	-0.0049833397027754245
1111	150-151	-0.035066202689456816
1112	1	0.06082129374978251
1112	2	-0.011144955370227194
1112	3	-0.17727692913655346
1112	4	-0.1096854720550482
1112	5	0.05290406990037155
1112	6	-0.133603482473994
1112	7	0.09363741349075383
1112	8	-0.13886093529997368
1112	9	-0.08732470131793235
1112	10-14	6.518445936265493E-4
1112	15-19	-0.004545323046428962
1112	20-24	-0.016639232219581856
1112	25-29	-0.01368349224234322
1112	30-34	-0.026774647676603536
1112	35-39	-0.02357001891230226
1112	40-44	-0.03588596028468771
1112	45-49	-0.0380065769720872
1112	50-54	0.0016149666268177043
1112	55-59	-0.013156479645999752
1112	60-64	-0.01686987990045452
1112	65-69	-0.038729315937573006
1112	70-74	-0.058714133899869125
1112	75-79	9.527905031845307E-4
1112	80-84	-0.007464278114262868
1112	85-89	-0.050953796572152044
1112	90-94	-0.036041675200031875
1112	95-99	-0.02283889901074332
1112	100-104	-0.05421391869697345
1112	105-109	-0.12568338396988565
1112	110-114	-0.015626490861833986
1112	115-119	-0.05544354967427978
1112	120-124	-0.027409983307030927
1112	125-129	-0.02667847643415655
1112	130-134	0.03365701346996275
1112	135-139	-0.04546907283206991
1112	140-144	0.05749534404815648
1112	145-149	0.02503350618729172
1112	150-151	0.047408079029757744
1113	1	0.23205706383262736
1113	2	-0.13619572192827434
1113	3	-0.031873357072491615
1113	4	-0.07976478334131798
1113	5	-0.17356299873330272
1113	6	0.11946458342541177
1113	7	0.06448824062909608
1113	8	0.02197023720037805
1113	9	0.15527356847626805
1113	10-14	0.02787711771431134
1113	15-19	0.0402004230895443
1113	20-24	-0.027398618429828048
1113	25-29	0.00855192060693355
1113	30-34	-0.02064761650492386
1113	35-39	-0.04131434018889735
1113	40-44	-0.014112641965120076
1113	45-49	-0.03851349548616412
1113	50-54	0.034603789155084996
1113	55-59	0.09300953480905605
1113	60-64	0.002035518401399372
1113	65-69	0.028857102666826506
1113	70-74	0.06504352862442886
1113	75-79	0.05909085652483981
1113	80-84	0.026327029564363613
1113	85-89	0.02243800715856281
1113	90-94	0.032496913496451896
1113	95-99	0.03867156059809673
1113	100-104	0.11764069403059096
1113	105-109	0.025958600075483673
1113	110-114	0.10193350875784546
1113	115-119	-0.0016661781798887887
1113	120-124	0.07016721242301571
1113	125-129	0.1413299667745349
1113	130-134	0.017247088624841922
1113	135-139	0.03366237418123319
1113	140-144	0.08186818180026734
1113	145-149	0.09425423442762337
1113	150-151	0.18248311845449194
1114	1	-0.14765341418576128
1114	2	-0.1842388175729468
1114	3	-0.01980109283748277
1114	4	-0.11740626988837732
1114	5	0.12095347563329995
1114	6	-0.018644700000628234
1114	7	0.1515907964088825
1114	8	0.06597983641115235
1114	9	3.6902632380986233E-4
1114	10-14	0.04031388852475004
1114	15-19	0.06337347164539153
1114	20-24	0.040722714411593586
1114	25-29	0.09778829142786094
1114	30-34	0.04570763359269847
1114	35-39	-0.03766389823139349
1114	40-44	0.0888873466104485
1114	45-49	0.04479292323001971
1114	50-54	0.07915315916487486
1114	55-59	0.034082584641765834
1114	60-64	0.04263714241797345
1114	65-69	0.026251256986704163
1114	70-74	0.10915581331589408
1114	75-79	0.07663609559451601
1114	80-84	0.04322228566987718
1114	85-89	0.020269246796765117
1114	90-94	0.07804733253788498
1114	95-99	0.0024859498714988604
1114	100-104	0.06841510249703475
1114	105-109	0.06715644502444462
1114	110-114	-0.016151568313397036
1114	115-119	0.0046686020241253345
1114	120-124	0.040842712191498265
1114	125-129	0.019710036114112484
1114	130-134	0.03898415331199345
1114	135-139	-0.03636105934436529
1114	140-144	0.056625832641408635
1114	145-149	0.11447520981872117
1114	150-151	0.169605767793648
1115	1	0.203634490806742
1115	2	0.17425305375185474
1115	3	-0.008178816808424472
1115	4	-0.041769235413575245
1115	5	0.036055516449621905
1115	6	0.05839438682054521
1115	7	0.08335143286685565
1115	8	0.13480953778322657
1115	9	0.2190707442991382
1115	10-14	0.051117070814612475
1115	15-19	0.004889440744889839
1115	20-24	-0.03918689010818355
1115	25-29	0.04661707039707608
1115	30-34	0.10271950952950704
1115	35-39	0.08829574664350304
1115	40-44	0.06783811335782275
1115	45-49	0.05883558436226366
1115	50-54	0.07821968747111185
1115	55-59	0.04515879817802215
1115	60-64	0.07866988771947803
1115	65-69	0.02674566491936048
1115	70-74	-0.01807305789360214
1115	75-79	0.052734792700476874
1115	80-84	0.05409926018849376
1115	85-89	0.022977421592109692
1115	90-94	0.06369105443341994
1115	95-99	0.09811698872771757
1115	100-104	0.1026251797482658
1115	105-109	0.07090509024524749
1115	110-114	-0.009004790958378805
1115	115-119	0.059540503327028205
1115	120-124	0.07518561545449387
1115	125-129	0.14839999345297628
1115	130-134	0.08598980302950565
1115	135-139	0.10668886571038882
1115	140-144	0.06409360619151272
1115	145-149	0.0675064562155896
1115	150-151	0.1396276748615648
1116	1	-0.03607443652431641
1116	2	0.038368424373359744
1116	3	0.10055005561574859
1116	4	0.02193598735625102
1116	5	0.07649874074095919
1116	6	0.004500959109101643
1116	7	0.11373677338880128
1116	8	0.15127631249958995
1116	9	0.07906479054000215
1116	10-14	0.09711925385963127
1116	15-19	0.009343911025716523
1116	20-24	0.07425788877581851
1116	25-29	0.029310418725060572
1116	30-34	0.012574833182469547
1116	35-39	0.052698617678466064
1116	40-44	0.0535014613550473
1116	45-49	-0.020059397941835755
1116	50-54	0.0019988691599905906
1116	55-59	0.0216168407143158
1116	60-64	0.021793229762941735
1116	65-69	-0.023862875417350438
1116	70-74	0.012693852436171937
1116	75-79	0.020836403523098568
1116	80-84	0.03587228965960776
1116	85-89	-0.005999127212170663
1116	90-94	0.037069548132357966
1116	95-99	0.005874472272189735
1116	100-104	0.06035401909600324
1116	105-109	-0.003938689730283329
1116	110-114	0.032920787052397316
1116	115-119	0.010323290347827196
1116	120-124	0.05440778989964201
1116	125-129	0.04741471246862261
1116	130-134	0.046573271424968254
1116	135-139	0.08358457569617173
1116	140-144	0.08289002070545592
1116	145-149	0.03067782524942686
1116	150-151	0.18051015427148087
1117	1	0.18837284768795826
1117	2	-0.16857792479341072
1117	3	-0.053233761863374696
1117	4	-0.053870229657420055
1117	5	0.13468973936956274
1117	6	-0.15471131699944607
1117	7	-0.030395296594157628
1117	8	0.09557876855245695
1117	9	0.1776133921274976
1117	10-14	0.12113433926045758
1117	15-19	0.003253647966246831
1117	20-24	-0.003450626371922283
1117	25-29	-0.004308622957189812
1117	30-34	0.04288277483563263
1117	35-39	0.025482559830329876
1117	40-44	0.02584177636148155
1117	45-49	0.06367912177723412
1117	50-54	0.029421675958815285
1117	55-59	0.057679467984399935
1117	60-64	0.025119913883798972
1117	65-69	0.09736785225584299
1117	70-74	0.09571134817652194
1117	75-79	0.016077021899853605
1117	80-84	0.0797654035689277
1117	85-89	0.0031757470761490936
1117	90-94	0.0029029853596398425
1117	95-99	0.019660159842310065
1117	100-104	0.06276228074251833
1117	105-109	0.02010236915680963
1117	110-114	0.0567654863833269
1117	115-119	0.08460434424800667
1117	120-124	0.0314430722833805
1117	125-129	0.09706770669212261
1117	130-134	0.07919493123463184
1117	135-139	0.12259467418763137
1117	140-144	0.1451370389492368
1117	145-149	0.12002869588068421
1117	150-151	0.29474933891179944
1118	1	0.2995976158276221
1118	2	0.12342971295890948
1118	3	0.022870984454137044
1118	4	0.14955312004251908
1118	5	0.057357497143705416
1118	6	0.1027218526677629
1118	7	0.12113225386956117
1118	8	0.0026982448208698884
1118	9	0.1592691477194279
1118	10-14	0.08516870914588992
1118	15-19	0.051616986755121275
1118	20-24	0.05072285971646551
1118	25-29	0.05004216809572881
1118	30-34	-0.058753886375491504
1118	35-39	0.008624949355684919
1118	40-44	-0.003931818837642709
1118	45-49	-0.0025511018998045643
1118	50-54	0.018115074758597416
1118	55-59	-0.07261240326491247
1118	60-64	0.03234850089961583
1118	65-69	-0.04918152035735801
1118	70-74	-0.027992961698004137
1118	75-79	-0.00548598955678159
1118	80-84	-0.06306056478894817
1118	85-89	-0.01964203797567876
1118	90-94	-0.05740798027047589
1118	95-99	0.017982582100906086
1118	100-104	-0.008623425749576086
1118	105-109	-0.039853986544230224
1118	110-114	0.04234922888195314
1118	115-119	0.06061361866154158
1118	120-124	0.03046107555670119
1118	125-129	-0.01400703416985749
1118	130-134	0.05168538404423373
1118	135-139	0.036997292845576624
1118	140-144	-0.0024625246077789598
1118	145-149	0.036258919557717206
1118	150-151	0.10458976444371615
1119	1	0.0240453437805499
1119	2	-0.014974663694268031
1119	3	-0.13300818842527917
1119	4	0.11961327475688677
1119	5	-0.009430144041921551
1119	6	-0.019625987721362037
1119	7	-0.037502549582796973
1119	8	0.061267527898543506
1119	9	0.0444817653797287
1119	10-14	0.06411051465013884
1119	15-19	0.06752306882545156
1119	20-24	0.05761894655926625
1119	25-29	0.08122447381972364
1119	30-34	0.03546926577467957
1119	35-39	0.009071458575725444
1119	40-44	-0.023082103163709178
1119	45-49	0.005798836219845782
1119	50-54	0.05803127339048331
1119	55-59	0.10449968510939556
1119	60-64	0.025003747787401664
1119	65-69	0.05161847532853869
1119	70-74	0.013628384462585075
1119	75-79	0.042135189432478626
1119	80-84	0.08099042785820387
1119	85-89	0.021195220738121634
1119	90-94	0.03386864243732646
1119	95-99	0.07637984049116398
1119	100-104	0.05446379723810679
1119	105-109	0.0768294421935991
1119	110-114	0.04412555903993365
1119	115-119	0.06569778403171966
1119	120-124	0.04191069362415334
1119	125-129	0.10318437969512217
1119	130-134	0.07425998424861291
1119	135-139	0.05463117146300789
1119	140-144	0.12091746390593272
1119	145-149	0.16173232448711872
1119	150-151	0.3041033498102905
1120	1	-0.16221806519936877
1120	2	-0.0536735566317148
1120	3	0.061900289752763626
1120	4	-0.15072356633160666
1120	5	-0.19686876727038083
1120	6	0.011026175692443019
1120	7	-0.01939137109512501
1120	8	0.10666621530765497
1120	9	-0.12532864412072087
1120	10-14	-0.0381427842674853
1120	15-19	-0.03574660259751994
1120	20-24	-0.06807102226267858
1120	25-29	-0.03366425646591864
1120	30-34	-0.08578172027836928
1120	35-39	-0.13796018634857887
1120	40-44	-0.12067747528806194
1120	45-49	-0.024051605692918088
1120	50-54	-0.04307686241919839
1120	55-59	-0.07738484338283769
1120	60-64	-0.05308521432133517
1120	65-69	-0.11593917188179859
1120	70-74	-0.051198365345570096
1120	75-79	-0.10952433114449178
1120	80-84	-0.03778241235021795
1120	85-89	-0.03624002173700802
1120	90-94	-0.02166479213973105
1120	95-99	-0.033540792300001954
1120	100-104	0.019193417466816243
1120	105-109	0.04366371551945747
1120	110-114	-0.015808221125240607
1120	115-119	0.032413999305212826
1120	120-124	0.04086426997819359
1120	125-129	0.029231742439215225
1120	130-134	-0.0016974933874323028
1120	135-139	-0.022657142399687302
1120	140-144	0.09188806208461386
1120	145-149	0.17286841859011304
1120	150-151	0.18752370623828796
1121	1	-0.11235893341404335
1121	2	-0.23680621128858093
1121	3	-0.20448243182644177
1121	4	-0.19234793719534338
1121	5	-0.0952501742562788
1121	6	-0.15117237560452423
1121	7	-0.054612400347473056
1121	8	0.019203353893885833
1121	9	-0.08895469533155165
1121	10-14	0.06520863355850537
1121	15-19	-0.05033275749160282
1121	20-24	0.06054762110883871
1121	25-29	0.002586184161380345
1121	30-34	-0.04556311613263375
1121	35-39	-0.022192222669524142
1121	40-44	-0.014068198393900389
1121	45-49	0.12286002766276738
1121	50-54	-0.015246179917348002
1121	55-59	-0.009176533350846228
1121	60-64	-0.0063805764043323165
1121	65-69	0.012189679465791414
1121	70-74	-0.01490286809270458
1121	75-79	-0.05234164243012174
1121	80-84	0.06491488928798361
1121	85-89	-0.02467001036684735
1121	90-94	-0.03483563891274599
1121	95-99	0.011894308931630349
1121	100-104	-0.020026519824966726
1121	105-109	-0.02158463925110965
1121	110-114	-0.03868161465775444
1121	115-119	-0.022381218331538832
1121	120-124	0.016008384920297658
1121	125-129	-0.04247455197138095
1121	130-134	0.04901665412795353
1121	135-139	0.013782005977084566
1121	140-144	0.05468931200842064
1121	145-149	0.06401797213196403
1121	150-151	0.12478235512260483
1122	1	0.22940899733066544
1122	2	-0.15485367090521862
1122	3	0.19228956726651347
1122	4	0.29456398639974424
1122	5	-0.10761795293812781
1122	6	-0.13099336828149433
1122	7	0.1857669564533353
1122	8	0.031202980406170866
1122	9	-0.0414177133790119
1122	10-14	0.09353660912173467
1122	15-19	0.003114934220974419
1122	20-24	0.02850397640234803
1122	25-29	0.04796334005248326
1122	30-34	-7.237825414208032E-4
1122	35-39	0.053654060460836206
1122	40-44	0.006058253873042929
1122	45-49	0.03460808352586753
1122	50-54	0.08345488318874317
1122	55-59	0.027349497408529544
1122	60-64	-0.01964259137051272
1122	65-69	0.07638634742187378
1122	70-74	0.05170546335096304
1122	75-79	0.019147639806533334
1122	80-84	0.09457835018515226
1122	85-89	0.05084493581090754
1122	90-94	-0.006340394211612477
1122	95-99	0.08488714597094571
1122	100-104	0.09592327275596801
1122	105-109	0.11573078445735518
1122	110-114	0.03869276675322908
1122	115-119	0.08122267127617278
1122	120-124	0.10347333710053874
1122	125-129	0.1156385347711506
1122	130-134	0.05779308171803166
1122	135-139	0.07974473723933784
1122	140-144	0.08019798892820518
1122	145-149	0.17271890184957783
1122	150-151	0.2652884309672814
1123	1	0.14229717539277686
1123	2	-0.026145154311862484
1123	3	-0.14848079125674474
1123	4	0.05552626815370587
1123	5	-0.013309009848697428
1123	6	0.10640500570224276
1123	7	-0.03449160678803054
1123	8	0.26684205810842343
1123	9	-0.04613582613391287
1123	10-14	0.04351395151811488
1123	15-19	0.030714561036916166
1123	20-24	0.08424168132038545
1123	25-29	0.03227361594211686
1123	30-34	0.031012856136442224
1123	35-39	0.13566392318240617
1123	40-44	0.040010006505319495
1123	45-49	0.10693115429755551
1123	50-54	0.0704254283040271
1123	55-59	0.046563145282711105
1123	60-64	0.020735923890050856
1123	65-69	0.0366955570713543
1123	70-74	0.0018214169695198734
1123	75-79	0.08669928581479525
1123	80-84	0.03931512214303723
1123	85-89	0.09354785464338278
1123	90-94	0.052177531951258516
1123	95-99	0.038718946584026526
1123	100-104	0.03902869725283864
1123	105-109	0.09928936102672736
1123	110-114	0.11929519244961995
1123	115-119	0.09201835300348193
1123	120-124	0.07769698097632016
1123	125-129	0.12333412320244008
1123	130-134	0.09899793311080884
1123	135-139	0.08203182240526985
1123	140-144	0.18080308022502578
1123	145-149	0.17192988412333676
1123	150-151	0.3271836728705253
1124	1	0.3146548989700122
1124	2	0.05027760991578134
1124	3	0.20924278597902912
1124	4	0.07341244701549954
1124	5	0.006203185273250256
1124	6	0.01860012765346397
1124	7	-0.08002006207258461
1124	8	0.026191651604364097
1124	9	0.057929214516491356
1124	10-14	0.07733508972949465
1124	15-19	0.06453569924830305
1124	20-24	0.06798151871876001
1124	25-29	0.05959068911285925
1124	30-34	0.05767952280311306
1124	35-39	0.014037906922254706
1124	40-44	-0.006819261787363473
1124	45-49	0.027581560801621663
1124	50-54	0.01579128196256363
1124	55-59	-0.02237994414818445
1124	60-64	-0.009182775296942225
1124	65-69	0.008728077396554568
1124	70-74	-0.007934680591461074
1124	75-79	0.009300911831054748
1124	80-84	0.012648455476373499
1124	85-89	-0.005964340478577412
1124	90-94	0.009575905935001572
1124	95-99	0.055304312437691294
1124	100-104	0.014313250098368258
1124	105-109	0.07782594639257923
1124	110-114	0.04644966399433059
1124	115-119	0.08681510097095924
1124	120-124	0.09655876959419629
1124	125-129	0.07455363539755666
1124	130-134	0.11720931522462763
1124	135-139	0.12430824516949457
1124	140-144	0.05852665746080277
1124	145-149	0.1342063068875632
1124	150-151	0.29791538018759667
1125	1	-0.0026089446782009418
1125	2	0.08476292545297781
1125	3	0.06515761874299386
1125	4	0.0805467919745837
1125	5	0.1288641317524224
1125	6	-0.015032456229377544
1125	7	0.20862165822084222
1125	8	0.054548951464006734
1125	9	0.060339108322274626
1125	10-14	0.08563571736117837
1125	15-19	0.06783645929172621
1125	20-24	0.013362202493027553
1125	25-29	-0.04473917503268865
1125	30-34	0.05363196050338814
1125	35-39	0.035981181729589196
1125	40-44	0.03828017943506978
1125	45-49	0.00787021841131974
1125	50-54	-0.017018230497384934
1125	55-59	-0.007026537193915772
1125	60-64	-0.01790606122686711
1125	65-69	-0.054049921067466755
1125	70-74	0.01003941967071853
1125	75-79	-0.04763508033016706
1125	80-84	-0.05276612570527561
1125	85-89	-0.009529924017144253
1125	90-94	-0.00863547617882432
1125	95-99	-0.08305219295147026
1125	100-104	-0.02575772259833542
1125	105-109	-0.09835582845448698
1125	110-114	-0.029489002884197646
1125	115-119	0.005052435787305853
1125	120-124	0.08190661525507181
1125	125-129	0.06310796393758977
1125	130-134	-0.006257753973748947
1125	135-139	0.04704969799119141
1125	140-144	0.01175776892500835
1125	145-149	0.039317929990765776
1125	150-151	0.04420123066824999
1126	1	-0.10883612876245508
1126	2	-0.13186273677316507
1126	3	0.03479484900373819
1126	4	-0.16515039864558645
1126	5	-0.002560856690166702
1126	6	-0.029198914774156037
1126	7	0.044697772381454115
1126	8	0.05363498639660236
1126	9	-0.04491034568987118
1126	10-14	0.03132068635544982
1126	15-19	0.033953861292886245
1126	20-24	-0.0022836041608513824
1126	25-29	-0.013030963694212971
1126	30-34	-0.06005360363092649
1126	35-39	-0.06467931744411715
1126	40-44	-0.09885496517864567
1126	45-49	0.010933064137205406
1126	50-54	0.03163127984052494
1126	55-59	-0.019029236579108044
1126	60-64	-0.0638519353653777
1126	65-69	-0.020458516590096565
1126	70-74	0.0026235496237916323
1126	75-79	0.01922358985066097
1126	80-84	0.010153992685083324
1126	85-89	0.024086986462101834
1126	90-94	0.04389307194516334
1126	95-99	0.025448213550433252
1126	100-104	0.013649050307925847
1126	105-109	0.043321509994221685
1126	110-114	0.07964267716426576
1126	115-119	-0.027384822104941975
1126	120-124	0.057418727949084314
1126	125-129	-0.005145034346064392
1126	130-134	3.7805751563979584E-4
1126	135-139	0.010648382306591486
1126	140-144	0.08033384323248782
1126	145-149	0.13139565953149912
1126	150-151	0.23664135798571095
1127	1	0.07089992681408575
1127	2	-0.017898651799100662
1127	3	0.17793324138000344
1127	4	-0.04852324966844179
1127	5	0.00821339153283418
1127	6	0.07712119019105756
1127	7	0.21981888858422138
1127	8	0.16612218694790215
1127	9	0.10410962858793482
1127	10-14	0.09387621552262004
1127	15-19	0.06682686869937271
1127	20-24	0.03447238935538621
1127	25-29	0.01788861099421979
1127	30-34	0.04646272710293431
1127	35-39	0.07499605349656235
1127	40-44	0.005703779910845697
1127	45-49	0.08547705336036415
1127	50-54	0.0440459339601631
1127	55-59	0.02556852006199506
1127	60-64	0.11795694956092717
1127	65-69	0.04781611123631535
1127	70-74	0.03154452852044187
1127	75-79	0.1059475928563387
1127	80-84	0.14251554125940658
1127	85-89	0.05888072229186747
1127	90-94	0.005207005921420205
1127	95-99	0.017495359646481745
1127	100-104	0.07246486932338314
1127	105-109	0.06791462054901132
1127	110-114	0.06117617116394314
1127	115-119	0.09975182604226518
1127	120-124	0.13546363406050688
1127	125-129	0.11031047029288032
1127	130-134	0.12328495020531705
1127	135-139	0.1367125372315101
1127	140-144	0.13055102830116994
1127	145-149	0.18723694506984145
1127	150-151	0.24785425905132996
1128	1	-0.05122187828117575
1128	2	0.03427175317474962
1128	3	0.07090039781581225
1128	4	0.19371453155292784
1128	5	-0.2681234821640359
1128	6	0.037095099333036785
1128	7	-0.016936796168835144
1128	8	-0.07713359017886035
1128	9	0.27809643988543087
1128	10-14	0.08596299401801843
1128	15-19	-0.01773918226829352
1128	20-24	0.00866506204708628
1128	25-29	-0.09229926580565717
1128	30-34	0.020291937552855188
1128	35-39	-0.04933819603309075
1128	40-44	0.02313488609534886
1128	45-49	-0.03963841376778987
1128	50-54	9.583146755431926E-4
1128	55-59	-0.006085874098474164
1128	60-64	0.040753648237910056
1128	65-69	-0.004190660321626183
1128	70-74	-0.008961151519677912
1128	75-79	0.04793690766969405
1128	80-84	0.002793718066442352
1128	85-89	-0.0031099498493531996
1128	90-94	0.030227083062889903
1128	95-99	0.0080943559779314
1128	100-104	-7.509043346516364E-4
1128	105-109	0.013309320183658713
1128	110-114	0.061732675592217845
1128	115-119	0.0287439723923697
1128	120-124	-0.02044658624134854
1128	125-129	0.05638232572237456
1128	130-134	0.06311460555715342
1128	135-139	0.046996181053600594
1128	140-144	0.1142766670935913
1128	145-149	0.15175187002092372
1128	150-151	0.07998296389660453
1129	1	0.07497878560968729
1129	2	-0.11803811372728035
1129	3	0.08806178469533421
1129	4	0.05162909557874684
1129	5	-0.013690827432057517
1129	6	0.1022050122853031
1129	7	0.1498341231089455
1129	8	0.04153018555650334
1129	9	0.2187402477280429
1129	10-14	0.1273084283292789
1129	15-19	0.02588522691361561
1129	20-24	0.05897852342565102
1129	25-29	0.022580715774260796
1129	30-34	0.07130382746720443
1129	35-39	0.06151494849428474
1129	40-44	0.05062585193503111
1129	45-49	0.05164133500259993
1129	50-54	0.12293719552696558
1129	55-59	0.10301684990074023
1129	60-64	0.039708307945872434
1129	65-69	0.05628148248526088
1129	70-74	0.021554802967344244
1129	75-79	0.07115799355976549
1129	80-84	0.05185717145017321
1129	85-89	0.09229180645536417
1129	90-94	0.09257909871995906
1129	95-99	0.012190524214780396
1129	100-104	0.07116983809743971
1129	105-109	0.1255004798180721
1129	110-114	0.03214335412960878
1129	115-119	0.078241321306038
1129	120-124	0.15079529900403088
1129	125-129	0.0906979361118232
1129	130-134	0.10930964108618468
1129	135-139	0.1275339454426998
1129	140-144	0.1158387933351932
1129	145-149	0.2178559563395268
1129	150-151	0.2978363834462172
1130	1	0.11959723834397806
1130	2	-0.12041123700563361
1130	3	-0.05722565135773294
1130	4	0.01582414790350839
1130	5	0.11907067968130747
1130	6	0.13193908641372332
1130	7	0.17007570412395978
1130	8	0.2293070666135364
1130	9	0.07743069453952955
1130	10-14	0.1603213877967633
1130	15-19	0.08136161907257389
1130	20-24	0.12022191196288645
1130	25-29	0.21104325470934526
1130	30-34	0.13761094617006364
1130	35-39	0.18633669745546655
1130	40-44	0.17098708958751985
1130	45-49	0.15143310310616442
1130	50-54	0.20300656169361275
1130	55-59	0.1888489437584937
1130	60-64	0.1614123145089792
1130	65-69	0.15046526280794836
1130	70-74	0.17903200884479276
1130	75-79	0.24312365730727947
1130	80-84	0.24639405224041155
1130	85-89	0.25183772485674893
1130	90-94	0.20223767044390684
1130	95-99	0.23123980754223084
1130	100-104	0.13947203447039414
1130	105-109	0.26925118848685514
1130	110-114	0.2437960697483348
1130	115-119	0.18629086475660017
1130	120-124	0.2679403476603923
1130	125-129	0.24947762516464422
1130	130-134	0.26931764487464704
1130	135-139	0.24771189633945312
1130	140-144	0.21581037988615748
1130	145-149	0.255307283300958
1130	150-151	0.4177771554116063
1131	1	0.2239924887545257
1131	2	0.05267056600815323
1131	3	-0.040740668364691146
1131	4	0.09914970199379525
1131	5	0.1401075059605148
1131	6	0.16461716643518542
1131	7	0.20872824280871072
1131	8	0.1455357947664666
1131	9	0.2175201799393136
1131	10-14	0.09742969195245621
1131	15-19	-0.0026736649443108718
1131	20-24	0.03201502529483946
1131	25-29	0.0035223263542079053
1131	30-34	0.062116613622542616
1131	35-39	-0.013322768919145744
1131	40-44	0.02518847249589129
1131	45-49	-0.0021362546526688675
1131	50-54	-0.03805074919517892
1131	55-59	-0.03931594814508799
1131	60-64	-0.07048345853521454
1131	65-69	-0.05020975635527947
1131	70-74	0.012631764817612634
1131	75-79	-0.03215951809646356
1131	80-84	-0.02934299269030305
1131	85-89	-0.06027146679005568
1131	90-94	-0.018372108261822007
1131	95-99	-0.029715185482743323
1131	100-104	0.024115545727063648
1131	105-109	0.09094567854759816
1131	110-114	-0.014200093660470259
1131	115-119	-0.02343840443720069
1131	120-124	-0.04061782771047717
1131	125-129	-0.005864742609041684
1131	130-134	0.03899858196007244
1131	135-139	0.11173458455659357
1131	140-144	-0.026014249241164578
1131	145-149	0.08505519638205072
1131	150-151	0.25158754260754534
1132	1	0.17384984766771794
1132	2	0.057035780102062006
1132	3	0.08716451389401669
1132	4	0.09781809122979013
1132	5	0.2061942017580023
1132	6	-0.03186156086239578
1132	7	0.021509060558813076
1132	8	-8.179286729728119E-4
1132	9	-0.16049854197891023
1132	10-14	0.11350426215524578
1132	15-19	0.048918756338530045
1132	20-24	0.015922817863405214
1132	25-29	0.042042033752593966
1132	30-34	0.06048340624841586
1132	35-39	0.09824681215258835
1132	40-44	0.056977813436752456
1132	45-49	0.09909085553150021
1132	50-54	0.11126602865952151
1132	55-59	0.1307386831706907
1132	60-64	0.1024001842579878
1132	65-69	0.07959671915321564
1132	70-74	0.11208456979836257
1132	75-79	0.1241169101883628
1132	80-84	0.185093960831189
1132	85-89	0.14194641471421932
1132	90-94	0.21156973297666326
1132	95-99	0.11338094182276848
1132	100-104	0.1872669657444419
1132	105-109	0.11989189822810431
1132	110-114	0.15882111951630407
1132	115-119	0.2035350912174252
1132	120-124	0.170803159709763
1132	125-129	0.2147452409442394
1132	130-134	0.22401663807291783
1132	135-139	0.26981706505643643
1132	140-144	0.1968815191467499
1132	145-149	0.2577060277569103
1132	150-151	0.4690898464705384
1133	1	0.28393389583521156
1133	2	-0.11743653744512272
1133	3	0.06625020244818103
1133	4	0.05969580201205815
1133	5	0.062288003174721496
1133	6	0.1799784185523592
1133	7	0.004308505351019676
1133	8	0.13518571333181484
1133	9	0.029665076075737318
1133	10-14	0.13748953578806322
1133	15-19	0.08990665013648425
1133	20-24	0.09640469072477487
1133	25-29	0.16953793278591434
1133	30-34	0.14915236731212644
1133	35-39	0.07817125045004047
1133	40-44	0.06638715052754662
1133	45-49	0.11216397026207403
1133	50-54	0.10942127406185875
1133	55-59	0.19326141477324654
1133	60-64	0.13688343771627842
1133	65-69	0.14564170484003824
1133	70-74	0.16474518790001014
1133	75-79	0.17615056904235615
1133	80-84	0.19789095617723973
1133	85-89	0.1751534819849141
1133	90-94	0.21268113824123702
1133	95-99	0.18362808846541867
1133	100-104	0.1774516143973699
1133	105-109	0.2032789626782332
1133	110-114	0.14112968540269577
1133	115-119	0.23203823219913744
1133	120-124	0.2315395275522505
1133	125-129	0.22633384285481384
1133	130-134	0.19370140177558426
1133	135-139	0.19240417503161922
1133	140-144	0.21036089555239101
1133	145-149	0.2596195647818931
1133	150-151	0.4059893919622013
1134	1	0.3027891690714952
1134	2	0.15342111441874096
1134	3	0.10610689747728941
1134	4	0.10744454846063434
1134	5	-0.007071504850699739
1134	6	0.14441646778407602
1134	7	0.23494728432218892
1134	8	0.07772913185036145
1134	9	0.16607643182005205
1134	10-14	0.11299016103430404
1134	15-19	0.10437957122331198
1134	20-24	0.12008867585590366
1134	25-29	0.1240601394279679
1134	30-34	0.10197723229074995
1134	35-39	0.13993040706505155
1134	40-44	0.09837675504400778
1134	45-49	0.06570878610197894
1134	50-54	0.06559383713097588
1134	55-59	0.09598337718995253
1134	60-64	0.06853851713846382
1134	65-69	0.1359960273594183
1134	70-74	0.09195526819092947
1134	75-79	0.12896809257780717
1134	80-84	0.0932044235653322
1134	85-89	0.1411493854596273
1134	90-94	0.16076343092500167
1134	95-99	0.08910260264541137
1134	100-104	0.11453373333364425
1134	105-109	0.12572297805610333
1134	110-114	0.13571072147609442
1134	115-119	0.10392368610833103
1134	120-124	0.10031955099592693
1134	125-129	0.17573221158612995
1134	130-134	0.18266427609742664
1134	135-139	0.10906558033067171
1134	140-144	0.16385138471274985
1134	145-149	0.16241445220087058
1134	150-151	0.31025330216166225
1135	1	-0.009363939334541271
1135	2	0.08037550273144944
1135	3	0.20657785509110482
1135	4	0.07126059190196798
1135	5	0.0393208225720727
1135	6	0.019085124654139918
1135	7	0.018924431296994726
1135	8	-0.019413382153985026
1135	9	-0.008872740787204236
1135	10-14	0.1261186406733259
1135	15-19	0.015891010603603206
1135	20-24	0.08461844741143665
1135	25-29	0.06098441733585247
1135	30-34	-0.014103096435945872
1135	35-39	0.0171623086529209
1135	40-44	0.06758693596378862
1135	45-49	0.09266917933871355
1135	50-54	0.10431701871129917
1135	55-59	0.08406617651397141
1135	60-64	0.05083943246044953
1135	65-69	0.08660123791779739
1135	70-74	0.02975111793058005
1135	75-79	0.1033219198590345
1135	80-84	0.0616596997489367
1135	85-89	0.054575537761657245
1135	90-94	0.1028244924240056
1135	95-99	0.15345136863352593
1135	100-104	0.07911497566663428
1135	105-109	0.055005561202861486
1135	110-114	0.06368594687521067
1135	115-119	0.08940549547773458
1135	120-124	0.04933946160834779
1135	125-129	0.07990391809975961
1135	130-134	0.10181397885368426
1135	135-139	0.1092508751295469
1135	140-144	0.18686911639559156
1135	145-149	0.17463361477132366
1135	150-151	0.18829329495575564
1136	1	-0.007373627178957065
1136	2	0.07914648497537513
1136	3	0.06897762421489517
1136	4	0.08436679744648501
1136	5	0.16306350506503975
1136	6	-0.012451371451071225
1136	7	0.19000171263010657
1136	8	0.050625702600974876
1136	9	0.02040972680180886
1136	10-14	0.11799219614208312
1136	15-19	-0.012210206721064765
1136	20-24	-0.019213152277075096
1136	25-29	0.049030602529420264
1136	30-34	0.02814426453452512
1136	35-39	-0.0030313984776100256
1136	40-44	0.015277551890768848
1136	45-49	0.023214251201423508
1136	50-54	-0.01539627682268474
1136	55-59	-0.002779104082719641
1136	60-64	-0.04325954078726113
1136	65-69	-0.10802143621585003
1136	70-74	-0.05512574394425229
1136	75-79	0.04311895777697572
1136	80-84	-0.07256098108708642
1136	85-89	-0.004968630996906143
1136	90-94	-0.062201244800064615
1136	95-99	-0.005528795417951926
1136	100-104	0.002359582542673877
1136	105-109	0.024592596309481962
1136	110-114	0.02619841742480844
1136	115-119	0.03172226858463034
1136	120-124	-0.06074271340478532
1136	125-129	0.01186310674900426
1136	130-134	0.03692482680129672
1136	135-139	0.06628600662698858
1136	140-144	-0.012063578710979073
1136	145-149	0.07427510979429286
1136	150-151	0.09900540376612099
1137	1	0.2180487426953448
1137	2	-0.16238016307078595
1137	3	0.20081881539362456
1137	4	0.06782598388961958
1137	5	-0.04637091268556759
1137	6	0.07863567670666072
1137	7	0.22356115211366756
1137	8	0.09073692531281807
1137	9	0.0036687824094130406
1137	10-14	0.10592730872193812
1137	15-19	0.07101820385234703
1137	20-24	0.08664104990759824
1137	25-29	0.08055821370522409
1137	30-34	0.13814717893981765
1137	35-39	0.1336059281746813
1137	40-44	0.055399281471473216
1137	45-49	0.07699140801769744
1137	50-54	0.12326287159558547
1137	55-59	0.12063607859295189
1137	60-64	0.13775930028008077
1137	65-69	0.09222497487539272
1137	70-74	0.13544684288438447
1137	75-79	0.15821320063823663
1137	80-84	0.12700398450916595
1137	85-89	0.14510347864476358
1137	90-94	0.12727612603111993
1137	95-99	0.1471615258795893
1137	100-104	0.11970579763079314
1137	105-109	0.11989189822810431
1137	110-114	0.09504842811930558
1137	115-119	0.1340796847454513
1137	120-124	0.05209755592128573
1137	125-129	0.17622906099159508
1137	130-134	0.1255162434399253
1137	135-139	0.12206647310694763
1137	140-144	0.14384284511360335
1137	145-149	0.18193649342384788
1137	150-151	0.2828230745684053
1138	1	0.15645554205682544
1138	2	0.12388229451568122
1138	3	0.0440949544364031
1138	4	-0.0016091199204311124
1138	5	0.11038847793003725
1138	6	-0.0030190917541688123
1138	7	-0.10667940905190676
1138	8	0.05532400723659947
1138	9	0.03163062355631041
1138	10-14	0.04505840554786289
1138	15-19	-7.161764215837252E-4
1138	20-24	-0.0317711804159444
1138	25-29	-0.011776262498784718
1138	30-34	-0.01210114799394546
1138	35-39	0.027040808655449666
1138	40-44	0.016914824428098996
1138	45-49	0.04352906818666469
1138	50-54	0.007777269989645674
1138	55-59	-0.006284997346625687
1138	60-64	-0.0016382689837186604
1138	65-69	0.03480498639716245
1138	70-74	0.05050152049081191
1138	75-79	0.040025822295596925
1138	80-84	0.08716914666398878
1138	85-89	0.09970266603072275
1138	90-94	0.026091211924068602
1138	95-99	0.03867450562514563
1138	100-104	0.0018133154527149031
1138	105-109	-0.05717522998574509
1138	110-114	0.0014084907530147461
1138	115-119	-0.049172141859671115
1138	120-124	-0.00348148868619802
1138	125-129	-0.08429926502854812
1138	130-134	-0.11516775324058415
1138	135-139	-0.05309169731867058
1138	140-144	-0.004153916611819852
1138	145-149	-0.023622882979893234
1138	150-151	0.020525371560822236
1139	1	0.055545587229119064
1139	2	0.030949740523730895
1139	3	0.05891198712448187
1139	4	-0.08440329308522365
1139	5	0.03813103491611969
1139	6	0.1961321377913805
1139	7	0.21461145104416346
1139	8	0.16460710863342598
1139	9	0.08918559185759278
1139	10-14	0.07613433926044877
1139	15-19	0.013577534605921926
1139	20-24	0.04667083111795023
1139	25-29	0.018694076098142887
1139	30-34	0.049279535969233734
1139	35-39	0.04272952339307068
1139	40-44	0.02536269404030378
1139	45-49	0.06718789370705025
1139	50-54	0.041317762328581864
1139	55-59	0.07710591872664452
1139	60-64	0.04942490713615655
1139	65-69	0.0977389723637998
1139	70-74	0.12001634142888662
1139	75-79	0.057554754693363464
1139	80-84	0.10886122003316956
1139	85-89	0.060550915767102254
1139	90-94	0.09646573839607697
1139	95-99	0.1819071234050682
1139	100-104	0.1333560729152623
1139	105-109	0.18833448791524177
1139	110-114	0.20185995331988948
1139	115-119	0.21880812292546636
1139	120-124	0.10221230305261741
1139	125-129	0.20081939360169798
1139	130-134	0.15854041031695942
1139	135-139	0.21044892519978475
1139	140-144	0.17219506863883538
1139	145-149	0.15437417496300299
1139	150-151	0.2897392174543043
1140	1	0.25073084833709913
1140	2	-0.04142764890895734
1140	3	0.009813949918516585
1140	4	0.12963350289694375
1140	5	-0.07027618078623021
1140	6	0.01710789754128683
1140	7	0.045229500549623936
1140	8	0.12113865170727678
1140	9	0.08141897473055337
1140	10-14	0.14783833147077985
1140	15-19	0.09926143764492679
1140	20-24	0.05993788385202947
1140	25-29	0.06812727447870515
1140	30-34	0.07009796470904917
1140	35-39	0.07314565622758806
1140	40-44	0.07744028333974029
1140	45-49	0.043636927684403304
1140	50-54	0.05830028679944377
1140	55-59	0.05379274289515479
1140	60-64	0.07159832998246429
1140	65-69	0.046191286205854
1140	70-74	0.12432218881267687
1140	75-79	0.01926592160774021
1140	80-84	0.022770921257993848
1140	85-89	0.07064572435625394
1140	90-94	0.07364300483383346
1140	95-99	0.06379355808964249
1140	100-104	0.08751073903528095
1140	105-109	0.1483724113509055
1140	110-114	0.14177846918111214
1140	115-119	0.10301557436809361
1140	120-124	0.08032330597374226
1140	125-129	0.13763894979501146
1140	130-134	0.16016701821938284
1140	135-139	0.14903089619347298
1140	140-144	0.13918118046172623
1140	145-149	0.15199883544575954
1140	150-151	0.2619474888631146
1141	1	0.27439930791569367
1141	2	0.17341847071736538
1141	3	0.19830224206879876
1141	4	0.11784476993297233
1141	5	0.18119993843566817
1141	6	0.10990120040860063
1141	7	0.1668071282440451
1141	8	0.1451609754829022
1141	9	0.04790298006884797
1141	10-14	0.12324173665539462
1141	15-19	0.06534507092028718
1141	20-24	0.1109509464961036
1141	25-29	0.10534772176305296
1141	30-34	0.12371344576214938
1141	35-39	0.13256046594975857
1141	40-44	0.09509507364992942
1141	45-49	0.04855665106370566
1141	50-54	0.08543257134670768
1141	55-59	0.06117131692353439
1141	60-64	0.09899146299495953
1141	65-69	0.15569708957868755
1141	70-74	0.030089164183735306
1141	75-79	0.038287638759030074
1141	80-84	0.08518852145210332
1141	85-89	0.08426241865802808
1141	90-94	0.07634854938028468
1141	95-99	0.038786480805697465
1141	100-104	0.09073393634995597
1141	105-109	0.14608745967863968
1141	110-114	0.09898921047605569
1141	115-119	0.1581011083997197
1141	120-124	0.15048952104228874
1141	125-129	0.0996400012771943
1141	130-134	0.10362558577710956
1141	135-139	0.11696675578016169
1141	140-144	0.1490651130051006
1141	145-149	0.10557387487634884
1141	150-151	0.2684990317110092
1142	1	-0.005992874309342255
1142	2	-0.048402486196920336
1142	3	-0.06416493595244077
1142	4	0.18118375144918986
1142	5	0.03813103491611969
1142	6	0.08601068030149861
1142	7	-0.008870330332349852
1142	8	0.07715771592087606
1142	9	-0.06627999518693883
1142	10-14	0.09686308419972534
1142	15-19	-0.044722060535775654
1142	20-24	0.013634393870994188
1142	25-29	0.058856019417980576
1142	30-34	0.07519046714332234
1142	35-39	0.04726393634853565
1142	40-44	0.01629386812936673
1142	45-49	0.009536071844699734
1142	50-54	0.07564974613425335
1142	55-59	0.08487919807886612
1142	60-64	0.05266377353292029
1142	65-69	-0.024690177433761562
1142	70-74	0.026736989202163386
1142	75-79	0.051724795179204364
1142	80-84	0.09655352772546877
1142	85-89	0.0676764218399839
1142	90-94	0.02909731734344234
1142	95-99	0.06984234607713091
1142	100-104	0.07635202433226596
1142	105-109	0.09440736240917147
1142	110-114	0.08655630959519556
1142	115-119	0.10933443871494575
1142	120-124	0.017354003457469958
1142	125-129	0.042762713439756794
1142	130-134	0.10218413501331014
1142	135-139	0.09449750819573666
1142	140-144	0.014138388476894193
1142	145-149	0.02676283893062248
1142	150-151	0.01605500692799211
1143	1	0.07465489897001021
1143	2	0.036293870078381474
1143	3	0.21673546890585982
1143	4	0.025724642137447518
1143	5	-0.02761795293812952
1143	6	0.06420663171850549
1143	7	0.2555636777648118
1143	8	-0.08919046221677718
1143	9	0.17185441776852883
1143	10-14	0.1455497238758383
1143	15-19	0.04106903258163186
1143	20-24	0.03304168132038399
1143	25-29	0.057327274478709
1143	30-34	0.13840277483564023
1143	35-39	0.10246717521493309
1143	40-44	0.07172382764353813
1143	45-49	0.0804257884438897
1143	50-54	0.08947193236907225
1143	55-59	0.12630818593311943
1143	60-64	0.11043478567866316
1143	65-69	0.07697913430712333
1143	70-74	0.120127758432929
1143	75-79	0.1702400988229229
1143	80-84	0.08824130100482108
1143	85-89	0.15642395220435645
1143	90-94	0.09280452382117943
1143	95-99	0.07243862138077617
1143	100-104	0.14685048587072203
1143	105-109	0.1305557024901418
1143	110-114	0.11919112740896054
1143	115-119	0.1201315237351892
1143	120-124	0.08946153382184718
1143	125-129	0.1127559118203223
1143	130-134	0.15190980302951118
1143	135-139	0.11785621264917268
1143	140-144	0.09430421843640602
1143	145-149	0.13454972152171507
1143	150-151	0.08000318506564241
1144	1	-0.04828439815459262
1144	2	-0.05980836634333997
1144	3	0.003414063155062763
1144	4	0.06672655907035363
1144	5	0.16842038572001883
1144	6	-0.18083362387255164
1144	7	0.04220648926641246
1144	8	0.09723765279920116
1144	9	0.0702671973212432
1144	10-14	0.0823471679652954
1144	15-19	0.029562323316454808
1144	20-24	0.11478481231080195
1144	25-29	0.052312577993085085
1144	30-34	0.09176456397301536
1144	35-39	0.033518932403431734
1144	40-44	0.07336983403331487
1144	45-49	0.06772598013718323
1144	50-54	0.08223768316779001
1144	55-59	0.05605949583727465
1144	60-64	0.06576462593425703
1144	65-69	0.10649581162341804
1144	70-74	-0.012722337413713092
1144	75-79	0.05234514674625501
1144	80-84	0.05899043838501683
1144	85-89	0.027393409073368957
1144	90-94	0.08465525864545498
1144	95-99	0.04964910061400474
1144	100-104	0.0971237127077842
1144	105-109	0.11094368971058799
1144	110-114	0.12710422645049135
1144	115-119	0.05139184322400325
1144	120-124	0.11598472871002485
1144	125-129	0.08813840383310634
1144	130-134	0.05314635255027156
1144	135-139	0.11057697942233347
1144	140-144	0.12095009703065074
1144	145-149	0.1592479962820974
1144	150-151	0.26530414353209864
1145	1	0.20527493076651382
1145	2	0.025737431286650292
1145	3	-0.04742478546616269
1145	4	0.006120190627115107
1145	5	0.15820080699827344
1145	6	0.05215448545459367
1145	7	0.15978243770121736
1145	8	0.06790969676573866
1145	9	0.0885882810435632
1145	10-14	0.0726416157677292
1145	15-19	9.850898153302978E-4
1145	20-24	-0.0313704013505145
1145	25-29	0.010973061442143717
1145	30-34	0.06593523906456511
1145	35-39	0.03403092720221679
1145	40-44	0.015001411109359708
1145	45-49	-0.03944753429060199
1145	50-54	-0.0455273681078765
1145	55-59	0.06286983935123658
1145	60-64	0.05534085881062367
1145	65-69	-0.009014887950428374
1145	70-74	0.007796057320049954
1145	75-79	-0.006880664293127836
1145	80-84	0.051287151561261624
1145	85-89	0.0675646835239121
1145	90-94	0.08198455561768014
1145	95-99	0.0939569679626544
1145	100-104	0.08847872116484723
1145	105-109	0.164405495812872
1145	110-114	0.05403119100196818
1145	115-119	0.11103111038065805
1145	120-124	0.06977008708098964
1145	125-129	0.12604328860887648
1145	130-134	0.12694369810104433
1145	135-139	0.10668419357126879
1145	140-144	0.16222358250635693
1145	145-149	0.09233108877131002
1145	150-151	0.17061304198139027
1146	1	0.12092449144650175
1146	2	0.1317797634953095
1146	3	0.12894612721306942
1146	4	0.08790896815625615
1146	5	0.06542279941296414
1146	6	-0.0049745595040704416
1146	7	0.023117282780489745
1146	8	0.13518571333181484
1146	9	0.035934668552222604
1146	10-14	0.0791823257567188
1146	15-19	0.06043956549699203
1146	20-24	0.0054955998156813735
1146	25-29	0.08364451585801902
1146	30-34	0.05009280618359924
1146	35-39	0.04243457333405587
1146	40-44	-0.025148899629193977
1146	45-49	-6.886943147179636E-4
1146	50-54	0.03857487907753665
1146	55-59	-0.03244391438036587
1146	60-64	0.02465773238712643
1146	65-69	0.005202833366681148
1146	70-74	-0.010176442194030244
1146	75-79	0.0024828574436170925
1146	80-84	-0.00963255479454972
1146	85-89	0.02531022179682907
1146	90-94	0.02584728244186607
1146	95-99	0.04507009473501
1146	100-104	0.04798452975787626
1146	105-109	0.06910968368136139
1146	110-114	0.04081620577886724
1146	115-119	0.05210092812389888
1146	120-124	0.025269935075762362
1146	125-129	0.051412212760759246
1146	130-134	0.09213400365646862
1146	135-139	0.08644806217895962
1146	140-144	0.052367165144872274
1146	145-149	0.0915944864119922
1146	150-151	0.19282324776157367
1147	1	0.07269132018932822
1147	2	0.03543876319002237
1147	3	0.009285270964447534
1147	4	0.12918750832905346
1147	5	0.14131316345142153
1147	6	0.23195199988952453
1147	7	-0.05346308391372645
1147	8	0.2854350326367481
1147	9	-0.03932277938111639
1147	10-14	0.1398946169874833
1147	15-19	0.11229500249453395
1147	20-24	0.05269773832750957
1147	25-29	0.1019752554763258
1147	30-34	0.1349651184619134
1147	35-39	0.14245070648967584
1147	40-44	0.13221092186364558
1147	45-49	0.18830303309947283
1147	50-54	0.17508371384175803
1147	55-59	0.147777829638585
1147	60-64	0.14089736683465048
1147	65-69	0.1914737661360988
1147	70-74	0.13158137680188986
1147	75-79	0.16895021758777062
1147	80-84	0.14774761929461278
1147	85-89	0.1627180456327011
1147	90-94	0.20624971780375745
1147	95-99	0.17547811465076535
1147	100-104	0.156132766155757
1147	105-109	0.2100469455621976
1147	110-114	0.16162723192202577
1147	115-119	0.254570541945796
1147	120-124	0.22805675155739635
1147	125-129	0.2752758801496924
1147	130-134	0.302236833908367
1147	135-139	0.3493380812160751
1147	140-144	0.2887968233453577
1147	145-149	0.31807668905931763
1147	150-151	0.49249661341085726
1148	1	0.14666114409100572
1148	2	0.07847966242810855
1148	3	0.10298433697767706
1148	4	0.14023143370653202
1148	5	0.01478641864656538
1148	6	0.15378414928290596
1148	7	-0.011734995146973404
1148	8	0.10895473684645651
1148	9	0.028683769837222428
1148	10-14	0.014317249246644792
1148	15-19	0.0013350747361897675
1148	20-24	0.01766869146871386
1148	25-29	0.012896985641866365
1148	30-34	0.00892492940237588
1148	35-39	0.07060956397371854
1148	40-44	0.0025141477059875683
1148	45-49	-0.029841565186082164
1148	50-54	-0.008098590659812999
1148	55-59	0.025413509898776
1148	60-64	-0.007651959052012103
1148	65-69	0.015465192074501033
1148	70-74	0.0869591713915483
1148	75-79	-0.005926521005335417
1148	80-84	0.07009747586821646
1148	85-89	0.0062547718764847104
1148	90-94	0.10424508588207004
1148	95-99	0.07411431224728915
1148	100-104	0.07581398313848098
1148	105-109	-0.027906998524692028
1148	110-114	0.0020651320928024575
1148	115-119	0.08393929891083474
1148	120-124	0.024753586905369218
1148	125-129	0.05832393680080372
1148	130-134	0.022789178517406583
1148	135-139	0.09220375363278066
1148	140-144	0.15198565481423287
1148	145-149	0.13868299240383664
1148	150-151	0.23687313042083957
1149	1	-0.04663542361063833
1149	2	0.06590834686831215
1149	3	-0.13757074667242364
1149	4	-0.10329880396798075
1149	5	-0.012574679924753696
1149	6	0.09308216279639225
1149	7	0.24077721041626887
1149	8	-0.06182303499412001
1149	9	0.036948359546656206
1149	10-14	0.0010487010591617718
1149	15-19	0.013006719442373083
1149	20-24	0.06624010775625777
1149	25-29	-0.05496477902247676
1149	30-34	-0.04437135577018836
1149	35-39	-0.011139119041551737
1149	40-44	-0.03540567668376582
1149	45-49	-0.009701418479792778
1149	50-54	0.038093930795504605
1149	55-59	0.0420522614641996
1149	60-64	-0.07495775562739482
1149	65-69	-0.01709935507132343
1149	70-74	-0.019327284840088055
1149	75-79	0.004034717233629692
1149	80-84	0.05163088401033633
1149	85-89	0.048292150473429274
1149	90-94	0.012922352302688012
1149	95-99	0.04978634758062128
1149	100-104	0.005144616476542296
1149	105-109	0.09513515174270282
1149	110-114	0.07861331466309451
1149	115-119	0.14778546551331573
1149	120-124	0.06481473602482879
1149	125-129	0.055775770199559815
1149	130-134	0.12111175424901433
1149	135-139	0.10708296323925737
1149	140-144	0.07973830183530595
1149	145-149	0.09071299453508885
1149	150-151	0.27745904659200704
1150	1	0.24495317212542744
1150	2	3.127083829355115E-4
1150	3	0.06843028837210596
1150	4	-0.07944584451875158
1150	5	0.06443856197552833
1150	6	0.12897523454424942
1150	7	0.044042170700450356
1150	8	0.08419729288526412
1150	9	-0.027711045339792406
1150	10-14	0.07399933141116577
1150	15-19	0.011495406207998826
1150	20-24	0.06452425588867783
1150	25-29	0.045285830208690925
1150	30-34	0.10081056133483912
1150	35-39	0.024069686988873684
1150	40-44	0.038701535649813934
1150	45-49	0.021083622038872818
1150	50-54	0.07919927930784354
1150	55-59	0.10792802894724929
1150	60-64	0.09919108081210481
1150	65-69	0.04013342002141229
1150	70-74	0.025355513534968566
1150	75-79	0.054342328022293884
1150	80-84	0.04658905610686759
1150	85-89	0.102299242628213
1150	90-94	0.06577582680390748
1150	95-99	0.02723472813116956
1150	100-104	0.06404433202457227
1150	105-109	0.05626144817302503
1150	110-114	0.035428490046321315
1150	115-119	0.02786703393926615
1150	120-124	0.05750272691446412
1150	125-129	0.05980972657700079
1150	130-134	0.0710447480844536
1150	135-139	0.12180974483127471
1150	140-144	0.07760694999057449
1150	145-149	0.12879374036000968
1150	150-151	0.2291096214863657
1151	1	0.15645554205682544
1151	2	-0.06422059937499114
1151	3	0.24666730170328321
1151	4	0.21382496368085668
1151	5	0.2068515004380771
1151	6	0.21563042593071913
1151	7	0.08946207004777307
1151	8	0.27718895900508755
1151	9	0.16989428915116633
1151	10-14	0.17624811615879565
1151	15-19	0.09703301971988765
1151	20-24	0.12900052376411963
1151	25-29	0.10719479859446324
1151	30-34	0.1171593021668258
1151	35-39	0.06884145174226575
1151	40-44	0.07318492089112993
1151	45-49	0.1258441807268511
1151	50-54	0.07915990664560013
1151	55-59	0.06509763930932877
1151	60-64	0.04659324227030481
1151	65-69	0.027731031413239293
1151	70-74	0.11995489669659776
1151	75-79	0.08954350718305903
1151	80-84	0.15405017560289735
1151	85-89	0.05661584931046093
1151	90-94	0.1714288325028548
1151	95-99	0.09880312298849248
1151	100-104	0.17416058233374798
1151	105-109	0.17819454493386644
1151	110-114	0.1557493267658785
1151	115-119	0.11738734367087034
1151	120-124	0.09812622835560347
1151	125-129	0.16714768030907123
1151	130-134	0.16586118566616648
1151	135-139	0.1604131258324486
1151	140-144	0.20677855927242916
1151	145-149	0.20595911058924088
1151	150-151	0.32277617541934234
1152	1	0.1804856199731475
1152	2	-0.12527352804073644
1152	3	-0.07481562827282318
1152	4	0.09417856063274854
1152	5	0.06542279941296414
1152	6	0.14236086369342615
1152	7	-0.1210833441787571
1152	8	-0.07798043086881279
1152	9	-0.08632238473931153
1152	10-14	0.06915097779433665
1152	15-19	0.04915429903930857
1152	20-24	0.04185923617932019
1152	25-29	0.057939186704416556
1152	30-34	0.07203637985131195
1152	35-39	0.08757563916477551
1152	40-44	0.04318965836453259
1152	45-49	0.09398215208026528
1152	50-54	0.08120810791766075
1152	55-59	0.0841705056823372
1152	60-64	0.05475177627427996
1152	65-69	0.10990502772405364
1152	70-74	0.1271276330410771
1152	75-79	0.14793740289816526
1152	80-84	0.1746934640142328
1152	85-89	0.1544638268125098
1152	90-94	0.07224226676787993
1152	95-99	0.17735849598892628
1152	100-104	0.14579017239109504
1152	105-109	0.15124134512336695
1152	110-114	0.15554974809862188
1152	115-119	0.18815108486371201
1152	120-124	0.1193138222230985
1152	125-129	0.18056581777643999
1152	130-134	0.17802742058436394
1152	135-139	0.2268869336523096
1152	140-144	0.19656779210411912
1152	145-149	0.2959832011455319
1152	150-151	0.24768218193084834
1153	1	0.047778423753641164
1153	2	-0.0017549104094172208
1153	3	0.019785665601375513
1153	4	0.054057608305818405
1153	5	0.17940014304927843
1153	6	-0.020214454040740293
1153	7	0.2061587997160359
1153	8	0.11126901850706616
1153	9	0.13450933515640884
1153	10-14	0.13952234386010076
1153	15-19	0.0816141151937444
1153	20-24	0.035398250950599675
1153	25-29	0.0013688165715493028
1153	30-34	0.05948387633051766
1153	35-39	0.10971060558472345
1153	40-44	0.15782799758846267
1153	45-49	0.1350664808121067
1153	50-54	0.21527725101579875
1153	55-59	0.17549049907238157
1153	60-64	0.15792973453783077
1153	65-69	0.08297932313482193
1153	70-74	0.13739970178461647
1153	75-79	0.11355478017618736
1153	80-84	0.1170911515162345
1153	85-89	0.16221819295966355
1153	90-94	0.13943690777082196
1153	95-99	0.09321671736818615
1153	100-104	0.15589205943484785
1153	105-109	0.1914372760542662
1153	110-114	0.14155587957261417
1153	115-119	0.13079097298773945
1153	120-124	0.14538121910901936
1153	125-129	0.20872620292969657
1153	130-134	0.199789960385921
1153	135-139	0.2644393755130565
1153	140-144	0.21002941119801477
1153	145-149	0.2323337655815081
1153	150-151	0.19878084045510747
1154	1	0.2264709180025264
1154	2	-0.05788535276062845
1154	3	-0.09010925750175147
1154	4	0.04899125593602349
1154	5	0.06113700344569395
1154	6	0.044105759394952315
1154	7	0.06271863414863788
1154	8	0.2849126305667298
1154	9	-0.08153939666446064
1154	10-14	0.09922712276561185
1154	15-19	0.06483176057528794
1154	20-24	0.050871340321180014
1154	25-29	0.0740352839949665
1154	30-34	0.061360173725404366
1154	35-39	0.04031206022683165
1154	40-44	0.0542253343842205
1154	45-49	0.07610312389195428
1154	50-54	0.08692233680999095
1154	55-59	0.06212699640101249
1154	60-64	0.07744611002442525
1154	65-69	0.1141336465989653
1154	70-74	0.10109067675172412
1154	75-79	0.1423062050877988
1154	80-84	0.10646379109205384
1154	85-89	0.09860926544781279
1154	90-94	0.07748664911856196
1154	95-99	0.14688061979473588
1154	100-104	0.1566692328968955
1154	105-109	0.0951486287391532
1154	110-114	0.15383791567224847
1154	115-119	0.14158954118165923
1154	120-124	0.0801345869542871
1154	125-129	0.15279067787900402
1154	130-134	0.12329353023014278
1154	135-139	0.13869300884267233
1154	140-144	0.18588512248081912
1154	145-149	0.217081299634323
1154	150-151	0.2631771739633493
1155	1	0.2365298989700122
1155	2	0.03566887007838204
1155	3	0.027535468905860228
1155	4	-0.12582535786255278
1155	5	0.17050704706186792
1155	6	-0.05911836828149575
1155	7	0.15021367776481043
1155	8	0.1429345377832263
1155	9	0.1251294177685267
1155	10-14	0.16762472387583927
1155	15-19	0.05974403258163363
1155	20-24	0.0792416813203829
1155	25-29	0.10500227447870714
1155	30-34	0.11663277483563661
1155	35-39	0.11086717521493483
1155	40-44	0.07087382764353833
1155	45-49	0.124720788443895
1155	50-54	0.14895693236907448
1155	55-59	0.0912531859331267
1155	60-64	0.12503978567866625
1155	65-69	0.09066913430712731
1155	70-74	0.01909275843293301
1155	75-79	0.10987509882293267
1155	80-84	0.17407630100482407
1155	85-89	0.15830395220435634
1155	90-94	0.16136452382117028
1155	95-99	0.12744862138077195
1155	100-104	0.1285154858707216
1155	105-109	0.1753107024901439
1155	110-114	0.16529112740895613
1155	115-119	0.11721652373518765
1155	120-124	0.17298153382184722
1155	125-129	0.14719591182033298
1155	130-134	0.1259898030295048
1155	135-139	0.192931212649178
1155	140-144	0.27899921843641096
1155	145-149	0.2119197215217099
1155	150-151	0.379965685065649
1156	1	0.17861745747234892
1156	2	0.11498341766029085
1156	3	0.07223125673737485
1156	4	-0.02938425021824287
1156	5	0.280525572802901
1156	6	0.14794578928480462
1156	7	0.22906508182097696
1156	8	0.17487194027932418
1156	9	0.010391703259948315
1156	10-14	0.1389400514889445
1156	15-19	0.11337605286244923
1156	20-24	0.12655057367607725
1156	25-29	0.11438312471271672
1156	30-34	0.10294517733173336
1156	35-39	0.11091397708700157
1156	40-44	0.09806766539704626
1156	45-49	0.12410553883390918
1156	50-54	0.13899105873412054
1156	55-59	0.15562038562110558
1156	60-64	0.14067453606867986
1156	65-69	0.14256266004814933
1156	70-74	0.11790223581202497
1156	75-79	0.15115142487596955
1156	80-84	0.1815694757318127
1156	85-89	0.10530083207955698
1156	90-94	0.21445344737811922
1156	95-99	0.17874152309683922
1156	100-104	0.15611201473187464
1156	105-109	0.17917673213133156
1156	110-114	0.20414838169913452
1156	115-119	0.20734425384438993
1156	120-124	0.22371476315100836
1156	125-129	0.2129603423975439
1156	130-134	0.2217776345427609
1156	135-139	0.25060379455244686
1156	140-144	0.2741561997156623
1156	145-149	0.30518610217693976
1156	150-151	0.31241254544006125
1157	1	0.13309916520898213
1157	2	0.16258095909201842
1157	3	0.04561886906624579
1157	4	0.1925236798279073
1157	5	0.06688084417493911
1157	6	0.03388233340254487
1157	7	0.023554696209082238
1157	8	-0.08126103158325293
1157	9	0.026530279837494675
1157	10-14	0.1188411432824168
1157	15-19	0.0766821841453833
1157	20-24	0.02637480080716159
1157	25-29	0.09022029773452545
1157	30-34	0.045689511002436234
1157	35-39	0.09307246791741619
1157	40-44	0.09731227992902092
1157	45-49	0.0876833987085277
1157	50-54	0.03797708072512762
1157	55-59	-0.004945190169522107
1157	60-64	0.05870307757923143
1157	65-69	0.06299972773134499
1157	70-74	0.08764378088682179
1157	75-79	0.03872985022629649
1157	80-84	0.04857259210346143
1157	85-89	0.02003209975848108
1157	90-94	0.095454339378513
1157	95-99	0.10515611937596958
1157	100-104	0.09182793575043746
1157	105-109	0.09722078669222611
1157	110-114	0.16533322845146614
1157	115-119	0.09502576591641798
1157	120-124	0.15344665010091063
1157	125-129	0.12416864638327496
1157	130-134	0.15373639484987223
1157	135-139	0.08359029444548582
1157	140-144	0.10357369718540355
1157	145-149	0.08612681855458959
1157	150-151	0.17383221473685495
1158	1	0.05787256458515344
1158	2	-0.1473654359153045
1158	3	0.06554808720238725
1158	4	0.011536629519149244
1158	5	0.06146722056344345
1158	6	0.23052082730210088
1158	7	-0.11045272602067513
1158	8	0.14477799204189523
1158	9	0.11453202029218801
1158	10-14	0.038162973087196406
1158	15-19	0.0315598843166498
1158	20-24	0.023800040941836187
1158	25-29	0.07711781075630597
1158	30-34	0.016699809535950294
1158	35-39	0.06515739603512571
1158	40-44	0.027044963290229873
1158	45-49	0.05337417961108315
1158	50-54	0.06808745287379736
1158	55-59	0.04968181369338254
1158	60-64	0.03713560586794529
1158	65-69	0.07113837720932992
1158	70-74	0.07142517168214368
1158	75-79	0.01658054046330193
1158	80-84	0.01757984990072714
1158	85-89	0.020527926967766064
1158	90-94	0.04562319890003863
1158	95-99	0.04216076649118605
1158	100-104	0.04880531236915431
1158	105-109	0.07236314728509541
1158	110-114	0.07216021258246741
1158	115-119	0.07331865307272523
1158	120-124	0.12200361584077513
1158	125-129	0.08137572254587866
1158	130-134	0.09318223205158205
1158	135-139	0.16862719056715036
1158	140-144	0.17083872947741696
1158	145-149	0.14456562057534228
1158	150-151	0.15726753837794405
1159	1	0.11229083277615359
1159	2	0.17022610018082673
1159	3	0.10070331760562112
1159	4	0.06565907870167109
1159	5	0.222720896549653
1159	6	0.13630371603686342
1159	7	0.00680843741808701
1159	8	0.22710268199126205
1159	9	0.05185567860382889
1159	10-14	0.017786760912876787
1159	15-19	-0.061421747560217455
1159	20-24	-0.02065981592153321
1159	25-29	-0.012053970596156205
1159	30-34	-0.07429610617303695
1159	35-39	-0.09396340004116865
1159	40-44	-0.08857751199397512
1159	45-49	-0.02757383330551022
1159	50-54	-0.06328154280824094
1159	55-59	-0.08168071871621407
1159	60-64	-0.06080783055458738
1159	65-69	-0.06465099965662091
1159	70-74	-0.06436321083420893
1159	75-79	-0.018918734904417533
1159	80-84	-0.03556465644197715
1159	85-89	-0.08115625268138871
1159	90-94	0.004445690093831445
1159	95-99	-0.006567336066034102
1159	100-104	-0.004331736351495863
1159	105-109	-0.009133249440509417
1159	110-114	0.029765122680835532
1159	115-119	0.0687605544680494
1159	120-124	-0.01686874198587418
1159	125-129	0.045931136406608175
1159	130-134	0.011096186008231257
1159	135-139	0.09533517246004664
1159	140-144	0.016231783448226622
1159	145-149	0.11040573413006172
1159	150-151	0.12647253100733025
1160	1	0.17384984766771794
1160	2	0.04440752437988493
1160	3	-0.013861531883406997
1160	4	0.09308249533397372
1160	5	0.07359751667512882
1160	6	0.04390797347067377
1160	7	0.21408996032203476
1160	8	0.12546462854881213
1160	9	0.27517628043624853
1160	10-14	0.15454609325231417
1160	15-19	0.11774275002441215
1160	20-24	0.1169488636408289
1160	25-29	0.14685655624666794
1160	30-34	0.17666335889245488
1160	35-39	0.14749700946908462
1160	40-44	0.1693692893641341
1160	45-49	0.12813584369251174
1160	50-54	0.1794586095592834
1160	55-59	0.17304333983997822
1160	60-64	0.12134256784126052
1160	65-69	0.20398503801667545
1160	70-74	0.15691487761209544
1160	75-79	0.17589275864929022
1160	80-84	0.17183429232289882
1160	85-89	0.174148466805768
1160	90-94	0.18852316628368726
1160	95-99	0.21345986842103315
1160	100-104	0.19736957032218072
1160	105-109	0.13504580509471964
1160	110-114	0.1884975204634216
1160	115-119	0.21553193415349625
1160	120-124	0.22826172324567295
1160	125-129	0.25704989761354113
1160	130-134	0.28400085275326603
1160	135-139	0.21551556545107076
1160	140-144	0.2524458443243347
1160	145-149	0.19835322586267523
1160	150-151	0.3617496728320262
1161	1	0.24414007837718543
1161	2	-0.07066400823674712
1161	3	0.14399412725219207
1161	4	0.19682479814368747
1161	5	0.2680450735829325
1161	6	0.1323451652598422
1161	7	0.15106196169617192
1161	8	0.037586448859663335
1161	9	0.1195960714346711
1161	10-14	0.12833162715197233
1161	15-19	0.08030272992952803
1161	20-24	0.022338405189344712
1161	25-29	0.12436752408869722
1161	30-34	0.12915422569366797
1161	35-39	0.11528215181400014
1161	40-44	0.08714722857957469
1161	45-49	0.15093861215684967
1161	50-54	0.09718138634723061
1161	55-59	0.09196983959927252
1161	60-64	0.06204739098287604
1161	65-69	0.055199165508369674
1161	70-74	0.10230161178706254
1161	75-79	0.05505158088221407
1161	80-84	0.1154228298659774
1161	85-89	0.10218070727455597
1161	90-94	0.06843160650448255
1161	95-99	0.07515337957110546
1161	100-104	0.10369391800801253
1161	105-109	0.0855729879815641
1161	110-114	0.15609845970224967
1161	115-119	0.11748465946062225
1161	120-124	0.14071944333823438
1161	125-129	0.1636623704786686
1161	130-134	0.18620821176585167
1161	135-139	0.2518518444744373
1161	140-144	0.17992843060488894
1161	145-149	0.20908625818317716
1161	150-151	0.3576543551124516
1162	1	0.3197022175819981
1162	2	0.18071027386387328
1162	3	0.08447553199734159
1162	4	0.1661107620112645
1162	5	0.16872274106817997
1162	6	0.2652211427595148
1162	7	0.359578819720646
1162	8	0.21733319708921783
1162	9	0.19655094773698067
1162	10-14	0.2974689667780481
1162	15-19	0.19938322816523169
1162	20-24	0.14809026176202167
1162	25-29	0.1976225426175091
1162	30-34	0.2053433426589777
1162	35-39	0.23676622884269705
1162	40-44	0.20054654057729238
1162	45-49	0.18208080421676698
1162	50-54	0.18606852542900754
1162	55-59	0.19353039413501705
1162	60-64	0.20874443867551662
1162	65-69	0.2099396390389785
1162	70-74	0.18814441458434317
1162	75-79	0.24497170765573628
1162	80-84	0.20306880889125978
1162	85-89	0.15238912570593754
1162	90-94	0.12511846703884544
1162	95-99	0.14626171286342782
1162	100-104	0.23177061205369398
1162	105-109	0.2912905920800526
1162	110-114	0.19392677409665993
1162	115-119	0.20328710733140554
1162	120-124	0.25891213319092543
1162	125-129	0.17348928721464318
1162	130-134	0.2843494244806166
1162	135-139	0.24433696974696062
1162	140-144	0.3342456695405076
1162	145-149	0.2675940117425384
1162	150-151	0.38281958885113454
1163	1	0.026027447989619645
1163	2	-0.10880416913730073
1163	3	0.1191040963568426
1163	4	-0.04119300492137512
1163	5	0.06493106666971471
1163	6	0.20469290622830982
1163	7	0.21710093266677433
1163	8	-9.242300109235657E-5
1163	9	0.26139167267048435
1163	10-14	0.008514429758193387
1163	15-19	0.026261189444376498
1163	20-24	0.036555406810578006
1163	25-29	0.027460607812038518
1163	30-34	0.016451402286612904
1163	35-39	-0.023211256157615878
1163	40-44	0.08361402372197091
1163	45-49	0.031522259032129796
1163	50-54	0.017459383349461177
1163	55-59	0.0022360290703744568
1163	60-64	0.07569909940415442
1163	65-69	0.06814462450320491
1163	70-74	0.09102658196233904
1163	75-79	0.12878441254841277
1163	80-84	0.045750320612668816
1163	85-89	0.07569610906710267
1163	90-94	0.0881488375466617
1163	95-99	0.06313979785136326
1163	100-104	0.1316159760668043
1163	105-109	0.12574942798033817
1163	110-114	0.08235975485994373
1163	115-119	0.13003270020577418
1163	120-124	0.14270702401792335
1163	125-129	0.13435277456541428
1163	130-134	0.10983294028441293
1163	135-139	0.1072522910805489
1163	140-144	0.1352516694168031
1163	145-149	0.08727756465896164
1163	150-151	0.21879534192839145
1164	1	0.09613638045149031
1164	2	0.09080004291789123
1164	3	0.026300901004624677
1164	4	-0.01695190107242439
1164	5	0.007196861876686
1164	6	0.12888317492837587
1164	7	0.05816120862900931
1164	8	-0.261733672093321
1164	9	0.15850133134877353
1164	10-14	0.06716947696226327
1164	15-19	-0.02139022667762447
1164	20-24	-0.0013138742351728183
1164	25-29	-0.03063815762005362
1164	30-34	-0.01822833627548448
1164	35-39	-0.0362933186122234
1164	40-44	-0.021950246430535003
1164	45-49	-0.01533322390177716
1164	50-54	-0.07188411701364572
1164	55-59	-0.035791567153296455
1164	60-64	0.0024703412342290676
1164	65-69	-0.02397592742126875
1164	70-74	-0.026748290949782927
1164	75-79	-0.05422212339929189
1164	80-84	-0.00860116813097278
1164	85-89	-0.010523208289477282
1164	90-94	-0.013573747783766521
1164	95-99	-0.05120878602663481
1164	100-104	-0.0061835882033491885
1164	105-109	-0.04409516170738925
1164	110-114	-0.014863193578690925
1164	115-119	-0.007822056511727737
1164	120-124	-0.031709824202842185
1164	125-129	0.01886257848698847
1164	130-134	0.05623671660974594
1164	135-139	0.061673496599787825
1164	140-144	0.08079705794257563
1164	145-149	-0.017293241441258544
1164	150-151	0.01976120975700013
1165	1	0.18771067273277708
1165	2	0.021619871649477318
1165	3	0.0773783597149702
1165	4	0.039350408044754204
1165	5	0.19277482003909086
1165	6	0.2668071030460766
1165	7	0.1032331200271841
1165	8	0.1686194356622508
1165	9	0.025230065843942384
1165	10-14	0.09622497917827388
1165	15-19	0.08217382441195298
1165	20-24	0.04728959962360335
1165	25-29	0.06690967824933125
1165	30-34	0.14194011969030385
1165	35-39	0.11792923334533612
1165	40-44	0.0584474725767663
1165	45-49	0.16082497147610297
1165	50-54	0.19633860950968085
1165	55-59	0.10066746323084175
1165	60-64	0.13843088937073134
1165	65-69	0.1365086865459233
1165	70-74	0.12611701216427207
1165	75-79	0.18653898334766694
1165	80-84	0.16808896793333616
1165	85-89	0.1679072514973683
1165	90-94	0.1495734790450598
1165	95-99	0.1650360133682014
1165	100-104	0.09691640888722475
1165	105-109	0.21101622095047645
1165	110-114	0.14050518868155137
1165	115-119	0.241644548087109
1165	120-124	0.19463118032616933
1165	125-129	0.2007033745068938
1165	130-134	0.2383228745141892
1165	135-139	0.2715039738432026
1165	140-144	0.2637051296697095
1165	145-149	0.26338378279429975
1165	150-151	0.33841889598473784
1166	1	0.12405928768474439
1166	2	0.03773587634798048
1166	3	0.1634288858337598
1166	4	0.061263200131179474
1166	5	0.09363596555716924
1166	6	0.20819158469655719
1166	7	0.19239627964569195
1166	8	0.05054621489921374
1166	9	0.2052136654174319
1166	10-14	0.19516978657176765
1166	15-19	0.08551793540294739
1166	20-24	0.06004105436113605
1166	25-29	0.1388169296511208
1166	30-34	0.12971663063500927
1166	35-39	0.13271670499549515
1166	40-44	0.08488244833319669
1166	45-49	0.13536146242508806
1166	50-54	0.12070654051954222
1166	55-59	0.09545577214001355
1166	60-64	0.10929723081973464
1166	65-69	0.1638235230218612
1166	70-74	0.168506943385907
1166	75-79	0.11470856277277619
1166	80-84	0.17845521950012255
1166	85-89	0.1325202531447971
1166	90-94	0.12083160846067642
1166	95-99	0.13786006338704482
1166	100-104	0.19720083069831418
1166	105-109	0.17757363352462363
1166	110-114	0.19567513994815044
1166	115-119	0.17122318517719748
1166	120-124	0.1625740103108697
1166	125-129	0.10783854504916945
1166	130-134	0.12034716980066662
1166	135-139	0.21622862644228036
1166	140-144	0.22415399900067
1166	145-149	0.24833429832422382
1166	150-151	0.23827779321612041
1167	1	0.09176618547355986
1167	2	0.16595448570585347
1167	3	0.08716451389401669
1167	4	0.14990964608377766
1167	5	0.054655133091863206
1167	6	-0.022390369070762972
1167	7	-0.07951698521861061
1167	8	0.09073692531281807
1167	9	0.07312418888139405
1167	10-14	0.13118382016629226
1167	15-19	0.069755378280135
1167	20-24	0.11947451478526006
1167	25-29	0.10455189957737332
1167	30-34	0.13309587665094114
1167	35-39	0.12287191081082938
1167	40-44	0.12517039433650723
1167	45-49	0.1590750702118484
1167	50-54	0.14536231910940245
1167	55-59	0.21724223486761218
1167	60-64	0.1895351487410153
1167	65-69	0.13010974204193104
1167	70-74	0.19037975527586326
1167	75-79	0.20872622352694492
1167	80-84	0.2823315298919553
1167	85-89	0.1779369435224183
1167	90-94	0.18284045120870474
1167	95-99	0.21219704284881402
1167	100-104	0.1594848031556495
1167	105-109	0.21460381614443946
1167	110-114	0.17965774145790192
1167	115-119	0.20606074236185634
1167	120-124	0.22447324652902267
1167	125-129	0.20653687472482574
1167	130-134	0.17792350468696583
1167	135-139	0.30643900665075563
1167	140-144	0.27265105347981233
1167	145-149	0.21224430715707143
1167	150-151	0.36806380069311473
1168	1	0.03554097491937824
1168	2	0.12154703463534844
1168	3	0.16487724105775925
1168	4	-0.11087282621698336
1168	5	0.021495971112500456
1168	6	0.08039903678179172
1168	7	0.17181177903063372
1168	8	0.14329055044144923
1168	9	0.1415455570090316
1168	10-14	0.0649269390657139
1168	15-19	-0.009599321848753561
1168	20-24	0.06753282056089205
1168	25-29	0.04534246435212452
1168	30-34	0.07705999002550357
1168	35-39	0.11744945369594717
1168	40-44	0.0888326884030306
1168	45-49	0.11895338338059958
1168	50-54	0.06652813490071452
1168	55-59	0.1512610973255235
1168	60-64	0.11337048188120491
1168	65-69	0.12657103304130146
1168	70-74	0.08824623944558851
1168	75-79	0.10154440262039799
1168	80-84	0.12023927568836967
1168	85-89	0.1301393952423311
1168	90-94	0.13187085293510137
1168	95-99	0.13784419100102951
1168	100-104	0.0792828909340173
1168	105-109	0.15913190502178054
1168	110-114	0.18418353247225383
1168	115-119	0.15997759968455227
1168	120-124	0.12272836926488395
1168	125-129	0.10536046878235794
1168	130-134	0.1772556258143112
1168	135-139	0.07498026328208596
1168	140-144	0.15500396527185245
1168	145-149	0.1621254177242406
1168	150-151	0.2682766027871679
1169	1	0.12534192187077053
1169	2	0.054919824276858265
1169	3	0.25616142310433077
1169	4	0.047123115419893224
1169	5	0.1183362455351542
1169	6	0.11633487599331005
1169	7	0.10465070066558013
1169	8	0.1323667896916234
1169	9	0.2576437307456274
1169	10-14	0.1722001055552269
1169	15-19	0.10687666616942693
1169	20-24	0.11172259735091927
1169	25-29	0.1138524653184021
1169	30-34	0.10624155346158659
1169	35-39	0.1036152668179895
1169	40-44	0.07708565970460768
1169	45-49	0.09492594111564756
1169	50-54	0.1309082682469338
1169	55-59	0.1487961248644183
1169	60-64	0.15790715209088546
1169	65-69	0.1483122640781147
1169	70-74	0.1974944759901831
1169	75-79	0.10876345760155459
1169	80-84	0.07888069031780276
1169	85-89	0.10391463922726274
1169	90-94	0.1333492566456016
1169	95-99	0.10116045344184244
1169	100-104	0.13422636373331898
1169	105-109	0.12519142768098135
1169	110-114	0.1763025777906435
1169	115-119	0.19382434816266425
1169	120-124	0.11160748802031861
1169	125-129	0.14341728586612845
1169	130-134	0.13606613890736696
1169	135-139	0.11494934242016086
1169	140-144	0.1816471191997593
1169	145-149	0.19780712610187123
1169	150-151	0.3104642537679396
1170	1	-0.09129654973789769
1170	2	0.03369402669545707
1170	3	0.06046420813843412
1170	4	-0.10582242129246566
1170	5	0.02206098206578133
1170	6	0.06759707807715643
1170	7	-0.12044509279117932
1170	8	-0.02105577153549376
1170	9	0.0708151068836429
1170	10-14	-0.0037451860693380468
1170	15-19	0.08955266609768131
1170	20-24	0.04026360771036508
1170	25-29	0.04827606069640922
1170	30-34	0.10748731673069756
1170	35-39	0.12301282909120914
1170	40-44	0.08364301323477008
1170	45-49	0.07302394036245374
1170	50-54	0.08972778201668064
1170	55-59	0.07889756729568376
1170	60-64	0.10462817643825417
1170	65-69	0.0482327599923309
1170	70-74	0.09363416407114045
1170	75-79	0.10253416303592644
1170	80-84	0.07853254611054439
1170	85-89	0.09591162644084505
1170	90-94	0.12213977832391976
1170	95-99	0.058665340253128306
1170	100-104	0.13300403324738852
1170	105-109	0.16854924986680686
1170	110-114	0.15720772881852696
1170	115-119	0.13028181347677048
1170	120-124	0.1849157546519109
1170	125-129	0.16468612325336096
1170	130-134	0.154024258785185
1170	135-139	0.23419638492794803
1170	140-144	0.15817942595403167
1170	145-149	0.19864544587566968
1170	150-151	0.3783248765300158
1171	1	0.1787475630626716
1171	2	0.016062209846722908
1171	3	0.0937516851220721
1171	4	0.19562734484015465
1171	5	0.16110791578773842
1171	6	0.07286763557950593
1171	7	0.13489031869145407
1171	8	0.0989794219531106
1171	9	0.07477951429362406
1171	10-14	0.051946635072752656
1171	15-19	0.07586131057391299
1171	20-24	0.07126870834741794
1171	25-29	0.08816588451732343
1171	30-34	0.08573991769277711
1171	35-39	0.056542850890608065
1171	40-44	0.06289602841574293
1171	45-49	0.10038439848251102
1171	50-54	0.05859255012968845
1171	55-59	0.12807992338485974
1171	60-64	0.10027385903774189
1171	65-69	0.09418747407546846
1171	70-74	0.1000604225255941
1171	75-79	0.13680318762601473
1171	80-84	0.16700825081177584
1171	85-89	0.1477827166831176
1171	90-94	0.18611355857021294
1171	95-99	0.16635306153521867
1171	100-104	0.10391365189389745
1171	105-109	0.18208435113879062
1171	110-114	0.11865985327769124
1171	115-119	0.13372472836839222
1171	120-124	0.19568423652454925
1171	125-129	0.16968625931067294
1171	130-134	0.25525621229591877
1171	135-139	0.2643766759696362
1171	140-144	0.20319564700783843
1171	145-149	0.23041875627074404
1171	150-151	0.39268889935136286
1172	1	0.15664556771029226
1172	2	0.010041926065945006
1172	3	0.15498492458237223
1172	4	0.01640831243293661
1172	5	0.1356168837648255
1172	6	0.18067070636858062
1172	7	0.2802778301753861
1172	8	0.166909071220239
1172	9	0.1801206697125366
1172	10-14	0.06877460723509898
1172	15-19	0.054665300077736845
1172	20-24	0.10377511833438291
1172	25-29	0.12372603031074902
1172	30-34	0.0756977048511942
1172	35-39	0.1066525562413716
1172	40-44	0.08874902204478019
1172	45-49	0.08306740586225203
1172	50-54	0.10484437404869595
1172	55-59	0.04051932123638835
1172	60-64	0.041782592832632304
1172	65-69	0.15752955421380932
1172	70-74	0.10993354381395903
1172	75-79	0.07717583754765656
1172	80-84	0.07953411593484105
1172	85-89	0.10989804240653456
1172	90-94	0.15248427498758588
1172	95-99	0.15083314704173745
1172	100-104	0.18865253874785992
1172	105-109	0.158256853345506
1172	110-114	0.1732576903949692
1172	115-119	0.12423926868075341
1172	120-124	0.17043098949835667
1172	125-129	0.09130944214692249
1172	130-134	0.16362588390042987
1172	135-139	0.2266860726802804
1172	140-144	0.2234578109714036
1172	145-149	0.20842244313913483
1172	150-151	0.24792106998010865
1173	1	0.029072786402544182
1173	2	0.04514506514392025
1173	3	0.16558481354734056
1173	4	-0.12126194228815024
1173	5	-0.11255241708616381
1173	6	0.01519013210400999
1173	7	0.10491202009326628
1173	8	0.0010855593715035639
1173	9	-0.016965320088068836
1173	10-14	0.053378868054707596
1173	15-19	0.024607660183789903
1173	20-24	-0.007169267021936321
1173	25-29	0.009260659212706912
1173	30-34	-0.006693169651640574
1173	35-39	0.05790649672611892
1173	40-44	0.03643377367283307
1173	45-49	0.04368426184404939
1173	50-54	0.05258212512158167
1173	55-59	0.0892557880919469
1173	60-64	0.1034298203741244
1173	65-69	0.09242992844745146
1173	70-74	0.10014663275829605
1173	75-79	0.08812346042662966
1173	80-84	0.12384740740421307
1173	85-89	0.08122222514190014
1173	90-94	0.14849636653513443
1173	95-99	0.07882776555965165
1173	100-104	0.08126750977203301
1173	105-109	0.06685127689260639
1173	110-114	0.07818819757088136
1173	115-119	0.13088026698885358
1173	120-124	0.193367038833415
1173	125-129	0.14583507912949756
1173	130-134	0.06292118313744766
1173	135-139	0.07639931210946571
1173	140-144	0.12389175891443216
1173	145-149	0.10916239692649299
1173	150-151	0.11618267619903122
1174	1	0.10455388886899897
1174	2	0.0713210651055789
1174	3	0.13985093122131786
1174	4	0.006055955268763569
1174	5	0.1919935466733662
1174	6	-0.0147540520421785
1174	7	0.2060071898083251
1174	8	0.05226097523465967
1174	9	0.06543390494801571
1174	10-14	0.09776604089215368
1174	15-19	0.059935854648458076
1174	20-24	0.1133325904112894
1174	25-29	0.034521990873422226
1174	30-34	0.06114229309514485
1174	35-39	0.09269312704089572
1174	40-44	0.10119142671113224
1174	45-49	0.05233491043301797
1174	50-54	0.09400986554700097
1174	55-59	0.11177814708308631
1174	60-64	0.06703910580298356
1174	65-69	0.06584104572903726
1174	70-74	0.05806566053082918
1174	75-79	0.08128681210964572
1174	80-84	0.04511116891470124
1174	85-89	0.07234824124864048
1174	90-94	0.09035442281107464
1174	95-99	0.10145891664107864
1174	100-104	0.14733881531905269
1174	105-109	0.03369988275431979
1174	110-114	0.1462954009132389
1174	115-119	0.11411094875460748
1174	120-124	0.13416257500288964
1174	125-129	0.12783693746135327
1174	130-134	0.09817317521287805
1174	135-139	0.14877960037256344
1174	140-144	0.1256731694853599
1174	145-149	0.14671867257066395
1174	150-151	0.1879602946227621
1175	1	0.2495386199002425
1175	2	0.12900704837295507
1175	3	0.17210911231671133
1175	4	0.2247075878738798
1175	5	0.1590487137285379
1175	6	0.21319267823012922
1175	7	0.228847398695045
1175	8	0.19620488662043556
1175	9	-0.03259829540976966
1175	10-14	0.12431561534871349
1175	15-19	0.11786903258163761
1175	20-24	0.07059827046767708
1175	25-29	0.1392125457965392
1175	30-34	0.13792153452556022
1175	35-39	0.13776640002113538
1175	40-44	0.11080599818617287
1175	45-49	0.10802020704853987
1175	50-54	0.1105993742295368
1175	55-59	0.07993051151451169
1175	60-64	0.08055819653138485
1175	65-69	0.07627959942340112
1175	70-74	0.1224793863399114
1175	75-79	0.13079079649735093
1175	80-84	0.11580595216761935
1175	85-89	0.13121092894854058
1175	90-94	0.121287004441335
1175	95-99	0.08588854386140099
1175	100-104	0.044247075018013504
1175	105-109	0.12258298931184441
1175	110-114	0.13077562353299754
1175	115-119	0.037928733037510654
1175	120-124	0.05918308420944385
1175	125-129	0.12917265600637506
1175	130-134	0.15916809760314976
1175	135-139	0.1929941971452891
1175	140-144	0.19663972231237636
1175	145-149	0.2276077060178281
1175	150-151	0.1915814796392894
1176	1	0.14076857024497258
1176	2	-0.10066465526723789
1176	3	0.04466296506561207
1176	4	0.11995997239858269
1176	5	0.09330370604804727
1176	6	0.054567307601757875
1176	7	0.058018977303980535
1176	8	0.02187559001056627
1176	9	-0.03311270972763225
1176	10-14	0.04864526919074308
1176	15-19	0.0507722583880863
1176	20-24	0.05339682724972761
1176	25-29	0.05637612240496992
1176	30-34	0.045186922301070354
1176	35-39	0.1101452090090973
1176	40-44	0.09260001811972529
1176	45-49	0.06705853805986806
1176	50-54	0.11536342238442643
1176	55-59	0.12973724891314475
1176	60-64	0.10206071501814051
1176	65-69	0.1212394108048187
1176	70-74	0.10558373385534736
1176	75-79	0.1213027101900579
1176	80-84	0.14955153141957567
1176	85-89	0.14643759275735135
1176	90-94	0.10534301844483451
1176	95-99	0.09006958912271301
1176	100-104	0.12080907266028618
1176	105-109	0.13362003428738234
1176	110-114	0.19168513662555853
1176	115-119	0.1465416005401039
1176	120-124	0.1657925937296838
1176	125-129	0.17807916834873794
1176	130-134	0.20494525617850456
1176	135-139	0.22342180404702816
1176	140-144	0.2541941109095234
1176	145-149	0.19413362321142102
1176	150-151	0.33339550457409217
1177	1	-0.024683053300968538
1177	2	0.25735622573658645
1177	3	0.07091499161563775
1177	4	-0.21700607379788295
1177	5	0.1442681132666408
1177	6	-0.1500849772114421
1177	7	0.17048407807273946
1177	8	0.12212285572010018
1177	9	0.02090260868461513
1177	10-14	0.07636173311372119
1177	15-19	-0.003701406217444969
1177	20-24	0.050123128587515
1177	25-29	0.05253835992905209
1177	30-34	0.03603135066319396
1177	35-39	0.06542452702402102
1177	40-44	0.056242380376410495
1177	45-49	0.11094625033765482
1177	50-54	0.07184040042140794
1177	55-59	0.0979722967876242
1177	60-64	0.1201249473414876
1177	65-69	0.1417940380792615
1177	70-74	0.1045435859925874
1177	75-79	0.10364290097843565
1177	80-84	0.1522590377253792
1177	85-89	0.08261111155770351
1177	90-94	0.13686105961794937
1177	95-99	0.10181063061865103
1177	100-104	0.10611219487765311
1177	105-109	0.1595173037218558
1177	110-114	0.08403054234353391
1177	115-119	0.13789829817706334
1177	120-124	0.14178830826372035
1177	125-129	0.15654541143540968
1177	130-134	0.09473499163613042
1177	135-139	0.19877753674462895
1177	140-144	0.1914063585441781
1177	145-149	0.19828711952017386
1177	150-151	0.3809436007700313
1178	1	0.17571754766152736
1178	2	-0.13084332262582166
1178	3	0.09704379563068244
1178	4	0.09181441216124142
1178	5	0.042104489567819314
1178	6	0.2376029838200111
1178	7	0.11664409013594934
1178	8	0.050178292739609276
1178	9	0.14685076987003498
1178	10-14	0.08336669453404966
1178	15-19	0.049605749472988236
1178	20-24	0.10289354492070402
1178	25-29	0.02328191365396748
1178	30-34	0.09371544731779125
1178	35-39	0.11707653286759268
1178	40-44	0.09990336769111963
1178	45-49	0.09513563776983602
1178	50-54	0.07740607987105363
1178	55-59	0.03230939132566846
1178	60-64	0.05524151050023818
1178	65-69	0.06591794477501622
1178	70-74	0.1017250938809866
1178	75-79	0.09853142316868713
1178	80-84	0.13691581329666036
1178	85-89	0.05166239788238869
1178	90-94	0.09429870304401788
1178	95-99	0.10532629782804293
1178	100-104	0.03866764685407276
1178	105-109	0.06977194356865368
1178	110-114	0.04662142082688803
1178	115-119	0.09654592500402259
1178	120-124	0.12010286609781673
1178	125-129	0.1699199403690983
1178	130-134	0.062389485820943946
1178	135-139	0.12600466625742257
1178	140-144	0.10531414706448317
1178	145-149	0.14158566125208694
1178	150-151	0.35040952923694135
1179	1	0.3152893160992747
1179	2	0.16891877095071095
1179	3	0.030429997058121216
1179	4	0.17746072461167728
1179	5	0.11506245943300542
1179	6	0.18367752783269964
1179	7	0.11029991884332446
1179	8	-0.11477016086863756
1179	9	0.09609739952903595
1179	10-14	0.14553957320176636
1179	15-19	0.09464936565062487
1179	20-24	0.11811955602300372
1179	25-29	0.1108314774921908
1179	30-34	0.05628483669130446
1179	35-39	0.1208830356431676
1179	40-44	0.09165594501070728
1179	45-49	0.06468361556523661
1179	50-54	0.12815945021205266
1179	55-59	0.1027296926737975
1179	60-64	0.16689892525043604
1179	65-69	0.17250002249109997
1179	70-74	0.11885435637107378
1179	75-79	0.16577963887050373
1179	80-84	0.12613072209919807
1179	85-89	0.1550723899521742
1179	90-94	0.19612265229064718
1179	95-99	0.17796705912859778
1179	100-104	0.06911966905867217
1179	105-109	0.18079494118958905
1179	110-114	0.2103010401766099
1179	115-119	0.18219223745445845
1179	120-124	0.1524581396902036
1179	125-129	0.17245760888614825
1179	130-134	0.14993904965916727
1179	135-139	0.23004907545647058
1179	140-144	0.20872413913426868
1179	145-149	0.2627593329412221
1179	150-151	0.20607963232972537
1180	1	0.36681515034471346
1180	2	0.3248406100626724
1180	3	0.21877663151386884
1180	4	0.3598531574555963
1180	5	0.09536712168873152
1180	6	0.07513389016312289
1180	7	0.24777357564384062
1180	8	0.181188170933261
1180	9	0.17605488909610045
1180	10-14	0.2055729760360947
1180	15-19	0.11233878906238459
1180	20-24	0.17360538909728973
1180	25-29	0.23533073088091072
1180	30-34	0.1796463255033487
1180	35-39	0.19962601260692026
1180	40-44	0.18727700910464762
1180	45-49	0.18030651114617768
1180	50-54	0.20010923009098036
1180	55-59	0.23389605710357841
1180	60-64	0.16671054373050964
1180	65-69	0.20563673053650433
1180	70-74	0.22289627375106846
1180	75-79	0.17082806425890595
1180	80-84	0.24915731043137868
1180	85-89	0.16602194120671498
1180	90-94	0.2306418215430952
1180	95-99	0.2461043558662439
1180	100-104	0.24648435861227824
1180	105-109	0.17959438277294026
1180	110-114	0.27184847226363473
1180	115-119	0.25484172012167505
1180	120-124	0.24930517875507263
1180	125-129	0.18876307599943232
1180	130-134	0.2383228745141892
1180	135-139	0.228141837158212
1180	140-144	0.3202644383892803
1180	145-149	0.267782840139148
1180	150-151	0.2567221167231466
1181	1	0.26372322195137343
1181	2	-0.03674960818248252
1181	3	0.07194540679405748
1181	4	0.08733458002564731
1181	5	0.20790999737242544
1181	6	0.019938308737138755
1181	7	0.1256406963983565
1181	8	0.16139338871489883
1181	9	0.1403662190107653
1181	10-14	0.22360686673298602
1181	15-19	0.09314853568722015
1181	20-24	0.10051497324585057
1181	25-29	0.10135708814330968
1181	30-34	0.09878339595364594
1181	35-39	0.08186096403481002
1181	40-44	0.0853536413081386
1181	45-49	0.18127746546252865
1181	50-54	0.04716733609577517
1181	55-59	0.04193253375920847
1181	60-64	0.07548621425009117
1181	65-69	0.045723482133205096
1181	70-74	0.06963235470622209
1181	75-79	0.1263851919906287
1181	80-84	0.04676651839612589
1181	85-89	0.08765177829131687
1181	90-94	0.1068924741317332
1181	95-99	0.18632284498325902
1181	100-104	0.14708303245457444
1181	105-109	0.11803197578206692
1181	110-114	0.1808656615704578
1181	115-119	0.22511636845568717
1181	120-124	0.1687579313373675
1181	125-129	0.12704063231721818
1181	130-134	0.19866061048291783
1181	135-139	0.16913074681065865
1181	140-144	0.20071117495814406
1181	145-149	0.26771941096270524
1181	150-151	0.32219200494142086
1182	1	0.1250299987305823
1182	2	0.028728028099138214
1182	3	0.24976212493140082
1182	4	0.19172751524200038
1182	5	0.17522322822707537
1182	6	0.1710018432109237
1182	7	0.01718793953656217
1182	8	0.03061161280317748
1182	9	0.134519381854723
1182	10-14	0.06295243736347089
1182	15-19	0.05542689371490894
1182	20-24	0.06329994149595564
1182	25-29	0.03799958094320033
1182	30-34	0.05445500149166094
1182	35-39	0.08883205949266682
1182	40-44	0.0647734685054715
1182	45-49	0.10193397679186944
1182	50-54	0.14072020052550016
1182	55-59	0.14520121067374703
1182	60-64	0.03677911129718581
1182	65-69	0.06726829631829645
1182	70-74	0.05349369618232913
1182	75-79	0.13001127200728746
1182	80-84	0.06961949733364037
1182	85-89	0.050821909107789054
1182	90-94	0.11762150706140773
1182	95-99	0.09733988235444002
1182	100-104	0.08030070135357192
1182	105-109	0.1426615604310868
1182	110-114	0.11923965095245848
1182	115-119	0.11383214624117244
1182	120-124	0.1592225553701354
1182	125-129	0.12885193735903755
1182	130-134	0.1807384063814581
1182	135-139	0.14046563004742296
1182	140-144	0.1725491984842975
1182	145-149	0.1597559146581844
1182	150-151	0.17816375968656217
1183	1	-0.026401050596575715
1183	2	-0.21905679974037184
1183	3	-0.0915740661611224
1183	4	0.09087578476944458
1183	5	0.02413933626596787
1183	6	0.19934548120628648
1183	7	0.10767526168915964
1183	8	0.08210662210158404
1183	9	-0.07737993999349158
1183	10-14	0.06191599653147506
1183	15-19	0.08987848884640925
1183	20-24	0.0902936907766545
1183	25-29	0.08187825950628991
1183	30-34	0.09717749508780571
1183	35-39	0.15252990177128112
1183	40-44	0.08510255104778963
1183	45-49	0.07644507922403676
1183	50-54	0.16934257066694158
1183	55-59	0.13108523873059852
1183	60-64	0.1749683711790624
1183	65-69	0.12478950467749428
1183	70-74	0.11656665520204257
1183	75-79	0.1096864660412038
1183	80-84	0.16427773914509203
1183	85-89	0.2277483966487992
1183	90-94	0.1759192913546599
1183	95-99	0.15639562689693065
1183	100-104	0.1312080587627662
1183	105-109	0.1213632044601951
1183	110-114	0.12747985869344092
1183	115-119	0.1771923905594548
1183	120-124	0.19179950072491891
1183	125-129	0.13923294885736226
1183	130-134	0.11196301027931099
1183	135-139	0.13316023156171042
1183	140-144	0.17635786697857014
1183	145-149	0.21820715256978218
1183	150-151	0.1895142961767604
1184	1	0.2767960936945997
1184	2	0.18118137977582194
1184	3	0.26791560854899643
1184	4	0.06763371894117398
1184	5	0.0810554372868495
1184	6	0.22835496375884645
1184	7	0.20366111764068506
1184	8	0.043824277891836516
1184	9	0.23690453413780688
1184	10-14	0.16306159354224548
1184	15-19	0.09403660434269057
1184	20-24	0.10757760063768274
1184	25-29	0.11161059488212288
1184	30-34	0.16243281362539363
1184	35-39	0.19455220236776682
1184	40-44	0.2082526096450934
1184	45-49	0.16044664181860924
1184	50-54	0.19775978341639444
1184	55-59	0.22479420610379464
1184	60-64	0.17763627520542968
1184	65-69	0.2161724314366822
1184	70-74	0.22889250629948776
1184	75-79	0.20368667756613235
1184	80-84	0.19675133979458792
1184	85-89	0.20906035251467614
1184	90-94	0.20346692878626982
1184	95-99	0.2300931132349291
1184	100-104	0.2268897100755325
1184	105-109	0.2674000159113987
1184	110-114	0.29854752771928617
1184	115-119	0.2968494756358879
1184	120-124	0.2709489504238647
1184	125-129	0.2646474246209465
1184	130-134	0.25616823592322646
1184	135-139	0.35081571614025364
1184	140-144	0.2675644822067724
1184	145-149	0.28923062144413336
1184	150-151	0.344500935259596
1185	1	0.08049340828677742
1185	2	0.02536219305974896
1185	3	0.1775354689058588
1185	4	0.05627867940452802
1185	5	0.12405906569541258
1185	6	0.08205010997937023
1185	7	0.1007959759014625
1185	8	-0.015625244825471896
1185	9	0.09688795814119544
1185	10-14	0.08137084188826549
1185	15-19	0.1304156164325576
1185	20-24	0.06883795461230591
1185	25-29	0.16160553534827926
1185	30-34	0.16089519719588452
1185	35-39	0.12906593297891078
1185	40-44	0.1328691692584485
1185	45-49	0.18500417353705956
1185	50-54	0.1720120565926706
1185	55-59	0.14193253375920278
1185	60-64	0.09349863661034163
1185	65-69	0.14572348213321362
1185	70-74	0.15348328638323494
1185	75-79	0.18477028515833638
1185	80-84	0.1858969531787409
1185	85-89	0.16777600189379172
1185	90-94	0.18515334369695324
1185	95-99	0.21955265864786355
1185	100-104	0.18248675916265
1185	105-109	0.1472245223659172
1185	110-114	0.17030665535927625
1185	115-119	0.1338120206295983
1185	120-124	0.2532299810268057
1185	125-129	0.13387293045386173
1185	130-134	0.20425067259471774
1185	135-139	0.2970810573696667
1185	140-144	0.25288508800162646
1185	145-149	0.23293680226705504
1185	150-151	0.24765784345073882
1186	1	0.25136764858598326
1186	2	-0.09298416371577645
1186	3	0.34881043050339855
1186	4	0.03854676195311413
1186	5	0.14553104859796662
1186	6	0.033061931257670096
1186	7	-0.012641544969440588
1186	8	0.0925361122839945
1186	9	0.14200249764564177
1186	10-14	0.03389872541193739
1186	15-19	0.06428992351864338
1186	20-24	0.04110804076739072
1186	25-29	0.04316567693646789
1186	30-34	-0.005197102276504495
1186	35-39	0.1126029663055661
1186	40-44	0.0382221379353922
1186	45-49	0.04002320779873969
1186	50-54	0.030570795656316818
1186	55-59	0.04801681880562114
1186	60-64	0.05290556908880717
1186	65-69	0.07699977946840875
1186	70-74	0.054585269953669524
1186	75-79	0.09549625857714972
1186	80-84	0.1102274146760962
1186	85-89	0.11510118722739549
1186	90-94	0.119475122899523
1186	95-99	0.12632150924560648
1186	100-104	0.15859709109346198
1186	105-109	0.13362003428737523
1186	110-114	0.13085564353799128
1186	115-119	0.10475972650016274
1186	120-124	0.11110749388329566
1186	125-129	0.08222663378653294
1186	130-134	0.13735693052566234
1186	135-139	0.1718089008212118
1186	140-144	0.16694372688495207
1186	145-149	0.19351918388730383
1186	150-151	0.05997000534214436
1187	1	0.17203821955149579
1187	2	0.034671834883283736
1187	3	0.1021720412088456
1187	4	0.16652831466996787
1187	5	0.006842643848401053
1187	6	-0.004290996437582351
1187	7	-0.12011436355117411
1187	8	0.014962559971444023
1187	9	0.02125365265758461
1187	10-14	0.05190504139687846
1187	15-19	0.05653773954414021
1187	20-24	0.0027114594382169344
1187	25-29	0.049879378533795204
1187	30-34	0.05566012755178207
1187	35-39	0.057929149201164876
1187	40-44	0.08773974195111833
1187	45-49	0.06944295753341123
1187	50-54	0.03810813741880281
1187	55-59	0.026068124724247355
1187	60-64	-0.0033530031507140734
1187	65-69	-0.008702518332505349
1187	70-74	0.06446048987898223
1187	75-79	0.08016536278620379
1187	80-84	0.1034446062840928
1187	85-89	0.12117694378813582
1187	90-94	0.0986330777614981
1187	95-99	0.09265615772354607
1187	100-104	0.14841841242007092
1187	105-109	0.16376470019480394
1187	110-114	0.1598607525045992
1187	115-119	0.16453146252631257
1187	120-124	0.18188742517608603
1187	125-129	0.21803370830082258
1187	130-134	0.241827599509989
1187	135-139	0.20956424631405213
1187	140-144	0.16559590933158574
1187	145-149	0.20928869627305602
1187	150-151	0.23831137175271522
1188	1	0.35571244173828376
1188	2	0.0878024237331303
1188	3	0.08033484682187719
1188	4	0.05528856126652926
1188	5	0.1418377235781989
1188	6	-0.05883162644634865
1188	7	0.05632759689389388
1188	8	0.16379865131354876
1188	9	0.09302891232529475
1188	10-14	0.05384459168299571
1188	15-19	0.0322702767495926
1188	20-24	-7.349905303186688E-4
1188	25-29	0.05094220449426956
1188	30-34	0.08689521651525922
1188	35-39	-0.010299232250076784
1188	40-44	0.004456642573558156
1188	45-49	0.015882335877805076
1188	50-54	0.03579305212024053
1188	55-59	0.03989723725504746
1188	60-64	0.024986325336520565
1188	65-69	0.08039114052796492
1188	70-74	0.07136433697102973
1188	75-79	0.08215250939835528
1188	80-84	0.045319496961276684
1188	85-89	0.13726973758537753
1188	90-94	0.1092494382846354
1188	95-99	0.08738058094532164
1188	100-104	0.1326649804274851
1188	105-109	0.12466431835328251
1188	110-114	0.09798552865312615
1188	115-119	0.15845388765431778
1188	120-124	0.11506551515932273
1188	125-129	0.12427989315780508
1188	130-134	0.10203956974801542
1188	135-139	0.13959431529303146
1188	140-144	0.14134272543485338
1188	145-149	0.16985323629619842
1188	150-151	0.13905637324604925
1189	1	0.05657012659952443
1189	2	-0.12056641249618139
1189	3	0.14064378915703912
1189	4	0.028874406658644602
1189	5	-0.036032395638287085
1189	6	-0.09708442008683704
1189	7	0.015784713871560996
1189	8	-0.02569281700484538
1189	9	0.013105281190817664
1189	10-14	0.053905139888399844
1189	15-19	0.01840278454395161
1189	20-24	0.04756978179134563
1189	25-29	0.06098441733585247
1189	30-34	0.09641495693924185
1189	35-39	0.0830963745869866
1189	40-44	0.05848175543003009
1189	45-49	0.13222961889916007
1189	50-54	0.09238609249465668
1189	55-59	0.02566743240093672
1189	60-64	-0.02890939014550753
1189	65-69	0.06525115942486082
1189	70-74	0.09505724037954622
1189	75-79	0.09641454152308881
1189	80-84	0.06668324762962641
1189	85-89	0.1293008124869246
1189	90-94	0.10470832287926157
1189	95-99	0.12079830740903219
1189	100-104	0.12055924568234389
1189	105-109	0.047470239381823376
1189	110-114	0.1497142043320352
1189	115-119	0.14466452216532133
1189	120-124	0.14604275831163704
1189	125-129	0.12448790554089584
1189	130-134	0.11311696158523432
1189	135-139	0.14881131468999342
1189	140-144	0.10523646333437142
1189	145-149	0.13821289263631797
1189	150-151	0.0517155869494772
1190	1	0.19888154521809298
1190	2	0.3449003019313679
1190	3	0.15686165573587374
1190	4	0.1171206605141748
1190	5	0.21458725379999777
1190	6	-0.010932112538768024
1190	7	0.1732898645948282
1190	8	-0.03756412224740302
1190	9	-0.012863499536223344
1190	10-14	0.08580332265072599
1190	15-19	0.05747087025391551
1190	20-24	0.11388946079971163
1190	25-29	0.14324212899632016
1190	30-34	0.10796700148188165
1190	35-39	0.15189320890559088
1190	40-44	0.09354802366191706
1190	45-49	0.1376964775709979
1190	50-54	0.10998966590658199
1190	55-59	0.1016235917524213
1190	60-64	0.14875245796044112
1190	65-69	0.11276522925352594
1190	70-74	0.14371660988775403
1190	75-79	0.12512107891480895
1190	80-84	0.055914930407581664
1190	85-89	0.17105280365917963
1190	90-94	0.13684691279514993
1190	95-99	0.16209448661814463
1190	100-104	0.17623658081712534
1190	105-109	0.17012789238295056
1190	110-114	0.18764564501999104
1190	115-119	0.15432888973825243
1190	120-124	0.16495703152475016
1190	125-129	0.1937732471955158
1190	130-134	0.2187922532592239
1190	135-139	0.2030163964164018
1190	140-144	0.22822299332155183
1190	145-149	0.23517967557990715
1190	150-151	0.2882041039017835
1191	1	0.13981213167441098
1191	2	0.24264607133624594
1191	3	0.3253342110442219
1191	4	0.17091206352109367
1191	5	0.04772795901155291
1191	6	-0.016527959476462684
1191	7	0.16880644506041165
1191	8	0.0016019906134090434
1191	9	0.053097185064125085
1191	10-14	0.022259157838107058
1191	15-19	0.034095447675966284
1191	20-24	0.05581400836440764
1191	25-29	0.11561155120826783
1191	30-34	0.15797711445827645
1191	35-39	0.1509300682966952
1191	40-44	0.07382194085108296
1191	45-49	0.12908792680867265
1191	50-54	0.11303319023070202
1191	55-59	0.08773510417211128
1191	60-64	0.103518559263577
1191	65-69	0.03995372550209453
1191	70-74	0.06162813579141613
1191	75-79	0.0705158220933626
1191	80-84	0.1011006720740042
1191	85-89	0.10342973836787195
1191	90-94	0.08570414646268176
1191	95-99	0.15148164024870425
1191	100-104	0.10342507706569393
1191	105-109	0.06915897293039563
1191	110-114	0.11492949218883552
1191	115-119	0.0872047312823554
1191	120-124	0.10304442690360105
1191	125-129	0.16446006276372316
1191	130-134	0.0895118156081196
1191	135-139	0.12772287931584003
1191	140-144	0.11236006749301453
1191	145-149	0.2208269542261192
1191	150-151	0.15073022909080436
1192	1	0.21122810769274736
1192	2	0.14887953986031732
1192	3	0.07628936298685574
1192	4	-0.12950526440460663
1192	5	0.27493656419582635
1192	6	0.16121846972473008
1192	7	0.011720687110610584
1192	8	0.11948243497948852
1192	9	0.13900208131992997
1192	10-14	0.0978836802621359
1192	15-19	0.046591774014650866
1192	20-24	0.05034760032350505
1192	25-29	0.06890609067809095
1192	30-34	0.01640302405681382
1192	35-39	0.08728462069780107
1192	40-44	0.05819859399867511
1192	45-49	0.06056385697971933
1192	50-54	0.08606557722888653
1192	55-59	0.033494229546832344
1192	60-64	0.10517023739206621
1192	65-69	0.10706710938499953
1192	70-74	0.017650001423575645
1192	75-79	0.08014963153320309
1192	80-84	0.12860317016370715
1192	85-89	0.11601423257818766
1192	90-94	0.09541436805793779
1192	95-99	0.10682167434028855
1192	100-104	0.07396525222586092
1192	105-109	0.14564754049637685
1192	110-114	0.025439102486849663
1192	115-119	0.15700429632085644
1192	120-124	0.11603449332340432
1192	125-129	0.13646382459291573
1192	130-134	0.10480600240644833
1192	135-139	0.1504643123376468
1192	140-144	0.10671144585074188
1192	145-149	0.11218062494850045
1192	150-151	0.10955583304072292
1193	1	0.4978177628567124
1193	2	0.16661645072354503
1193	3	0.08587535875636831
1193	4	0.07294037777867857
1193	5	0.11331044989428563
1193	6	0.12455344525115208
1193	7	0.15265761954294277
1193	8	0.19938860938039227
1193	9	0.06212538551046265
1193	10-14	0.01867261923382557
1193	15-19	0.11875022849037009
1193	20-24	0.11155875449112074
1193	25-29	0.17634914702001936
1193	30-34	0.1658568110276093
1193	35-39	0.1569175292668561
1193	40-44	0.11974774581819503
1193	45-49	0.19486191747616033
1193	50-54	0.18632367115742454
1193	55-59	0.1918555659488561
1193	60-64	0.17366537576521068
1193	65-69	0.21452928379572
1193	70-74	0.16068845080114613
1193	75-79	0.1494320421746167
1193	80-84	0.21276385017870325
1193	85-89	0.21068396793999256
1193	90-94	0.19671464183848997
1193	95-99	0.17409791327692403
1193	100-104	0.19051047013508793
1193	105-109	0.22290855850903313
1193	110-114	0.15162668995813533
1193	115-119	0.28500025701607257
1193	120-124	0.2146180405094853
1193	125-129	0.2225735672097784
1193	130-134	0.2721739100318672
1193	135-139	0.2594039703202995
1193	140-144	0.24024184235458534
1193	145-149	0.22855721168693321
1193	150-151	0.14842678852748747
1194	1	0.404107714196023
1194	2	0.1245095719023368
1194	3	-0.004462945051315614
1194	4	0.036302913350773736
1194	5	0.02624406133625712
1194	6	-0.006647610946046711
1194	7	0.17691371741588569
1194	8	0.16120129036054465
1194	9	0.054860286126974245
1194	10-14	0.021193815866332955
1194	15-19	-0.02462105465072284
1194	20-24	-0.0030541156661314517
1194	25-29	0.039142341885529675
1194	30-34	0.06833876214729173
1194	35-39	0.07520500233626848
1194	40-44	0.04534349457454567
1194	45-49	0.02915625632653729
1194	50-54	0.06535215441506637
1194	55-59	0.0773530075033051
1194	60-64	0.07110193873180748
1194	65-69	-0.007040025090176982
1194	70-74	0.09411208832983675
1194	75-79	0.06046639541293786
1194	80-84	0.04936624945843704
1194	85-89	0.07132932888952581
1194	90-94	0.074948980601512
1194	95-99	0.0935895809366869
1194	100-104	0.1097223653314714
1194	105-109	0.053277098207836104
1194	110-114	0.14876257863814857
1194	115-119	0.1327077013719844
1194	120-124	0.17529715634365317
1194	125-129	0.1965654597981228
1194	130-134	0.12519678161793024
1194	135-139	0.1450371801352972
1194	140-144	0.18461628822229414
1194	145-149	0.2519742417437598
1194	150-151	0.10774497729403976
1195	1	0.19667382641480202
1195	2	0.10973235588279806
1195	3	-0.010161691977423004
1195	4	0.008382055386661591
1195	5	0.0015303120460998798
1195	6	0.003391489762670119
1195	7	0.10090374085629605
1195	8	-0.07919677136504077
1195	9	0.04828596350985492
1195	10-14	0.03437748412819985
1195	15-19	0.046070925326105794
1195	20-24	-1.747224651040824E-4
1195	25-29	-0.003008372208988419
1195	30-34	0.09493324802175351
1195	35-39	0.0657883108616204
1195	40-44	0.09455284972555233
1195	45-49	0.10447828055745845
1195	50-54	0.061147389782313155
1195	55-59	0.1241297632201892
1195	60-64	0.10022708851778361
1195	65-69	0.1386462636446666
1195	70-74	0.19066807389034324
1195	75-79	0.1932366918828663
1195	80-84	0.1374536669354285
1195	85-89	0.11390332128952707
1195	90-94	0.17685348281171542
1195	95-99	0.18001565608109615
1195	100-104	0.09486209470353657
1195	105-109	0.05722119144913762
1195	110-114	0.07846936084744272
1195	115-119	0.11558994644811804
1195	120-124	0.08982695968934706
1195	125-129	0.15582367207269243
1195	130-134	0.059112831420677026
1195	135-139	0.1881855501886065
1195	140-144	0.11594913957205222
1195	145-149	0.1931460622157175
1195	150-151	0.01373441534955333
1196	1	0.22003776477743742
1196	2	0.34558879047262536
1196	3	-0.01086483435418728
1196	4	0.016654740696964154
1196	5	-0.11732227439377851
1196	6	0.2626381707632319
1196	7	0.005563374504767182
1196	8	-0.06146036365726104
1196	9	-0.0131026709350337
1196	10-14	0.028816441085851352
1196	15-19	0.012091928715065592
1196	20-24	0.03365790573281657
1196	25-29	0.06384372633618085
1196	30-34	0.10497526914950583
1196	35-39	0.01016209560916792
1196	40-44	0.029644676771667378
1196	45-49	0.06878399920962863
1196	50-54	0.07015717876786454
1196	55-59	0.04964259078528244
1196	60-64	0.060485672714300165
1196	65-69	0.03887705697580657
1196	70-74	0.07317776601443171
1196	75-79	0.0688340639480245
1196	80-84	0.05559402276373504
1196	85-89	0.05502495296250487
1196	90-94	0.12009841313125946
1196	95-99	0.016661092950151613
1196	100-104	0.06898980353562223
1196	105-109	0.07542205578809558
1196	110-114	0.04382979306476642
1196	115-119	0.05649106884511923
1196	120-124	0.11072224648295759
1196	125-129	0.09082366011448073
1196	130-134	0.10309366959508282
1196	135-139	0.15392960158018099
1196	140-144	0.14626940418319379
1196	145-149	0.08361513471352566
1196	150-151	-0.05578938506324249
1197	1	0.19713722418603652
1197	2	-0.055363631885477105
1197	3	-0.3342477204107155
1197	4	-0.312574179543617
1197	5	-0.04603115011016712
1197	6	-0.09454403599556116
1197	7	-0.11043537958003924
1197	8	-0.10160837266453626
1197	9	0.03151443347944394
1197	10-14	-0.10110416457663263
1197	15-19	-0.07242161942151171
1197	20-24	-0.13370018827898633
1197	25-29	-0.078259214130874
1197	30-34	-0.09183835635054294
1197	35-39	-0.08065678393667497
1197	40-44	-0.09740484478379585
1197	45-49	-0.09809097510677134
1197	50-54	-0.11348071492079725
1197	55-59	-0.05015736002131632
1197	60-64	-0.1016319543056241
1197	65-69	-0.10858165123882202
1197	70-74	-0.06052870661027043
1197	75-79	-0.08494569850621048
1197	80-84	-0.0971113462850397
1197	85-89	-0.11111867151913657
1197	90-94	-0.06032439998086403
1197	95-99	-0.12153115081089538
1197	100-104	-0.09978429810413303
1197	105-109	-0.14090836663790185
1197	110-114	-0.08573204619669639
1197	115-119	-0.12410564829937698
1197	120-124	-0.11330283381366968
1197	125-129	-0.1493359027908312
1197	130-134	-0.08155143813310417
1197	135-139	-0.07350780934611834
1197	140-144	-0.1372375254756122
1197	145-149	-0.08791236803052271
1197	150-151	-0.38114119828077975
1198	1	0.2091743588588102
1198	2	0.11060681686154794
1198	3	-0.1612254524603074
1198	4	-0.21255589797375052
1198	5	-0.04471088383566979
1198	6	-0.1729314143498044
1198	7	-0.09078612366489125
1198	8	-0.2271285082850838
1198	9	-0.0253992756389394
1198	10-14	-0.09534241274052135
1198	15-19	-0.03933509768047827
1198	20-24	-0.015774204303120598
1198	25-29	0.02694379552715276
1198	30-34	-0.0067597986353789
1198	35-39	0.01664159936107268
1198	40-44	0.05351381970072566
1198	45-49	0.07411068121593445
1198	50-54	-0.03583208669367366
1198	55-59	0.060080131922006785
1198	60-64	0.025230909586532846
1198	65-69	3.285862531114958E-4
1198	70-74	-0.029258611702097426
1198	75-79	0.03043059922006819
1198	80-84	-0.022639842760064255
1198	85-89	0.08513079890808939
1198	90-94	0.05697214892045821
1198	95-99	-0.010163570835267421
1198	100-104	0.06443536275713768
1198	105-109	0.012927362537801912
1198	110-114	0.026563962992760537
1198	115-119	0.037780959795554736
1198	120-124	0.0677233924397953
1198	125-129	-0.008209171579196095
1198	130-134	-0.04350979982990566
1198	135-139	0.06463047793908316
1198	140-144	0.05214606116873455
1198	145-149	-0.04182034996359363
1198	150-151	-0.10666432883427746
1201	1	0.040131502089593596
1201	2	-0.2935501507188434
1201	3	-0.15088740804387868
1201	4	-0.16322787086081547
1201	5	-0.149905647912135
1201	6	-0.2148755173282879
1201	7	-0.1795198577637862
1201	8	-0.13389063552700264
1201	9	-0.4373435025087673
1201	10-14	-0.22687592603750772
1201	15-19	-0.20545852374418416
1201	20-24	-0.18501308471081046
1201	25-29	-0.25691605307761733
1201	30-34	-0.28623334301531855
1201	35-39	-0.23521601369321132
1201	40-44	-0.2600945432403492
1201	45-49	-0.12684658590619335
1201	50-54	-0.1812824523796337
1201	55-59	-0.1453856788849066
1201	60-64	-0.1802949196939494
1201	65-69	-0.20121344801523122
1201	70-74	-0.2682956731095345
1201	75-79	-0.14118534311814557
1201	80-84	-0.1208922865168347
1201	85-89	-0.03714665438143072
1201	90-94	-0.08870480026894256
1201	95-99	-0.1508204427440063
1201	100-104	-0.11694486941524218
1201	105-109	-0.16320207913896922
1201	110-114	-0.06204422787700281
1201	115-119	-0.14695700312789484
1201	120-124	-0.0751293847223451
1201	125-129	-0.1248404833269916
1201	130-134	-0.06777102885957476
1201	135-139	-0.12975834540974773
1201	140-144	-0.07251616284608531
1201	145-149	-0.05563010516806344
1201	150-151	-0.15036631233470388
1202	1	-0.17676396254231008
1202	2	-0.34545634232603106
1202	3	-0.1822776152062886
1202	4	-0.3232180936314535
1202	5	-0.3169637473306537
1202	6	-0.3131513971684967
1202	7	-0.43432859071437235
1202	8	-0.22461272219978667
1202	9	-0.3461296094192363
1202	10-14	-0.08059267204599507
1202	15-19	-0.1521054788882097
1202	20-24	-0.018528072290486364
1202	25-29	-0.1282618504150861
1202	30-34	-0.20206200001568675
1202	35-39	-0.13406910345965883
1202	40-44	-0.15242162690191208
1202	45-49	-0.17653611469969377
1202	50-54	-0.19906611351028403
1202	55-59	-0.20723077753331154
1202	60-64	-0.21842081330179042
1202	65-69	-0.20411952329695282
1202	70-74	-0.09789800197489029
1202	75-79	-0.08790474399780379
1202	80-84	-0.1351181552398586
1202	85-89	-0.1351327512790803
1202	90-94	-0.10464227312019858
1202	95-99	-0.10408175245100182
1202	100-104	-0.13724970104516387
1202	105-109	-0.08335274270951487
1202	110-114	-0.06399731779069384
1202	115-119	-0.15236981866073762
1202	120-124	-0.10226060721469565
1202	125-129	-0.10324164128077484
1202	130-134	-0.07944775007159421
1202	135-139	-0.03622501080027263
1202	140-144	-0.08790764222629832
1202	145-149	4.275804851801013E-4
1202	150-151	-0.07537761357496464
1203	1	-0.5023663776257337
1203	2	-0.07179123630459117
1203	3	-0.17352836088137735
1203	4	-0.2023945067987185
1203	5	-0.15868178272536682
1203	6	-0.0016316661538411381
1203	7	-0.21156823712880168
1203	8	-0.5154032281742218
1203	9	-0.28642643329530415
1203	10-14	-0.21108006335820306
1203	15-19	-0.2143862865673043
1203	20-24	-0.153375339956213
1203	25-29	-0.16612804467023068
1203	30-34	-0.18018105495160341
1203	35-39	-0.16109027159357936
1203	40-44	-0.196429363845823
1203	45-49	-0.11714357325823244
1203	50-54	-0.16359359954581976
1203	55-59	-0.08324415449241229
1203	60-64	-0.13665968240643878
1203	65-69	-0.15366597207585642
1203	70-74	-0.13645777348196475
1203	75-79	-0.15914883734728136
1203	80-84	-0.15267103942070293
1203	85-89	-0.16018540949777105
1203	90-94	-0.12557164639159168
1203	95-99	-0.06920563393836687
1203	100-104	-0.09223717370374374
1203	105-109	-0.14996855282900867
1203	110-114	-0.15920887259103722
1203	115-119	-0.23414251881800396
1203	120-124	-0.15331633851858584
1203	125-129	-0.2530381307328611
1203	130-134	-0.18975487782155653
1203	135-139	-0.16149697884019076
1203	140-144	-0.13499280284018766
1203	145-149	-0.1854366614570111
1203	150-151	-0.1011712830194611
1204	1	0.2130569174729544
1204	2	-0.1884664326970551
1204	3	0.08207710052906947
1204	4	-0.17671370941847897
1204	5	-0.1654817039894354
1204	6	-0.07783945743204157
1204	7	-0.1739925880047437
1204	8	-0.3305226741595888
1204	9	-0.2426034459825246
1204	10-14	-0.12168930051440441
1204	15-19	-0.1865212113208088
1204	20-24	-0.04050180059719111
1204	25-29	-0.04907205268698078
1204	30-34	-0.06468661120305796
1204	35-39	-0.09697975497850564
1204	40-44	-0.05666507059027026
1204	45-49	-0.019696263700765826
1204	50-54	-0.043709699254137035
1204	55-59	-0.05559553147646312
1204	60-64	-0.03508689640712248
1204	65-69	0.012787511094337844
1204	70-74	-0.011231568732753772
1204	75-79	-0.0469704646758089
1204	80-84	-0.010183055597359214
1204	85-89	-0.031666611294390634
1204	90-94	-0.03571705733946118
1204	95-99	-0.06932703042746624
1204	100-104	-0.08993121303591778
1204	105-109	-0.0718796885948052
1204	110-114	-0.15210374222939294
1204	115-119	-0.0954332870301613
1204	120-124	-0.06530273867605274
1204	125-129	-0.03388482829742401
1204	130-134	-0.055843670477642604
1204	135-139	-0.0490363020690765
1204	140-144	-0.009900592328939695
1204	145-149	-0.08170622465154054
1204	150-151	0.04560251223133349
1205	1	-0.02916343576506364
1205	2	0.031886805318080746
1205	3	0.03161452693781541
1205	4	-0.1346615647591065
1205	5	0.009455217793579607
1205	6	-0.10811700158679827
1205	7	-0.3253803087784988
1205	8	-0.08493814934882238
1205	9	-0.1383141272272681
1205	10-14	-0.07930073869774645
1205	15-19	-0.07819488667825425
1205	20-24	-0.02839078293528985
1205	25-29	-0.09818895764912838
1205	30-34	-0.03710040430649997
1205	35-39	-0.03575183235445678
1205	40-44	-0.012594422987241671
1205	45-49	-0.07251375739294019
1205	50-54	0.03871250427823725
1205	55-59	-0.008497129457964547
1205	60-64	-0.00817352382511416
1205	65-69	-0.06055142919161938
1205	70-74	-0.03276226679835759
1205	75-79	0.036460990328400555
1205	80-84	-0.03642359386480365
1205	85-89	-0.041086291698086086
1205	90-94	-0.004093844555605131
1205	95-99	0.04101779715874443
1205	100-104	0.01435810571933871
1205	105-109	-0.09744739254769996
1205	110-114	-0.026956559723082307
1205	115-119	0.028368226847049982
1205	120-124	-0.06732124161970887
1205	125-129	-0.042631674386569784
1205	130-134	-0.020856286121045287
1205	135-139	-0.017413089285227557
1205	140-144	0.011630105736657015
1205	145-149	-0.01845979908383555
1205	150-151	0.09774717160895818
1206	1	0.1012769725486038
1206	2	-0.060160979419940475
1206	3	0.028706037467735257
1206	4	-0.02613890301305588
1206	5	-0.08019320377425032
1206	6	-0.029990023799889798
1206	7	-0.14215672357298104
1206	8	-0.023986448838847707
1206	9	-0.2010097962782993
1206	10-14	-0.046006128966972426
1206	15-19	-0.023000532635762738
1206	20-24	0.012268437173219127
1206	25-29	0.07331122096700682
1206	30-34	-0.023003512789784963
1206	35-39	0.0779909210343348
1206	40-44	0.08005024904822022
1206	45-49	0.033355821888712
1206	50-54	0.0785576848774312
1206	55-59	0.08373855382610174
1206	60-64	0.0017642840064269194
1206	65-69	-0.044911969371803195
1206	70-74	0.0014527082657096457
1206	75-79	-0.038688864387772526
1206	80-84	0.015997287626902335
1206	85-89	-0.04813417488594496
1206	90-94	-0.013986646747390807
1206	95-99	-0.040624121094140264
1206	100-104	-0.022243293393493957
1206	105-109	-0.032851922927918054
1206	110-114	-0.012827601688023549
1206	115-119	-0.030640917736384665
1206	120-124	-0.018055255475815102
1206	125-129	-0.02288770021981179
1206	130-134	-0.024511869211295334
1206	135-139	0.0031966808765986343
1206	140-144	0.07897204452336126
1206	145-149	0.04449915295983686
1206	150-151	0.08843662988169854
1207	1	-0.08269170136166792
1207	2	-0.12204775512891075
1207	3	0.13690528648463385
1207	4	-0.01022626996869036
1207	5	-0.09368760467942394
1207	6	-0.007610283704380549
1207	7	-0.0788389756348522
1207	8	-0.012056133858564522
1207	9	-0.1746477381187006
1207	10-14	-3.448034873514416E-4
1207	15-19	-0.055663305726831425
1207	20-24	-0.02826246461659565
1207	25-29	-0.05301700412825028
1207	30-34	-0.03887510244463499
1207	35-39	-0.0826817468414518
1207	40-44	-0.0806290745123519
1207	45-49	-0.03748174057766107
1207	50-54	-0.05940024010190825
1207	55-59	-0.05965373778163752
1207	60-64	0.06001594654102149
1207	65-69	0.045629747905799434
1207	70-74	0.029931274187489976
1207	75-79	0.028696616235862393
1207	80-84	0.055808266178956956
1207	85-89	0.014813073265713683
1207	90-94	-0.018917399893588538
1207	95-99	0.02444074410050945
1207	100-104	0.046082857346682715
1207	105-109	-0.05303195920140524
1207	110-114	-0.06949742980496865
1207	115-119	-0.009415938951384817
1207	120-124	0.012384518896467966
1207	125-129	0.04017269457322925
1207	130-134	0.04605613802121411
1207	135-139	0.038004803030595724
1207	140-144	0.08606700450605587
1207	145-149	0.10976590725968549
1207	150-151	0.026993566491846366
1208	1	0.2374044898047032
1208	2	0.0825131826806782
1208	3	-0.03932214156877478
1208	4	-0.020659645914925306
1208	5	0.09663736621080687
1208	6	0.004522180000009257
1208	7	-0.013073965443041402
1208	8	-0.12168800722496087
1208	9	-0.0633167769941565
1208	10-14	-0.06278546434019461
1208	15-19	-0.06949594286844984
1208	20-24	-0.002959628008589732
1208	25-29	-0.052085491478742085
1208	30-34	-0.10458040028711935
1208	35-39	-0.12361727650356613
1208	40-44	-0.10344082047429737
1208	45-49	-0.1000961100831077
1208	50-54	-0.1115084931628445
1208	55-59	-0.11287426905869324
1208	60-64	-0.0809084549105279
1208	65-69	-0.11726662674034571
1208	70-74	-0.12291931194350525
1208	75-79	0.009571293585615592
1208	80-84	-0.026399353659655844
1208	85-89	-0.10998573683001212
1208	90-94	-0.08032123722628626
1208	95-99	-0.03930056028861628
1208	100-104	-0.07670853213254958
1208	105-109	-0.03199801273080993
1208	110-114	-0.1324461884666519
1208	115-119	-0.08799521930900767
1208	120-124	-0.023876076652790346
1208	125-129	-0.021863007983270677
1208	130-134	0.004549541163711979
1208	135-139	0.040925279752279664
1208	140-144	-4.985311544274396E-4
1208	145-149	0.048697544762305256
1208	150-151	0.01948338146498685
1209	1	0.12297436652408322
1209	2	0.15250019287372396
1209	3	-0.00798865755005096
1209	4	0.10057855228719603
1209	5	0.083397022103469
1209	6	-0.25944594731643633
1209	7	0.09828980089293538
1209	8	-0.14392590314855624
1209	9	-0.014091672081725903
1209	10-14	-0.04354312138206495
1209	15-19	-0.048653429980774376
1209	20-24	-0.04700623881272037
1209	25-29	-0.06157322468934723
1209	30-34	-0.08007895561362233
1209	35-39	-0.050147799826660844
1209	40-44	-0.11617900097543554
1209	45-49	-0.08729148277073762
1209	50-54	-0.04615642037636292
1209	55-59	-0.045711248343081934
1209	60-64	-0.06073912447108398
1209	65-69	0.029294342293816555
1209	70-74	-0.07298398865525968
1209	75-79	-0.08224948520369679
1209	80-84	-0.038439297996838206
1209	85-89	-0.028343302371354184
1209	90-94	-0.04623946952325042
1209	95-99	0.020508105573789237
1209	100-104	0.06680895508869611
1209	105-109	-0.07934299967291736
1209	110-114	-7.5296576907391E-4
1209	115-119	0.042835284134525864
1209	120-124	-0.03646938131959132
1209	125-129	0.012012883534133323
1209	130-134	-0.025424506454683637
1209	135-139	-0.009659261560479138
1209	140-144	0.013226547887320805
1209	145-149	0.04558652684617215
1209	150-151	-0.00978317100756243
1210	1	0.28729876886158223
1210	2	0.21240729793493074
1210	3	0.1604378875880954
1210	4	0.04571863713327673
1210	5	-0.15165465018584
1210	6	0.1352284832614572
1210	7	-0.01329236894077468
1210	8	-0.005707559798096895
1210	9	0.09451797072932777
1210	10-14	0.03295989902179741
1210	15-19	0.012180959187134022
1210	20-24	0.04193976305516145
1210	25-29	0.030387491326088423
1210	30-34	-0.033597625497975514
1210	35-39	0.07180962725830398
1210	40-44	-0.0203115351587968
1210	45-49	0.02592543815198667
1210	50-54	0.051073800592590146
1210	55-59	-0.005835533833355555
1210	60-64	0.0451633261290354
1210	65-69	0.0466626705873594
1210	70-74	0.021522387290310974
1210	75-79	0.0015280387728893174
1210	80-84	0.03808537106321097
1210	85-89	0.01816633752545016
1210	90-94	0.039571362853699554
1210	95-99	0.06307935532573339
1210	100-104	0.028065631825690218
1210	105-109	0.02824804610982312
1210	110-114	0.0636168154823551
1210	115-119	0.041218296045443026
1210	120-124	0.06912832281266645
1210	125-129	0.05432268413058239
1210	130-134	0.03941765957662824
1210	135-139	0.12052243450072098
1210	140-144	0.0226642517975435
1210	145-149	0.07106588499127042
1210	150-151	0.00250660458191021
1211	1	0.07749273680784796
1211	2	0.057037113321626975
1211	3	0.008616549986939503
1211	4	0.10508680429961004
1211	5	0.151841506521329
1211	6	-0.0032906655787954264
1211	7	0.1399096237107571
1211	8	-0.03046073248705028
1211	9	0.020821985336091586
1211	10-14	-0.00843946531335149
1211	15-19	0.03516632987893331
1211	20-24	0.04883627591497941
1211	25-29	0.047857004208438525
1211	30-34	-0.024684792731932248
1211	35-39	-0.021294986947225425
1211	40-44	-0.03638968586997038
1211	45-49	-0.006816373718265822
1211	50-54	-0.012141040603907527
1211	55-59	0.06143899674393083
1211	60-64	-0.00916629540241587
1211	65-69	0.036175891063876975
1211	70-74	0.01948127194643945
1211	75-79	0.034216315039145684
1211	80-84	-0.0227986989951674
1211	85-89	0.033979627880029284
1211	90-94	0.08663479409144514
1211	95-99	-5.581353759822605E-4
1211	100-104	0.02937697235720549
1211	105-109	0.02167894573338458
1211	110-114	-0.003560223942386642
1211	115-119	0.0411185507622136
1211	120-124	0.058522074362386434
1211	125-129	0.046790506414922106
1211	130-134	0.0408546678943722
1211	135-139	0.06781296940593506
1211	140-144	0.021921515733701824
1211	145-149	0.09702107287306205
1211	150-151	0.23549777966024266
1212	1	0.35275013706525016
1212	2	0.05466352302430977
1212	3	-0.06822724295854954
1212	4	0.12633868572098095
1212	5	0.09835460557680165
1212	6	-0.0444719800651967
1212	7	-0.12928087429330049
1212	8	0.18865941671784725
1212	9	0.20375885683228745
1212	10-14	-0.03975067967540724
1212	15-19	0.04012891958728204
1212	20-24	0.05169930843902648
1212	25-29	0.06292146334069315
1212	30-34	0.08122014368147745
1212	35-39	0.1198825101624692
1212	40-44	0.06531995355152986
1212	45-49	0.13292851645034887
1212	50-54	0.08238156917294504
1212	55-59	0.09219396478703601
1212	60-64	0.09493738454872158
1212	65-69	0.11018991719655702
1212	70-74	0.05491852518030527
1212	75-79	0.09148678163165158
1212	80-84	0.052261833692483606
1212	85-89	0.07967199094527899
1212	90-94	0.12582780065733346
1212	95-99	0.10385802412492495
1212	100-104	0.12071534462778288
1212	105-109	0.15174078723590156
1212	110-114	0.0813464139303548
1212	115-119	0.09635544625335513
1212	120-124	0.10024545634000503
1212	125-129	0.09460914830135891
1212	130-134	0.17328600964774665
1212	135-139	0.1896276412206035
1212	140-144	0.13604471883996183
1212	145-149	0.16935817995592828
1212	150-151	0.30842739814070086
1213	1	0.21315239479638848
1213	2	0.23021707542061876
1213	3	-0.07037771974188445
1213	4	-0.09171642630996502
1213	5	-0.10227571587635964
1213	6	0.17151080534120666
1213	7	-0.053949510882929985
1213	8	0.04051905364298847
1213	9	-0.009391659026128707
1213	10-14	-0.0436242327184857
1213	15-19	0.04588238817428447
1213	20-24	-0.011117250232203446
1213	25-29	0.03164981204130868
1213	30-34	0.004652390862339928
1213	35-39	0.055391382226623875
1213	40-44	-0.013402048817226841
1213	45-49	0.055554469579121246
1213	50-54	0.03495547160112267
1213	55-59	0.10922584870440488
1213	60-64	0.050754518566812123
1213	65-69	0.07495335801330327
1213	70-74	0.07984088030271153
1213	75-79	0.0658298150165848
1213	80-84	0.03028978180616093
1213	85-89	0.03706021263840853
1213	90-94	-0.005630467831579722
1213	95-99	0.04726706879312559
1213	100-104	0.049610018424978364
1213	105-109	0.02038061067044339
1213	110-114	0.06177276346906524
1213	115-119	0.052697533751874914
1213	120-124	0.10867435519079294
1213	125-129	-0.013663854456808622
1213	130-134	0.04285123875571628
1213	135-139	0.04987090380110004
1213	140-144	0.07078448554825911
1213	145-149	0.11854117394241115
1213	150-151	0.23199250059152376
1214	1	0.20083376075862702
1214	2	0.13320443918407676
1214	3	0.05639725752374147
1214	4	-0.0030103172121442867
1214	5	-0.06208949765358085
1214	6	-0.08546491299694736
1214	7	-0.04749973686933373
1214	8	-0.06811729148506629
1214	9	0.02866092183356983
1214	10-14	-0.026729950920909573
1214	15-19	0.10746252851659222
1214	20-24	0.04716851058867633
1214	25-29	0.08300532325920074
1214	30-34	0.04272017320961652
1214	35-39	0.01859075245070585
1214	40-44	0.055294559350855366
1214	45-49	0.08026448763088467
1214	50-54	0.08473437139345918
1214	55-59	0.09014038105507893
1214	60-64	0.1065895824266363
1214	65-69	0.14336222373801633
1214	70-74	0.09157751453049201
1214	75-79	0.09515457036764019
1214	80-84	0.13102243921620982
1214	85-89	0.0649299684645186
1214	90-94	0.05803119048784566
1214	95-99	0.0988815482100378
1214	100-104	0.11057341269999199
1214	105-109	0.07912675940070812
1214	110-114	0.05555535505124709
1214	115-119	0.10827851560510737
1214	120-124	0.1505425094316024
1214	125-129	0.1747162370235742
1214	130-134	0.10029874611893774
1214	135-139	0.14902369232397206
1214	140-144	0.15933966559088475
1214	145-149	0.1185965507900093
1214	150-151	0.24913489238272035
1215	1	0.18833910949632582
1215	2	0.1264962992281795
1215	3	0.04595652153744112
1215	4	0.1261230227042489
1215	5	-0.05579609058995061
1215	6	-0.17309863143939452
1215	7	0.05914586399963184
1215	8	-0.04591920715604658
1215	9	0.1248131222219655
1215	10-14	0.011357011325230815
1215	15-19	0.053739477925759616
1215	20-24	0.06221738982241476
1215	25-29	0.10484792225198447
1215	30-34	0.06288277483562865
1215	35-39	0.09455138574125499
1215	40-44	0.02730601387835918
1215	45-49	0.039333642694906246
1215	50-54	0.0167023777132016
1215	55-59	0.06674154625700623
1215	60-64	0.033230575152359165
1215	65-69	-0.03440677662405278
1215	70-74	0.0623645195665361
1215	75-79	0.056259208134669336
1215	80-84	0.019468507482550024
1215	85-89	3.0800078734927183E-4
1215	90-94	0.07249812706004377
1215	95-99	0.10158323676539283
1215	100-104	0.05238441299622565
1215	105-109	0.13716039884641873
1215	110-114	0.09497736222677844
1215	115-119	0.10674334559753618
1215	120-124	0.1346009670202264
1215	125-129	0.18592060817660183
1215	130-134	0.13262947914286372
1215	135-139	0.15603596973418377
1215	140-144	0.13721531155382394
1215	145-149	0.19064947860673698
1215	150-151	0.3642331445798206
1216	1	0.10166788598299803
1216	2	0.07434581813033247
1216	3	0.22948352085391122
1216	4	0.027340226553036473
1216	5	0.14043399511381693
1216	6	-0.165408952697085
1216	7	-0.11123112742998842
1216	8	-0.11895669598300884
1216	9	-0.04187545236134582
1216	10-14	0.038541931668049756
1216	15-19	0.02228461699721862
1216	20-24	0.04904687612557268
1216	25-29	0.03306233941376746
1216	30-34	0.010415242368104316
1216	35-39	0.04086717521493455
1216	40-44	0.05472123024094344
1216	45-49	0.0433328014309069
1216	50-54	-0.022284950747817334
1216	55-59	0.008420393725330655
1216	60-64	0.05535634412022716
1216	65-69	0.008315238203223885
1216	70-74	0.025448277913447725
1216	75-79	0.05436373518656268
1216	80-84	0.03369480749833542
1216	85-89	0.061226030126441344
1216	90-94	0.024481406938058115
1216	95-99	0.02697784215999377
1216	100-104	0.04321516119540547
1216	105-109	0.11642271547715666
1216	110-114	-0.002533547915710699
1216	115-119	0.10337723802090437
1216	120-124	0.09038413122443956
1216	125-129	0.11063747026188508
1216	130-134	0.07274304978275126
1216	135-139	0.12209517368813749
1216	140-144	0.18371512752732144
1216	145-149	0.12424115009314107
1216	150-151	0.2683382500007099
1217	1	-0.10315886621217629
1217	2	0.06009953809457613
1217	3	-0.01882080639778394
1217	4	-0.006670499562957843
1217	5	0.015458970138794825
1217	6	0.008277886779232801
1217	7	-0.1416638525995566
1217	8	0.025335853572698852
1217	9	-0.04036906401285023
1217	10-14	-0.05536363644804254
1217	15-19	-0.02334554231715913
1217	20-24	-0.010980990744393182
1217	25-29	0.03553618136129444
1217	30-34	-0.01549779196598422
1217	35-39	-0.025286670938911016
1217	40-44	-0.029374148064967187
1217	45-49	-0.09281210629294634
1217	50-54	0.007633551802271654
1217	55-59	-0.053096510423152665
1217	60-64	-0.10085849367356303
1217	65-69	-0.17367803168478702
1217	70-74	-0.0516435775994637
1217	75-79	-0.054510022634566724
1217	80-84	-0.05891205931906285
1217	85-89	-0.07872033929362487
1217	90-94	0.04723496916530223
1217	95-99	-0.07007668226294328
1217	100-104	-0.03830384611308091
1217	105-109	-0.009236362287190047
1217	110-114	0.07165752417009941
1217	115-119	0.02577168567850663
1217	120-124	-0.01114802083402111
1217	125-129	-0.03432230680316195
1217	130-134	-0.04421262612029153
1217	135-139	-0.00914621650062486
1217	140-144	0.03227604029876119
1217	145-149	-0.007569144875049005
1217	150-151	0.11322099883083325
1218	1	0.055831369558241306
1218	2	0.034790602104529
1218	3	-0.018542962466689517
1218	4	0.08181353102633437
1218	5	0.1368264915063122
1218	6	-0.13818291076515976
1218	7	-0.04459841373845563
1218	8	0.04618208680282976
1218	9	-0.3531181312510796
1218	10-14	-0.08722413233330428
1218	15-19	-0.049059071993532655
1218	20-24	-0.07353609645738857
1218	25-29	-0.03285311767815813
1218	30-34	0.040921990521908924
1218	35-39	-0.09965570060206375
1218	40-44	-0.019444799807438073
1218	45-49	-0.016059440314272422
1218	50-54	0.05233520034292383
1218	55-59	0.04311184606384444
1218	60-64	-0.013215933275581904
1218	65-69	0.02566096437248433
1218	70-74	0.03505272575318941
1218	75-79	0.07257526222161914
1218	80-84	0.004652281396978708
1218	85-89	-0.023231995508069758
1218	90-94	-0.015171423891239044
1218	95-99	0.07090450373372192
1218	100-104	0.011354538158308003
1218	105-109	0.0031089051045185556
1218	110-114	0.059065637212889044
1218	115-119	0.031575183865903966
1218	120-124	0.12108610898524574
1218	125-129	0.005463885676533664
1218	130-134	0.03252575074192521
1218	135-139	0.09177516689753418
1218	140-144	0.047500035429870024
1218	145-149	0.04468932936485004
1218	150-151	0.21892606088263733
1219	1	0.12121227601919315
1219	2	-0.22862416270849906
1219	3	0.12015841972553432
1219	4	0.11259677328499151
1219	5	0.04648040771760975
1219	6	0.10507220548899454
1219	7	-0.01423304354666044
1219	8	0.06398986565207565
1219	9	0.13235277842426285
1219	10-14	0.005667756662731449
1219	15-19	-0.012622770697056751
1219	20-24	0.0573564354187468
1219	25-29	0.05058629087215394
1219	30-34	0.049768020737275265
1219	35-39	0.08906389652641167
1219	40-44	0.03851727026648888
1219	45-49	0.0437884113947149
1219	50-54	0.037881112696936725
1219	55-59	0.03390687445771334
1219	60-64	0.05052134305571343
1219	65-69	0.02130438020876113
1219	70-74	0.02941038138375518
1219	75-79	0.06373780374095617
1219	80-84	0.08343080920154478
1219	85-89	0.029205591548610244
1219	90-94	0.1205448516900276
1219	95-99	0.03439534269224964
1219	100-104	0.058546223575639544
1219	105-109	0.10655045658850781
1219	110-114	0.07016817658929142
1219	115-119	0.07728824504665965
1219	120-124	0.03855530431365395
1219	125-129	0.0949827970662227
1219	130-134	0.10631767188196051
1219	135-139	0.11646604871474864
1219	140-144	0.13200126761673658
1219	145-149	0.1733746395545026
1219	150-151	0.07840318506564614
1220	1	0.23914635543868457
1220	2	0.06913357715730939
1220	3	0.3032474298497121
1220	4	0.07941772594542584
1220	5	0.11955861337594342
1220	6	0.08641916223111679
1220	7	0.013735850262776239
1220	8	0.11033435470755393
1220	9	0.07703391329334153
1220	10-14	0.02289781175216632
1220	15-19	0.06943941500637152
1220	20-24	0.09439627855391564
1220	25-29	0.13928268538187893
1220	30-34	0.14906666417655856
1220	35-39	0.12491925007254423
1220	40-44	0.09463806686241583
1220	45-49	0.09454432383852662
1220	50-54	0.11559189982227736
1220	55-59	0.07967619244247715
1220	60-64	0.09451446021081011
1220	65-69	0.08379260867653215
1220	70-74	0.11463334020672988
1220	75-79	0.07719456586931273
1220	80-84	0.15344214722126281
1220	85-89	0.07817783340858853
1220	90-94	0.1005589908675546
1220	95-99	0.05745980933846795
1220	100-104	0.0997456526730005
1220	105-109	0.07475384732333623
1220	110-114	0.10582611520391794
1220	115-119	0.1494658117742489
1220	120-124	0.14684646465993012
1220	125-129	0.1820982714623156
1220	130-134	0.17920379814749765
1220	135-139	0.15828973583876405
1220	140-144	0.2323947635950745
1220	145-149	0.17532798026865493
1220	150-151	0.29239830304774017
1221	1	0.27655966087477424
1221	2	-0.012595018810500846
1221	3	0.010868802239194508
1221	4	-0.11818646897366136
1221	5	0.26381061849043874
1221	6	-0.061152098440224734
1221	7	0.039995423796561624
1221	8	0.0560793790530667
1221	9	0.006825846339957309
1221	10-14	-0.03766297453685752
1221	15-19	0.004853159565762155
1221	20-24	-0.053536096457392546
1221	25-29	-0.0907616144101766
1221	30-34	-0.08378389183103963
1221	35-39	-0.04389472954697027
1221	40-44	-0.038193632673923616
1221	45-49	0.0179648360629443
1221	50-54	-0.09758076604362742
1221	55-59	-0.023974988670055097
1221	60-64	-0.05625981749592768
1221	65-69	-0.012564992677006614
1221	70-74	-0.016730654265487033
1221	75-79	-0.03136498054215053
1221	80-84	0.014661618465147797
1221	85-89	-0.03637858747818257
1221	90-94	-0.057524365067713745
1221	95-99	-0.06554741036525513
1221	100-104	-0.01004602206578653
1221	105-109	0.04073728979173552
1221	110-114	-0.06752633290849275
1221	115-119	-0.04106720642353423
1221	120-124	-0.008605767765459404
1221	125-129	0.050132419756835134
1221	130-134	0.04852948556918335
1221	135-139	0.10708795868092125
1221	140-144	0.056528980341170154
1221	145-149	-0.00496519911320803
1221	150-151	0.08792699458945918
1222	1	0.0889314263012011
1222	2	-0.1301369980888154
1222	3	0.0151560476839947
1222	4	-0.032155743714639584
1222	5	-0.1018301715876504
1222	6	-0.035173432590177356
1222	7	-0.06809420004869082
1222	8	0.02316966640058382
1222	9	-0.02303175586491335
1222	10-14	0.030910495580023678
1222	15-19	-0.007147044588791118
1222	20-24	0.00166933405350278
1222	25-29	-0.07029716282032439
1222	30-34	-0.03975388111292233
1222	35-39	-0.03533861256641302
1222	40-44	-0.06282794084520305
1222	45-49	-0.006953246925881729
1222	50-54	-0.04945745669845536
1222	55-59	0.01107834670482788
1222	60-64	-0.08588264197406659
1222	65-69	-0.08931076922984715
1222	70-74	-0.024096550248742687
1222	75-79	-0.007562602141696573
1222	80-84	-0.008650789027328187
1222	85-89	-0.06621373268310293
1222	90-94	-0.06587020286692535
1222	95-99	0.056359393084953524
1222	100-104	-0.06956932120322534
1222	105-109	-0.05395979590213784
1222	110-114	-0.05389697548492478
1222	115-119	-0.05174448912654839
1222	120-124	-0.06650399672478358
1222	125-129	-0.006485760205393376
1222	130-134	-0.03671116160071364
1222	135-139	-0.027368224649862327
1222	140-144	-0.022160347479989184
1222	145-149	0.026537888724284642
1222	150-151	0.19415881207529395
1223	1	0.16577310983262805
1223	2	-0.023067152285833004
1223	3	-0.05728881224430182
1223	4	-0.12336928757500942
1223	5	-0.026467793193724276
1223	6	-0.030673879463606113
1223	7	0.09012981195011349
1223	8	-0.040142538894095026
1223	9	0.02873365099536329
1223	10-14	0.02036633729436943
1223	15-19	-0.07011818786565271
1223	20-24	-0.032180043919233015
1223	25-29	-0.035866335744934474
1223	30-34	-0.030280164461487402
1223	35-39	-0.004819725743537617
1223	40-44	-0.029186076509816417
1223	45-49	0.02970681080811488
1223	50-54	0.029841517033602827
1223	55-59	-0.002087469018960064
1223	60-64	-0.0256091759826802
1223	65-69	-0.0040473193669896546
1223	70-74	0.0556482696150411
1223	75-79	-0.02497114718346438
1223	80-84	0.04365497512623051
1223	85-89	-0.053756750671041686
1223	90-94	-0.006079565635687345
1223	95-99	-0.06408891855532062
1223	100-104	-0.016614306461541162
1223	105-109	0.006790335078008525
1223	110-114	-0.03583507067410352
1223	115-119	-0.05851231013063085
1223	120-124	-0.02842421697687314
1223	125-129	-0.008347219170090625
1223	130-134	0.03333804584100619
1223	135-139	0.06648752255333079
1223	140-144	0.062164154538642435
1223	145-149	0.06467930618624962
1223	150-151	0.08798784960239203
1224	1	0.05536636142060303
1224	2	-0.05809348170026851
1224	3	0.10204139775961352
1224	4	-0.1576682432380423
1224	5	-0.02224245886698384
1224	6	-0.03929376353841718
1224	7	0.01728383586758042
1224	8	-0.18202840688081068
1224	9	0.12608050472504573
1224	10-14	0.06912917051615608
1224	15-19	0.012888795427485888
1224	20-24	0.027324685272958504
1224	25-29	-0.033967587181372494
1224	30-34	0.0660448301716059
1224	35-39	0.027665594187261888
1224	40-44	0.016432128038793792
1224	45-49	-8.795079987891086E-4
1224	50-54	-0.013081111109187304
1224	55-59	-0.012217663869250828
1224	60-64	-0.06399430523042327
1224	65-69	-0.005897071226470985
1224	70-74	0.019683173452690994
1224	75-79	0.04689337945534078
1224	80-84	0.03143055001668671
1224	85-89	0.0773750984494157
1224	90-94	0.05760958310971631
1224	95-99	0.024380439562591505
1224	100-104	0.0316454265821875
1224	105-109	0.07161752067196403
1224	110-114	0.045439348752836395
1224	115-119	0.03770812452570027
1224	120-124	0.12064951801156809
1224	125-129	0.07863859956735553
1224	130-134	0.005673597495913896
1224	135-139	0.09765700316300041
1224	140-144	0.04608666902930025
1224	145-149	0.13796221164028566
1224	150-151	0.0618023945518118
1225	1	0.2940595651003406
1225	2	0.10075082904862143
1225	3	0.11116378748992872
1225	4	0.07184660513021157
1225	5	0.09704817739172
1225	6	0.1090709921368429
1225	7	0.10828387084606561
1225	8	0.03556577269875305
1225	9	0.040844924606822985
1225	10-14	0.0845308984534725
1225	15-19	0.08195591914639522
1225	20-24	0.05926983900340588
1225	25-29	0.03284972017460319
1225	30-34	-0.00353717689404931
1225	35-39	0.013755348988063076
1225	40-44	0.05803694107877533
1225	45-49	0.019324066802703044
1225	50-54	0.0041143137045551725
1225	55-59	0.013862296954840758
1225	60-64	-0.007228416252146985
1225	65-69	0.05562589215104907
1225	70-74	0.07262101667910059
1225	75-79	0.08336614870224679
1225	80-84	0.11316268475381719
1225	85-89	0.09867000208367216
1225	90-94	0.08098640636341514
1225	95-99	0.15696290134859936
1225	100-104	0.11394841024723235
1225	105-109	0.0947872712753437
1225	110-114	0.11607350874443512
1225	115-119	0.1330175092540884
1225	120-124	0.1465615820921542
1225	125-129	0.12810098020327132
1225	130-134	0.06050307736579441
1225	135-139	0.16894036389615508
1225	140-144	0.1979548700856455
1225	145-149	0.19904864348470852
1225	150-151	0.38009264604713877
1226	1	0.18786487483485104
1226	2	0.14097609051281523
1226	3	0.008187118141577798
1226	4	0.19091337906424144
1226	5	0.151754532983027
1226	6	0.2538819334079605
1226	7	0.21447856111155517
1226	8	0.06774598187011094
1226	9	0.06980711286104224
1226	10-14	0.1382718477696443
1226	15-19	0.19072502614558573
1226	20-24	0.07729075613937653
1226	25-29	0.1532037024754942
1226	30-34	0.13033249325880547
1226	35-39	0.1872066764216953
1226	40-44	0.12658078661376493
1226	45-49	0.12036992360077647
1226	50-54	0.10290755586062517
1226	55-59	0.09206020524124625
1226	60-64	0.10604592003103619
1226	65-69	0.08072645530471334
1226	70-74	0.08742391289793261
1226	75-79	0.13485448337643646
1226	80-84	0.15306614412630637
1226	85-89	0.11411650248592764
1226	90-94	0.09675470885737525
1226	95-99	0.08359202443789826
1226	100-104	0.19632974572591166
1226	105-109	0.24378163973873512
1226	110-114	0.11993513384500432
1226	115-119	0.20671018825650833
1226	120-124	0.26047952255876794
1226	125-129	0.17894571069402332
1226	130-134	0.19308553915179516
1226	135-139	0.1966153437835274
1226	140-144	0.11139010741468525
1226	145-149	0.20097945603498601
1226	150-151	0.45249811668269757
1227	1	-0.04485927107047871
1227	2	-0.079171716966151
1227	3	-0.0576872031589204
1227	4	-0.045536896324087195
1227	5	0.005742370948510711
1227	6	-0.1277545018847377
1227	7	0.19517825266359523
1227	8	0.05448565114354409
1227	9	-0.050085663203134345
1227	10-14	0.03435296274223276
1227	15-19	-0.04860870021189356
1227	20-24	0.043108078081523615
1227	25-29	0.003147517393692567
1227	30-34	0.014299778884215186
1227	35-39	0.03528013068051905
1227	40-44	0.03184042683381705
1227	45-49	-0.026091458519672983
1227	50-54	0.07856472589134
1227	55-59	0.06188324666186418
1227	60-64	0.018979563006595868
1227	65-69	-0.020155764478303695
1227	70-74	0.038396908230495796
1227	75-79	-0.01953026554954107
1227	80-84	0.052504944729520275
1227	85-89	0.015206786212445422
1227	90-94	0.06472484770781506
1227	95-99	0.08862777117834497
1227	100-104	0.030360121498254955
1227	105-109	0.010196836093385286
1227	110-114	0.05157655251017701
1227	115-119	0.07370690835056593
1227	120-124	0.0805118981943096
1227	125-129	0.10300562841951688
1227	130-134	0.1410505317744466
1227	135-139	0.12235175920788066
1227	140-144	0.1861221941449145
1227	145-149	0.10643895229093658
1227	150-151	0.35289711219115105
1228	1	0.037364062316619595
1228	2	0.07151299358436347
1228	3	-0.0714685151578891
1228	4	-0.14850962081075636
1228	5	-0.10443070194211401
1228	6	0.0793651974555516
1228	7	0.07882423553373741
1228	8	0.1080366294166879
1228	9	-0.02413602047848684
1228	10-14	0.07397681550929747
1228	15-19	0.05221166206370498
1228	20-24	-0.004363896368857922
1228	25-29	0.04513922666994574
1228	30-34	0.055870822644394025
1228	35-39	-0.01626429888865033
1228	40-44	-0.011661032914226155
1228	45-49	-0.04017213984295154
1228	50-54	-0.06833141424447575
1228	55-59	-0.018614841955326256
1228	60-64	-0.055475652568340195
1228	65-69	-0.0849434154936688
1228	70-74	-0.0974186957503349
1228	75-79	-0.044589542611333854
1228	80-84	-0.005428181066882587
1228	85-89	-0.0235486374370808
1228	90-94	0.01638444413990925
1228	95-99	-0.049100183400099695
1228	100-104	0.017412398221324565
1228	105-109	-0.0025005524899341935
1228	110-114	-0.0672885538659358
1228	115-119	-0.022302898575567554
1228	120-124	-0.01650053789130368
1228	125-129	-0.09525428738286479
1228	130-134	0.02096988271078004
1228	135-139	-0.020457731573934268
1228	140-144	0.03135728616549471
1228	145-149	0.05176533905159175
1228	150-151	0.1126661332728176
1229	1	0.38419237903380576
1229	2	0.09319977119481138
1229	3	0.2469134593364828
1229	4	0.35161682714542053
1229	5	0.07675206301082937
1229	6	0.20010711018740324
1229	7	0.12618058366592777
1229	8	0.20332628419470922
1229	9	0.118924274227858
1229	10-14	0.18202564094123375
1229	15-19	0.08699183959917178
1229	20-24	0.1324713463921512
1229	25-29	0.12961052806722506
1229	30-34	0.16010765521841108
1229	35-39	0.20019731875559899
1229	40-44	0.1474188834649084
1229	45-49	0.07675727169748114
1229	50-54	0.10724341562265494
1229	55-59	0.11490250810217617
1229	60-64	0.12777602969780588
1229	65-69	0.13974608805513355
1229	70-74	0.10301720021921312
1229	75-79	0.08442753103982881
1229	80-84	0.1599764206220513
1229	85-89	0.17373457421392402
1229	90-94	0.1683980166441401
1229	95-99	0.16473131675557795
1229	100-104	0.1400595448818862
1229	105-109	0.17560476150130455
1229	110-114	0.14264758673910194
1229	115-119	0.1812765317096634
1229	120-124	0.18899429299249704
1229	125-129	0.15674136636577884
1229	130-134	0.20477768181738298
1229	135-139	0.24686163529669614
1229	140-144	0.2208762120568153
1229	145-149	0.16791852534946372
1229	150-151	0.41014162206723626
1230	1	0.23000891647199495
1230	2	0.04892712385722575
1230	3	0.06019258903314295
1230	4	0.016711436091306098
1230	5	0.2150550780881204
1230	6	0.051663751845786976
1230	7	0.07343861809894037
1230	8	-0.12027399443634579
1230	9	0.05955911148372195
1230	10-14	0.07669244463956204
1230	15-19	0.07891915191338228
1230	20-24	0.10320747288760401
1230	25-29	0.08916943836096891
1230	30-34	0.04328054730977726
1230	35-39	0.08772477266919054
1230	40-44	-9.787976547883659E-4
1230	45-49	0.03933544635956565
1230	50-54	0.07968634764353055
1230	55-59	0.10003152722190833
1230	60-64	0.13323141256808668
1230	65-69	0.11464188689264176
1230	70-74	0.10473466376307528
1230	75-79	0.11613056819444978
1230	80-84	0.151425644680252
1230	85-89	0.12952511369997666
1230	90-94	0.07776070520542788
1230	95-99	0.15560196266955728
1230	100-104	0.10237735937907644
1230	105-109	0.05327659350048464
1230	110-114	0.07581419821246271
1230	115-119	0.12393639247027011
1230	120-124	0.06672855052828908
1230	125-129	0.10649185454109045
1230	130-134	0.16338041559911431
1230	135-139	0.13925828106603433
1230	140-144	0.21328770292328159
1230	145-149	0.18469120123531724
1230	150-151	0.25262752874106553
1231	1	-0.005345101029988086
1231	2	-0.06450612992161808
1231	3	0.04393546890585753
1231	4	-0.14067535786254837
1231	5	0.013982047061865899
1231	6	-0.10539336828149715
1231	7	0.14996367776481634
1231	8	0.0900095377832244
1231	9	0.04065441776852907
1231	10-14	0.0969097238758394
1231	15-19	0.07050903258162577
1231	20-24	-0.011118318679613992
1231	25-29	0.041967274478714955
1231	30-34	-0.0036772251643668596
1231	35-39	0.023107175214931885
1231	40-44	-0.03419617235646655
1231	45-49	-0.0299742115561088
1231	50-54	0.05843193236906785
1231	55-59	0.01622818593312303
1231	60-64	-0.038685214321333206
1231	65-69	-0.032460865692875984
1231	70-74	-0.01811224156707425
1231	75-79	-0.041279901177070144
1231	80-84	-0.014158698995174746
1231	85-89	-0.027896047795643142
1231	90-94	0.08576452382117594
1231	95-99	0.09227862138077825
1231	100-104	0.04701048587072165
1231	105-109	0.05695570249014281
1231	110-114	0.07951112740895638
1231	115-119	0.08301152373518761
1231	120-124	0.09906153382183902
1231	125-129	0.07307591182032525
1231	130-134	0.04822980302950697
1231	135-139	0.11913621264916685
1231	140-144	0.11094421843640845
1231	145-149	0.1812697215217085
1231	150-151	0.20800318506564253
1232	1	0.18721010401732485
1232	2	0.27850207197113264
1232	3	0.20434934903204294
1232	4	-0.06417314966066101
1232	5	0.07093094296092062
1232	6	0.0917195654724452
1232	7	0.2270867061559798
1232	8	0.21102404882423542
1232	9	0.08929542723225126
1232	10-14	0.10945634848151542
1232	15-19	0.03597628810214104
1232	20-24	0.08310603463268507
1232	25-29	0.14147112305914789
1232	30-34	0.17001211237506908
1232	35-39	0.14275991969442714
1232	40-44	0.08445821250158048
1232	45-49	0.14801140358584775
1232	50-54	0.12739344656465335
1232	55-59	0.06293102504983494
1232	60-64	0.086977877161317
1232	65-69	0.08123301443331599
1232	70-74	0.1357784839849785
1232	75-79	0.21153322185131884
1232	80-84	0.14187007072091262
1232	85-89	0.16879291119489181
1232	90-94	0.1995664165656521
1232	95-99	0.22386423652273635
1232	100-104	0.18886840385179937
1232	105-109	0.1461801819854074
1232	110-114	0.24061447125754398
1232	115-119	0.1629085584355039
1232	120-124	0.19329699123509414
1232	125-129	0.19809496544808525
1232	130-134	0.15816645918091865
1232	135-139	0.19070920949459946
1232	140-144	0.18724251496637834
1232	145-149	0.2234299738876402
1232	150-151	0.36862400525492234
1233	1	0.35336457638936736
1233	2	-0.13015774282484216
1233	3	0.04527740438972927
1233	4	0.07518270665357818
1233	5	0.07947882125542094
1233	6	0.08836147042818254
1233	7	0.1552540003454581
1233	8	0.07287405391225832
1233	9	0.17825441776852813
1233	10-14	0.071072304520996
1233	15-19	-0.03374387064418016
1233	20-24	0.04682232648167428
1233	25-29	-0.021872725521298264
1233	30-34	-0.01195593484177948
1233	35-39	-0.016552179623772645
1233	40-44	-0.014005204614527145
1233	45-49	0.02937804650841258
1233	50-54	0.09825128720778054
1233	55-59	-0.003242781808808104
1233	60-64	0.01014059213027707
1233	65-69	0.014419134307125603
1233	70-74	0.043064532626473806
1233	75-79	0.08606461495195816
1233	80-84	0.026233559069346768
1233	85-89	0.04459427478499833
1233	90-94	0.0920096851114991
1233	95-99	-0.007349765715993328
1233	100-104	0.01337435683846877
1233	105-109	0.07601634765143217
1233	110-114	0.08633951450573818
1233	115-119	0.09812378179969983
1233	120-124	0.10846540478959099
1233	125-129	0.1441313956912964
1233	130-134	0.16760270625531604
1233	135-139	0.14170137393949744
1233	140-144	0.12075325069447729
1233	145-149	0.11696004410236327
1233	150-151	0.17840318506564046
1234	1	0.09584612154053929
1234	2	-0.053173214561113014
1234	3	0.17283327454849484
1234	4	0.08477417191801351
1234	5	0.04034442950700878
1234	6	0.03577779159311234
1234	7	0.2112050570751549
1234	8	0.05681580737569902
1234	9	-0.011087275021445464
1234	10-14	0.0791823257567188
1234	15-19	0.05228909527755121
1234	20-24	0.028693091978695406
1234	25-29	0.14320564438466477
1234	30-34	0.06952854286071641
1234	35-39	0.06312422850647437
1234	40-44	0.08895768344290644
1234	45-49	0.10087870380439767
1234	50-54	0.062399330488190685
1234	55-59	0.09608273138766776
1234	60-64	0.11995553802976389
1234	65-69	0.060375247159790035
1234	70-74	0.06505866752384293
1234	75-79	0.09527282609565191
1234	80-84	0.08378437310513931
1234	85-89	0.13816288637362817
1234	90-94	0.14434258024750335
1234	95-99	0.0945998752992736
1234	100-104	0.10127606580802961
1234	105-109	0.17318491879107967
1234	110-114	0.11667827474438042
1234	115-119	0.19943635132139548
1234	120-124	0.19392197269331035
1234	125-129	0.15862224410872727
1234	130-134	0.19307444252793005
1234	135-139	0.2187364634328688
1234	140-144	0.21224177329533944
1234	145-149	0.27905530145901025
1234	150-151	0.31037810669574384
1235	1	0.1391996337285235
1235	2	-0.007316581228025143
1235	3	0.18347371118614575
1235	4	0.06584625733935212
1235	5	-0.09938359030947197
1235	6	0.04192824692040631
1235	7	0.08272060571413675
1235	8	0.02890296612843457
1235	9	0.09369384769726707
1235	10-14	0.12342589173015739
1235	15-19	0.05528787660379919
1235	20-24	0.05333115083740836
1235	25-29	0.00886361652146661
1235	30-34	0.04375371703673636
1235	35-39	0.03698752359181867
1235	40-44	0.09167252123023673
1235	45-49	0.018548480447059035
1235	50-54	0.04428403054801322
1235	55-59	0.013494377540403946
1235	60-64	0.04398525282039145
1235	65-69	0.05212301395874874
1235	70-74	0.03593608780742841
1235	75-79	0.09674119145950044
1235	80-84	0.04703503022098232
1235	85-89	0.06010521902936716
1235	90-94	0.07513332825507035
1235	95-99	0.0912342508344608
1235	100-104	0.11559436552235525
1235	105-109	0.11630189409742542
1235	110-114	0.10715375607088617
1235	115-119	0.08544940180327387
1235	120-124	0.11245896850117987
1235	125-129	0.1663289284474061
1235	130-134	0.1096794308996536
1235	135-139	0.1434790154995298
1235	140-144	0.18745082176182137
1235	145-149	0.2154638624559979
1235	150-151	0.2438822032762502
1236	1	0.20136929833357442
1236	2	0.26054208010225466
1236	3	0.17793324138000344
1236	4	0.21241549337054266
1236	5	0.2468768760197051
1236	6	0.19486184253791095
1236	7	0.20390798961843615
1236	8	0.2870450190879197
1236	9	0.24412553948690174
1236	10-14	0.21416261170400475
1236	15-19	0.14319918373517027
1236	20-24	0.15603165745403658
1236	25-29	0.21200157837687783
1236	30-34	0.18838794587779262
1236	35-39	0.21819414418868632
1236	40-44	0.12217156034044052
1236	45-49	0.1701230358583672
1236	50-54	0.1967905640317582
1236	55-59	0.15858363541601506
1236	60-64	0.1809641094654637
1236	65-69	0.1903777659698136
1236	70-74	0.20083649351646216
1236	75-79	0.20841378219603968
1236	80-84	0.22334290800561973
1236	85-89	0.19125940168724753
1236	90-94	0.18850056200733434
1236	95-99	0.21542694278092966
1236	100-104	0.2303009870640409
1236	105-109	0.23847945746229726
1236	110-114	0.23555962382901185
1236	115-119	0.19330791196112784
1236	120-124	0.21692743676535997
1236	125-129	0.3012412578823813
1236	130-134	0.17547269881311678
1236	135-139	0.2569989334128948
1236	140-144	0.3055709169248786
1236	145-149	0.2311510262154215
1236	150-151	0.42446523757161714
1237	1	0.2640620135945184
1237	2	-0.1434689757714196
1237	3	-0.014954649671217624
1237	4	0.16011831802677534
1237	5	-0.06334917823457431
1237	6	-0.017159376186633324
1237	7	0.0678767212430742
1237	8	0.017181079285201406
1237	9	0.23359038614797356
1237	10-14	0.1488129649825609
1237	15-19	0.07170302467649492
1237	20-24	0.10005195800022904
1237	25-29	0.12034071321388495
1237	30-34	0.12043218195026384
1237	35-39	0.12916757047185
1237	40-44	0.09674833357239265
1237	45-49	0.0886066580091125
1237	50-54	0.16620742644020936
1237	55-59	0.1683356958145481
1237	60-64	0.1491282244138432
1237	65-69	0.15536775090792077
1237	70-74	0.14173850942106725
1237	75-79	0.14365227273597014
1237	80-84	0.13198390970047313
1237	85-89	0.18488497987234354
1237	90-94	0.13223408903856892
1237	95-99	0.10975593363374259
1237	100-104	0.09741617757033083
1237	105-109	0.15130131513836886
1237	110-114	0.1244907321520472
1237	115-119	0.11549468579052302
1237	120-124	0.11748746267559795
1237	125-129	0.15326310549621525
1237	130-134	0.16187913109274632
1237	135-139	0.15014712174008338
1237	140-144	0.156758605788184
1237	145-149	0.19804126302368985
1237	150-151	0.2625929083858054
1238	1	-0.06773503813690951
1238	2	0.23163978202806845
1238	3	0.0014348399750403473
1238	4	0.2023586044016028
1238	5	-0.0780582045104552
1238	6	0.09353493360529797
1238	7	-0.004149529782353056
1238	8	-0.07072505341174207
1238	9	0.04995253097607133
1238	10-14	0.09647299431609468
1238	15-19	0.016485384782882306
1238	20-24	0.08285803352163867
1238	25-29	0.0948568342271301
1238	30-34	0.14099598238280464
1238	35-39	0.0760873010010954
1238	40-44	0.04300433078820021
1238	45-49	0.08254704630552823
1238	50-54	0.1092596053250503
1238	55-59	0.039307431216137445
1238	60-64	0.04565692404344901
1238	65-69	3.3108399266268407E-4
1238	70-74	0.040873418810278395
1238	75-79	0.13340890385438087
1238	80-84	0.11493715006142935
1238	85-89	0.05688885786472753
1238	90-94	0.07186766847526371
1238	95-99	0.0734942188650578
1238	100-104	0.11663262423551402
1238	105-109	0.12010236915681105
1238	110-114	0.040086724893235726
1238	115-119	0.12242485706851625
1238	120-124	0.14203813759542783
1238	125-129	0.09905125773227041
1238	130-134	0.1303923187527758
1238	135-139	0.10885495478753882
1238	140-144	0.15449843227288795
1238	145-149	0.10636154542108045
1238	150-151	0.19947236745558428
1239	1	0.004412522113092621
1239	2	-0.011900031407151346
1239	3	0.07706635240859327
1239	4	0.03616154596856802
1239	5	-0.14264531806713876
1239	6	0.0591551852759693
1239	7	-0.025348284705863477
1239	8	0.10816372073865921
1239	9	0.1341574670257586
1239	10-14	0.0847372141025815
1239	15-19	0.1038580865300247
1239	20-24	0.08399148585517224
1239	25-29	0.023365742031487002
1239	30-34	0.06688590227894764
1239	35-39	0.043603688115638306
1239	40-44	0.08742484406261752
1239	45-49	0.09250372433130849
1239	50-54	0.13737610750589369
1239	55-59	0.13780566834125096
1239	60-64	0.11845505151135427
1239	65-69	0.1178280475205753
1239	70-74	0.11718746132580549
1239	75-79	0.07886796434286225
1239	80-84	0.12497299764282133
1239	85-89	0.15234226338495915
1239	90-94	0.1713488866045978
1239	95-99	0.13833310144332245
1239	100-104	0.1531524092483565
1239	105-109	0.14804086277160877
1239	110-114	0.15613749175610536
1239	115-119	0.1305301476601315
1239	120-124	0.15005737432223754
1239	125-129	0.14738746772337663
1239	130-134	0.16680293829143267
1239	135-139	0.07864808129654932
1239	140-144	0.13537480483203268
1239	145-149	0.1407830913418806
1239	150-151	0.213665108443287
1240	1	-0.07860893422967052
1240	2	0.16258095909201842
1240	3	0.04561886906624579
1240	4	0.08025423315589109
1240	5	0.034803859411510985
1240	6	0.0435054288315726
1240	7	0.0877086657359456
1240	8	0.06629309832852925
1240	9	0.09709964631704082
1240	10-14	0.11563344480607185
1240	15-19	0.023434389438087067
1240	20-24	0.031507118369304976
1240	25-29	0.03633096333196306
1240	30-34	0.01617868502007269
1240	35-39	0.09948786487010608
1240	40-44	0.02995061192581261
1240	45-49	0.06715412845993285
1240	50-54	0.08609255787027337
1240	55-59	-0.0020582615408102356
1240	60-64	0.11451703106759226
1240	65-69	0.1290783163440139
1240	70-74	0.07160528850509706
1240	75-79	0.07401453346607667
1240	80-84	0.02611870276906103
1240	85-89	0.06943065629416623
1240	90-94	0.012054178993594178
1240	95-99	0.007000545999865437
1240	100-104	0.06167557007280777
1240	105-109	0.06514380192879798
1240	110-114	-0.0027501717089180033
1240	115-119	0.010984065836233015
1240	120-124	0.08480190270716292
1240	125-129	0.12481018607854821
1240	130-134	0.10177167953311539
1240	135-139	0.12785653341902048
1240	140-144	0.11447987200497067
1240	145-149	0.15284694686253175
1240	150-151	0.35506717865025195
1241	1	0.06927148738941469
1241	2	0.07817180435068849
1241	3	0.139194310846392
1241	4	-0.08485313564032992
1241	5	0.24793760261742648
1241	6	0.10249645957452458
1241	7	0.10554427244399989
1241	8	0.08272816063142585
1241	9	0.09625128787807569
1241	10-14	0.03395786159101988
1241	15-19	0.050388594396963526
1241	20-24	0.029906783041823815
1241	25-29	0.014840889502174548
1241	30-34	0.05837573258210682
1241	35-39	0.031321009330739
1241	40-44	0.004158256438529406
1241	45-49	4.5533460978219864E-4
1241	50-54	0.033132401852640214
1241	55-59	0.0025843674667669347
1241	60-64	0.03674264170370378
1241	65-69	-1.9745411228200282E-4
1241	70-74	-0.07126228851542749
1241	75-79	-0.0873989622099387
1241	80-84	-0.006210279589851098
1241	85-89	-0.05769761274087415
1241	90-94	-0.07279823048241951
1241	95-99	-0.10053064309496307
1241	100-104	-0.05503596170360936
1241	105-109	-0.04452986871486786
1241	110-114	0.012384241649961325
1241	115-119	-0.025775455920523882
1241	120-124	0.11395179986252657
1241	125-129	0.04554489460593203
1241	130-134	0.008618911010728425
1241	135-139	0.08186998416717017
1241	140-144	0.038160994649238944
1241	145-149	0.14527848521498754
1241	150-151	0.16291022731916627
1242	1	0.07308627151903124
1242	2	-0.01782377698043547
1242	3	-0.053444923251007026
1242	4	0.10468934801980367
1242	5	-0.09193167842832395
1242	6	0.013320357208698397
1242	7	-0.03387945949008753
1242	8	0.09716247895969587
1242	9	0.013548535415587537
1242	10-14	0.04051442975818986
1242	15-19	0.03379060120908406
1242	20-24	0.03530050484980052
1242	25-29	0.002362568596360859
1242	30-34	-0.0011172251643642994
1242	35-39	0.0558475673717993
1242	40-44	0.016790494310200188
1242	45-49	-0.005811074301206531
1242	50-54	0.01181232452593406
1242	55-59	0.03486348005077389
1242	60-64	-0.07928129275270379
1242	65-69	0.046811291169873925
1242	70-74	0.07220305255057724
1242	75-79	0.05725500078371937
1242	80-84	0.062064046102861425
1242	85-89	0.04306865808670324
1242	90-94	0.04736452382118017
1242	95-99	0.06470842530234933
1242	100-104	0.03373362312562023
1242	105-109	-0.015427042607896624
1242	110-114	0.10243818623249723
1242	115-119	0.11434642569597031
1242	120-124	0.11321682793949606
1242	125-129	0.12807826476149842
1242	130-134	0.13179372459813266
1242	135-139	0.08842876166878
1242	140-144	0.1459183360834686
1242	145-149	0.1337089372079845
1242	150-151	0.2501678909479992
1243	1	0.19478310409821376
1243	2	-0.14133433504981952
1243	3	0.1839457253161143
1243	4	-0.047459973247164555
1243	5	0.08020255988238034
1243	6	0.031186118897991832
1243	7	-0.03680555300442023
1243	8	0.09237364034732565
1243	9	0.119921084435191
1243	10-14	0.042929211055323435
1243	15-19	0.09299723770983093
1243	20-24	0.029241681320385737
1243	25-29	0.03479394114537371
1243	30-34	-0.008399276446418469
1243	35-39	-0.08349179914403493
1243	40-44	0.09827767379738361
1243	45-49	0.05855091664902545
1243	50-54	0.045447316984457586
1243	55-59	0.03908972439466396
1243	60-64	0.02191478567866767
1243	65-69	0.020444775332762788
1243	70-74	0.04442929689447084
1243	75-79	0.06864112446395154
1243	80-84	0.0316884804920079
1243	85-89	0.05702190092230097
1243	90-94	0.02469785715450712
1243	95-99	0.033762723944875006
1243	100-104	0.012762280742514065
1243	105-109	0.032281856336290105
1243	110-114	-0.02400374438590802
1243	115-119	0.04742485706852051
1243	120-124	0.09169948253979499
1243	125-129	0.0900164246408437
1243	130-134	0.056118008157717725
1243	135-139	0.07836390495686629
1243	140-144	0.10090626971845751
1243	145-149	0.13092613177811785
1243	150-151	0.33481344147590164
1244	1	0.0782048197307077
1244	2	-0.12212134386773243
1244	3	0.030942758921703728
1244	4	0.024144927398936034
1244	5	-0.096841407771727
1244	6	-0.04414709252872484
1244	7	-0.022359618590179764
1244	8	0.10767800054075138
1244	9	-0.030303426922436927
1244	10-14	-0.02083506217803688
1244	15-19	-0.055316387386668
1244	20-24	-0.03759667050211846
1244	25-29	-0.018164326155201138
1244	30-34	-0.04602372278718292
1244	35-39	-0.049307151250985726
1244	40-44	-0.02275731340241549
1244	45-49	-0.03637370442456245
1244	50-54	-0.034413709469284015
1244	55-59	-0.044617455905225256
1244	60-64	-0.08509789260976675
1244	65-69	-0.044629994060549905
1244	70-74	-0.11534761399179416
1244	75-79	-0.025977714172313426
1244	80-84	-0.07065923782243289
1244	85-89	0.0039061709048340276
1244	90-94	-0.03494292467326687
1244	95-99	0.028702583345918242
1244	100-104	0.032787474777229875
1244	105-109	-0.041968417953597736
1244	110-114	-0.05557654295554215
1244	115-119	0.0019282907716302589
1244	120-124	0.05019231036700944
1244	125-129	0.07715629216898634
1244	130-134	0.06481706134962906
1244	135-139	0.01620676732429871
1244	140-144	0.01646257025890918
1244	145-149	0.020392383962281713
1244	150-151	0.29393408839369073
1245	1	0.09699839816744316
1245	2	0.0881718797092006
1245	3	-0.08650947491436511
1245	4	0.06050088611818438
1245	5	0.15947675011162943
1245	6	-0.03725340038422331
1245	7	0.0037550100280583365
1245	8	0.09474533232575766
1245	9	-0.07022070261670876
1245	10-14	0.07930510108290179
1245	15-19	0.029522323111322635
1245	20-24	0.06587892048571575
1245	25-29	0.10014974638882279
1245	30-34	0.15700797547768275
1245	35-39	0.1061962281844373
1245	40-44	0.12010135573342495
1245	45-49	0.06293005810681507
1245	50-54	0.1223086578907413
1245	55-59	0.041478908244513946
1245	60-64	0.05189070863211498
1245	65-69	0.11910613270198667
1245	70-74	0.07571093660307326
1245	75-79	0.0331686381487728
1245	80-84	0.06034736842055821
1245	85-89	0.09726863920274553
1245	90-94	0.06295360889340884
1245	95-99	0.11053248975958496
1245	100-104	0.07599642487554092
1245	105-109	0.0344950925383003
1245	110-114	0.11805597492099906
1245	115-119	0.10096953336601189
1245	120-124	0.09908105228091557
1245	125-129	0.1378299407127841
1245	130-134	0.21363025246770917
1245	135-139	0.16972394940679436
1245	140-144	0.19420688296289512
1245	145-149	0.16324596550244763
1245	150-151	0.2678092845841036
1246	1	-0.0030845044836809166
1246	2	0.02857016521182487
1246	3	0.04645226639408406
1246	4	0.2816216594058929
1246	5	0.051879692273800515
1246	6	-0.05626809355621987
1246	7	-0.012472742957321259
1246	8	0.22234485960426298
1246	9	-0.0936451112738581
1246	10-14	0.10351267521021157
1246	15-19	0.05670733713422749
1246	20-24	0.0689198602842751
1246	25-29	-0.012170998676708678
1246	30-34	0.09013552208838149
1246	35-39	0.05169920033267772
1246	40-44	0.06570310550853264
1246	45-49	0.08073825312207816
1246	50-54	0.06067494649779803
1246	55-59	0.03194686725179707
1246	60-64	0.050211488975364205
1246	65-69	0.06462321593977549
1246	70-74	0.10824405356636646
1246	75-79	0.016665718917117545
1246	80-84	0.11880255689180075
1246	85-89	0.1512788344649536
1246	90-94	0.10596420984943933
1246	95-99	0.09442468103541302
1246	100-104	0.06278844505440162
1246	105-109	0.11968374016674943
1246	110-114	0.03856820747176215
1246	115-119	0.09694081729877269
1246	120-124	0.07508514449688164
1246	125-129	0.028412552322677698
1246	130-134	0.08611539172652272
1246	135-139	0.13185684059265412
1246	140-144	0.11591150258083616
1246	145-149	0.12377019247931997
1246	150-151	0.2291096214863657
1247	1	0.03761209741358584
1247	2	0.2443872552923949
1247	3	0.1390140681276506
1247	4	0.18241880556157497
1247	5	-0.1761004432105011
1247	6	0.12737239047336857
1247	7	0.11808819138349236
1247	8	0.08251381793886736
1247	9	0.08331278352728333
1247	10-14	0.12814271998479398
1247	15-19	0.13903634775672913
1247	20-24	0.08299654513361787
1247	25-29	0.12092883089894002
1247	30-34	0.04296059584730472
1247	35-39	0.07020569661571585
1247	40-44	0.08749347744899438
1247	45-49	0.08520960167346914
1247	50-54	0.0727385471550619
1247	55-59	0.11078382795646746
1247	60-64	0.1254361864568736
1247	65-69	0.12733742224487798
1247	70-74	0.11705725259635358
1247	75-79	0.11912850349218473
1247	80-84	0.1687966317441294
1247	85-89	0.11637788216545175
1247	90-94	0.15432172226476126
1247	95-99	0.09257994433797734
1247	100-104	0.14722900727150545
1247	105-109	0.13172364023333927
1247	110-114	0.1734915165140194
1247	115-119	0.16364405291806605
1247	120-124	0.11710604744052233
1247	125-129	0.15620369392149058
1247	130-134	0.1208536162590832
1247	135-139	0.14346866401104563
1247	140-144	0.10411838186053046
1247	145-149	0.19115610284467266
1247	150-151	0.21770279596058373
1248	1	0.10065800938991742
1248	2	0.06447427443297471
1248	3	0.049230647755003076
1248	4	0.154821998280525
1248	5	0.2071565416186374
1248	6	0.17133944664851697
1248	7	0.11853599502764212
1248	8	-0.016605703274322536
1248	9	-0.0967067019826402
1248	10-14	0.007188293082684538
1248	15-19	0.003032329626734054
1248	20-24	-0.03619377746655772
1248	25-29	0.048453868568913094
1248	30-34	0.0178438945868038
1248	35-39	0.02578163866750316
1248	40-44	0.016276238218956962
1248	45-49	-0.0341954246198668
1248	50-54	0.02210720453081194
1248	55-59	0.07660019215396119
1248	60-64	0.07039845597415706
1248	65-69	0.0499090254424317
1248	70-74	0.06918704303635792
1248	75-79	0.03176370691002006
1248	80-84	0.04594158094261758
1248	85-89	0.06946258361959678
1248	90-94	0.009716001270632546
1248	95-99	0.09484558872136262
1248	100-104	0.10280494932329276
1248	105-109	0.0935601192864084
1248	110-114	0.07248008541829165
1248	115-119	0.10930925312865725
1248	120-124	0.12564094284206107
1248	125-129	0.05958315909870748
1248	130-134	0.16051546399373962
1248	135-139	0.13275139149831716
1248	140-144	0.1332556336774573
1248	145-149	0.1518128008374262
1248	150-151	0.1841574618930153
1249	1	-0.04943178833649142
1249	2	-0.09739034044793016
1249	3	-0.07169053728609498
1249	4	-0.16156452194923787
1249	5	0.19702600991016794
1249	6	0.23557009921076144
1249	7	0.12430423504035559
1249	8	-0.09416879039014958
1249	9	0.15720178618958158
1249	10-14	0.017901426662220388
1249	15-19	0.040345812767391465
1249	20-24	-0.021764510630077893
1249	25-29	-0.06298727660488623
1249	30-34	-0.049686884607098136
1249	35-39	0.015170580787689403
1249	40-44	-0.0501981537806131
1249	45-49	-0.015784242515856306
1249	50-54	-0.021211411284184578
1249	55-59	-0.06299410508854919
1249	60-64	-0.0871409418755178
1249	65-69	-0.0610607418538649
1249	70-74	-0.0378402911026825
1249	75-79	-0.049337362477380964
1249	80-84	-0.030229039552452264
1249	85-89	-0.028460753677997275
1249	90-94	-0.014827426643215347
1249	95-99	0.03158561828480799
1249	100-104	0.016032900731410393
1249	105-109	0.04786294707218275
1249	110-114	9.645020219650746E-4
1249	115-119	0.019122483487507225
1249	120-124	0.012486177784687413
1249	125-129	0.02727331120112808
1249	130-134	0.011438719438174871
1249	135-139	0.06012742007951033
1249	140-144	0.07369542586674527
1249	145-149	0.07802266269818148
1249	150-151	0.09852702407493297
1250	1	0.17705489897000604
1250	2	0.04589387007838752
1250	3	0.12713546890585548
1250	4	0.10892464213744546
1250	5	0.1483820470618724
1250	6	0.21780663171850279
1250	7	0.20436367776481035
1250	8	-0.018790462216777826
1250	9	0.23265441776852924
1250	10-14	0.09498972387584814
1250	15-19	0.04682903258163407
1250	20-24	0.08936168132038347
1250	25-29	0.09252727447871223
1250	30-34	0.11664277483563268
1250	35-39	0.12358717521493645
1250	40-44	-0.006996172356458885
1250	45-49	0.086505788443894
1250	50-54	0.09491193236907236
1250	55-59	0.10742818593311654
1250	60-64	0.027874785678662306
1250	65-69	0.06161913430712218
1250	70-74	0.041407758432931985
1250	75-79	0.050240098822932566
1250	80-84	0.09208130100482492
1250	85-89	0.13850395220435274
1250	90-94	0.0640045238211755
1250	95-99	0.09035862138077277
1250	100-104	0.08221048587072488
1250	105-109	0.11711570249013903
1250	110-114	0.12431112740896566
1250	115-119	0.14701152373518767
1250	120-124	0.1617815338218449
1250	125-129	0.18699591182031838
1250	130-134	0.14038980302950677
1250	135-139	0.1658562126491745
1250	140-144	0.12982421843641134
1250	145-149	0.1454297215217153
1250	150-151	0.2576031850656406
1251	1	0.2369911262786104
1251	2	0.027043672761891457
1251	3	-0.017018595813951265
1251	4	-0.04267125367944402
1251	5	0.07044045274458455
1251	6	0.024965589887408157
1251	7	0.053079699864262864
1251	8	0.1286216924793564
1251	9	0.10153776425629246
1251	10-14	0.026053591279158184
1251	15-19	0.058389948130169955
1251	20-24	0.12515722986024258
1251	25-29	0.08750375435243285
1251	30-34	0.1267817487898597
1251	35-39	0.1282389194927589
1251	40-44	0.14064000759618267
1251	45-49	0.1451839889174522
1251	50-54	0.15325497893576312
1251	55-59	0.1575737265803241
1251	60-64	0.1579645094355726
1251	65-69	0.1326353931863622
1251	70-74	0.06725426198462259
1251	75-79	0.14495353212995354
1251	80-84	0.1705714667506797
1251	85-89	0.19498508874737297
1251	90-94	0.18410327678092386
1251	95-99	0.17304945011005657
1251	100-104	0.21378630276101518
1251	105-109	0.2613283623165046
1251	110-114	0.19102317160785987
1251	115-119	0.24647116067283292
1251	120-124	0.24657269404283255
1251	125-129	0.27157239169405045
1251	130-134	0.24674749837284082
1251	135-139	0.254031745403708
1251	140-144	0.2900149050978129
1251	145-149	0.31011328900395796
1251	150-151	0.39174178017219674
1252	1	0.1845684889150192
1252	2	-0.025512885616819858
1252	3	0.027103418630915144
1252	4	-0.10990332329853203
1252	5	0.08594057023547208
1252	6	0.2479540001395577
1252	7	0.1912142669242769
1252	8	0.20004127383977988
1252	9	0.10378466128777575
1252	10-14	0.07108750863624635
1252	15-19	0.07966007735775094
1252	20-24	0.07682612751048623
1252	25-29	0.05434094297831393
1252	30-34	-0.006370956507652181
1252	35-39	0.03874620113795402
1252	40-44	-0.006281514068952276
1252	45-49	-0.09086395232593958
1252	50-54	0.024775373060357708
1252	55-59	-0.04135924533160562
1252	60-64	0.019656341059651083
1252	65-69	0.027789126451665425
1252	70-74	0.002943406508343571
1252	75-79	0.019374804243192045
1252	80-84	-0.05877670370844612
1252	85-89	0.10694888543294923
1252	90-94	-0.039585986783698957
1252	95-99	0.03997709742161959
1252	100-104	0.09817328241432222
1252	105-109	-0.0045375889474073006
1252	110-114	0.04058374327698999
1252	115-119	0.06945287487422291
1252	120-124	0.09973722903001203
1252	125-129	0.07250227474256121
1252	130-134	0.0711586954097072
1252	135-139	0.03709706103879995
1252	140-144	0.09088501969328178
1252	145-149	0.08930679929076035
1252	150-151	0.09018637438222044
1253	1	0.08001286663744622
1253	2	0.25889587161803007
1253	3	0.0031705728319550985
1253	4	-0.06920006917894739
1253	5	0.1935367814729574
1253	6	0.10549623910880257
1253	7	0.17664266159852815
1253	8	0.16523294040062098
1253	9	0.10404348628276949
1253	10-14	0.16781669847168246
1253	15-19	0.10530552218902045
1253	20-24	0.09939179679383159
1253	25-29	0.02913574253106077
1253	30-34	0.060665684766348704
1253	35-39	0.08451613595396168
1253	40-44	0.03992213403306977
1253	45-49	0.08661984541079448
1253	50-54	0.07430383383173478
1253	55-59	0.11367668477839032
1253	60-64	0.17678391577874208
1253	65-69	0.11223283715546728
1253	70-74	0.12055590315964082
1253	75-79	0.14121026048574237
1253	80-84	0.19475326405332538
1253	85-89	0.12325776282791168
1253	90-94	0.1608795353685224
1253	95-99	0.09503618874028774
1253	100-104	0.11719764522407417
1253	105-109	0.20570668016527804
1253	110-114	0.1918057540448359
1253	115-119	0.13974587323480137
1253	120-124	0.14794689178950904
1253	125-129	0.19903963776335587
1253	130-134	0.26963876376854046
1253	135-139	0.19939339509721066
1253	140-144	0.22558649711231027
1253	145-149	0.1656466268334924
1253	150-151	0.26085122201714483
1254	1	0.3220565951920591
1254	2	0.23018747069519208
1254	3	0.1501646130847334
1254	4	0.11929318492850172
1254	5	0.0971623092052738
1254	6	0.10154325469460446
1254	7	0.09257585972317628
1254	8	0.09977484233218092
1254	9	0.14957284490807865
1254	10-14	0.07126630059133277
1254	15-19	0.06963464553459886
1254	20-24	0.09090320792023476
1254	25-29	0.04750275635998236
1254	30-34	0.13208863451180974
1254	35-39	0.08874689765132615
1254	40-44	0.04630270196890507
1254	45-49	0.11461718397203668
1254	50-54	0.09945953452789524
1254	55-59	0.052247306981698216
1254	60-64	0.08677600387450468
1254	65-69	0.05788867941121367
1254	70-74	0.16182743460872473
1254	75-79	0.10354366088922973
1254	80-84	0.17072481681053375
1254	85-89	0.1577064194364297
1254	90-94	0.17255187925679394
1254	95-99	0.18615236077939556
1254	100-104	0.16515340028860948
1254	105-109	0.09707486979931446
1254	110-114	0.19044725693863995
1254	115-119	0.1814585245061977
1254	120-124	0.12058369264990887
1254	125-129	0.12856445461137866
1254	130-134	0.1671617382646602
1254	135-139	0.14301457810792328
1254	140-144	0.21209530556053835
1254	145-149	0.19983317564661718
1254	150-151	0.20561983888214286
1255	1	0.05739999700922738
1255	2	-0.013117894627498572
1255	3	0.08459429243526984
1255	4	0.12037562252960754
1255	5	-0.08565716862440809
1255	6	0.0415556513263482
1255	7	0.1669048542354048
1255	8	0.09088796915577291
1255	9	0.016685790317545468
1255	10-14	0.08694580230721272
1255	15-19	0.03504550316986865
1255	20-24	0.046594622496854754
1255	25-29	0.0876959019296848
1255	30-34	0.12751022581602456
1255	35-39	0.05647501835219515
1255	40-44	0.061339513918049704
1255	45-49	0.02618892569879705
1255	50-54	0.1630280108004385
1255	55-59	0.06560857808997866
1255	60-64	0.09452262881592333
1255	65-69	0.01041913430712782
1255	70-74	6.736407858696225E-4
1255	75-79	0.07356872627391198
1255	80-84	0.0764954186518807
1255	85-89	0.12338238357690301
1255	90-94	0.09379589637019592
1255	95-99	0.15004175863568037
1255	100-104	0.1341257799883664
1255	105-109	0.05861217307838018
1255	110-114	0.15639897054622054
1255	115-119	0.1639150531469511
1255	120-124	0.09690310244928924
1255	125-129	0.18078414711443713
1255	130-134	0.13304862655892435
1255	135-139	0.18631111460996408
1255	140-144	0.15219284588739157
1255	145-149	0.21778736858053804
1255	150-151	0.2533051458499571
1256	1	0.07211816269777671
1256	2	0.10444545553855278
1256	3	0.1052230172430626
1256	4	0.21960677670821127
1256	5	0.16956688851585255
1256	6	0.16475295809127743
1256	7	0.17114851921879648
1256	8	0.144585253173787
1256	9	0.08018790578090318
1256	10-14	0.10124469680700798
1256	15-19	0.0783949413209939
1256	20-24	-0.011535580860588368
1256	25-29	0.11101203859317366
1256	30-34	0.07884565186579096
1256	35-39	0.0892043755242895
1256	40-44	0.08077811998692397
1256	45-49	0.13127386268983798
1256	50-54	0.12834933376118585
1256	55-59	0.12495146512878819
1256	60-64	0.17568508730279575
1256	65-69	0.17205254497997657
1256	70-74	0.16741400746618496
1256	75-79	0.13922979719879436
1256	80-84	0.16946734895532956
1256	85-89	0.1631956768756595
1256	90-94	0.16135678986912438
1256	95-99	0.24858067861202215
1256	100-104	0.26089125926592516
1256	105-109	0.21600337457057606
1256	110-114	0.2594887298838273
1256	115-119	0.18545656627192386
1256	120-124	0.18130326622709703
1256	125-129	0.18309305025806566
1256	130-134	0.25700295074798873
1256	135-139	0.3007313866630881
1256	140-144	0.32419885107368884
1256	145-149	0.35761867743818243
1256	150-151	0.3529584828227996
1257	1	0.0012850787979985512
1257	2	0.2164033305944102
1257	3	0.20841897164237366
1257	4	0.31137655769647665
1257	5	-0.04256713198426354
1257	6	0.1435961547833955
1257	7	0.13727876767880787
1257	8	0.23326145334225146
1257	9	0.0966281472446795
1257	10-14	0.1647997629688831
1257	15-19	0.10761101850813759
1257	20-24	0.13903448820076392
1257	25-29	0.14345956533093585
1257	30-34	0.1788483729591661
1257	35-39	0.1511877381547322
1257	40-44	0.1856265641564363
1257	45-49	0.20884461565265156
1257	50-54	0.17678189327602922
1257	55-59	0.21411528522944678
1257	60-64	0.18288038380219973
1257	65-69	0.21477879028835645
1257	70-74	0.19005689056740493
1257	75-79	0.21960291352191064
1257	80-84	0.25882757152866986
1257	85-89	0.2205205276539317
1257	90-94	0.18354591553345045
1257	95-99	0.21339174100548775
1257	100-104	0.24947766335313304
1257	105-109	0.2718876180491776
1257	110-114	0.2624705644691687
1257	115-119	0.31129637127232
1257	120-124	0.32581968863028266
1257	125-129	0.2968792581846671
1257	130-134	0.3438162299255154
1257	135-139	0.30632595463509915
1257	140-144	0.29049599326049247
1257	145-149	0.35595119142006837
1257	150-151	0.5123359450343727
1258	1	0.08330693658756161
1258	2	-0.024960048416915015
1258	3	0.022363055112755603
1258	4	0.14433530044465925
1258	5	0.1187143354631246
1258	6	0.1454956599316688
1258	7	0.1673179097397366
1258	8	0.1257813246170798
1258	9	0.1770004992732268
1258	10-14	0.136235617292769
1258	15-19	0.10181887584181482
1258	20-24	0.10142036470597304
1258	25-29	0.15010219610879716
1258	30-34	0.10213042373845127
1258	35-39	0.12707407176665697
1258	40-44	0.15729624143664012
1258	45-49	0.1660824655598887
1258	50-54	0.15644321763552682
1258	55-59	0.19294793514941944
1258	60-64	0.1067893938291391
1258	65-69	0.11178590546700207
1258	70-74	0.11019973335455546
1258	75-79	0.15546091386994476
1258	80-84	0.16215427906124802
1258	85-89	0.1895735446808473
1258	90-94	0.12929555830393724
1258	95-99	0.17986633297952181
1258	100-104	0.09249863634094169
1258	105-109	0.16628836706694727
1258	110-114	0.1423836038979971
1258	115-119	0.19191284034960887
1258	120-124	0.1537965808437889
1258	125-129	0.2163024948924317
1258	130-134	0.21877977168154672
1258	135-139	0.2061972784798911
1258	140-144	0.23230446922010373
1258	145-149	0.20820890647469525
1258	150-151	0.45771352989323333
1259	1	0.20641228621728658
1259	2	-0.2310156167023294
1259	3	0.092776526448624
1259	4	0.0335156219197188
1259	5	0.31291081844600654
1259	6	0.12779356795489605
1259	7	0.16208187372127014
1259	8	0.0051672360724950295
1259	9	0.09302891232529475
1259	10-14	0.19443557146526302
1259	15-19	0.0708394835925148
1259	20-24	0.12865847758788362
1259	25-29	0.11999352642271788
1259	30-34	0.08440688058990986
1259	35-39	0.12842549558818206
1259	40-44	0.10212382764353833
1259	45-49	0.17949042296955753
1259	50-54	0.12599522941417263
1259	55-59	0.14191901019439968
1259	60-64	0.13696144197727023
1259	65-69	0.1401112027363638
1259	70-74	0.14103774288083315
1259	75-79	0.14249465558808794
1259	80-84	0.12556833055381844
1259	85-89	0.13726973758538463
1259	90-94	0.09369733875119124
1259	95-99	0.16887358250053097
1259	100-104	0.1898967067105346
1259	105-109	0.15265809751346637
1259	110-114	0.2541286079688376
1259	115-119	0.18831391875851722
1259	120-124	0.2519239910535731
1259	125-129	0.20452872675033973
1259	130-134	0.19535216694863777
1259	135-139	0.19869229352009654
1259	140-144	0.2035511235685945
1259	145-149	0.16238822852016455
1259	150-151	0.31946072783392054
1260	1	0.05822856668160625
1260	2	-0.21775001706895125
1260	3	-0.09989399817877853
1260	4	-0.08920701930455976
1260	5	0.005861670886318393
1260	6	-0.01437894821879837
1260	7	-0.1210833441787571
1260	8	-0.07798043086881279
1260	9	0.0014519099315393191
1260	10-14	0.06037354832724873
1260	15-19	-0.29128457243404426
1260	20-24	-0.01331317761378159
1260	25-29	-0.06839310169683444
1260	30-34	-0.11542443519571322
1260	35-39	-0.0754337652239414
1260	40-44	-0.08815830401790237
1260	45-49	-0.08814950936174881
1260	50-54	-0.06111164129864477
1260	55-59	-0.007365544474403407
1260	60-64	-0.026752925920078496
1260	65-69	-0.01799465879632578
1260	70-74	0.006751457492491397
1260	75-79	0.03759257531195459
1260	80-84	-0.07107456106413679
1260	85-89	-0.027981314253324285
1260	90-94	-0.07446619718195535
1260	95-99	0.059490157430929
1260	100-104	0.026667915337810655
1260	105-109	0.005159840421178785
1260	110-114	0.06777545342777813
1260	115-119	0.03642694693267856
1260	120-124	0.057871815953504324
1260	125-129	0.034484313074237605
1260	130-134	0.04636597857809477
1260	135-139	0.049457466567666586
1260	140-144	0.023527039753020063
1260	145-149	0.04645342058127966
1260	150-151	-0.07520183060833574
1261	1	0.13241551673062446
1261	2	0.29559888938340606
1261	3	0.1678829592533475
1261	4	0.11840726762007137
1261	5	0.2723048269846515
1261	6	0.004913967625839177
1261	7	0.17813356193470042
1261	8	0.16693308990677735
1261	9	0.1705324100465191
1261	10-14	0.14522848835460422
1261	15-19	0.04126671597931164
1261	20-24	0.15343087050957394
1261	25-29	0.18113885749028924
1261	30-34	0.19446578641864676
1261	35-39	0.2017165960643581
1261	40-44	0.1975678430875476
1261	45-49	0.17451567261377932
1261	50-54	0.143225754762895
1261	55-59	0.18738494268987438
1261	60-64	0.14289934166322382
1261	65-69	0.1374307173187077
1261	70-74	0.11921100167617027
1261	75-79	0.21093446175729014
1261	80-84	0.19357195737548238
1261	85-89	0.22067846957887127
1261	90-94	0.2132950257516839
1261	95-99	0.1879746831568454
1261	100-104	0.20337311135335767
1261	105-109	0.2673353163897616
1261	110-114	0.23726989188772052
1261	115-119	0.24306835771201207
1261	120-124	0.2605491013894081
1261	125-129	0.241346490970912
1261	130-134	0.31209018912988995
1261	135-139	0.29032262191557834
1261	140-144	0.3094504732626646
1261	145-149	0.38671219256417544
1261	150-151	0.39577770244016364
1262	1	0.2191790799372484
1262	2	-0.06130363382177251
1262	3	0.05975075751740633
1262	4	0.2030650477536753
1262	5	0.10267845891834071
1262	6	0.10738416681990515
1262	7	0.07617896637636079
1262	8	0.2435146859891546
1262	9	0.12583632104465892
1262	10-14	0.14767640094292744
1262	15-19	0.09465530403248579
1262	20-24	0.0722604020692117
1262	25-29	0.13622399834766696
1262	30-34	0.09545687779974799
1262	35-39	0.12089837646298207
1262	40-44	0.11086017709751417
1262	45-49	0.1300337759633976
1262	50-54	0.09406126154223671
1262	55-59	0.14064378655714904
1262	60-64	0.12195378723872352
1262	65-69	0.08328028875330062
1262	70-74	0.10230161178706254
1262	75-79	0.07938855436115233
1262	80-84	0.09108585638703914
1262	85-89	0.01481721273477632
1262	90-94	0.08902443021743522
1262	95-99	0.11821110188000006
1262	100-104	0.0849731691780562
1262	105-109	0.10678983665550845
1262	110-114	0.1979081320891467
1262	115-119	0.16740665634048923
1262	120-124	0.21310633881404328
1262	125-129	0.09813974957383209
1262	130-134	0.1986887109858202
1262	135-139	0.17759287411562497
1262	140-144	0.18242453044888407
1262	145-149	0.21283040794917696
1262	150-151	0.3576543551124516
1263	1	0.015442300544812326
1263	2	0.10464032677129609
1263	3	0.19879531142554185
1263	4	0.324420705129576
1263	5	0.1537993698965181
1263	6	0.1367231671515725
1263	7	0.11443611870969761
1263	8	0.16756544329503242
1263	9	0.14360874847718463
1263	10-14	0.1442142908049746
1263	15-19	0.07692415069186609
1263	20-24	0.04833616950936204
1263	25-29	0.12694617211649728
1263	30-34	0.12335521578052067
1263	35-39	0.09551284450627406
1263	40-44	0.1399191032340923
1263	45-49	0.09821980419192755
1263	50-54	0.13311539693599883
1263	55-59	0.11850220168114589
1263	60-64	0.12423762032433672
1263	65-69	0.07945850438586888
1263	70-74	0.08163704977150843
1263	75-79	0.0955591539410392
1263	80-84	0.12428791517805848
1263	85-89	0.16440631440908504
1263	90-94	0.10632515374243923
1263	95-99	0.15832460563274253
1263	100-104	0.11206371421718586
1263	105-109	0.1520183796555017
1263	110-114	0.1203501825270692
1263	115-119	0.24499703554620567
1263	120-124	0.19786342358562337
1263	125-129	0.2007785889856777
1263	130-134	0.2680370471239968
1263	135-139	0.28672550398776053
1263	140-144	0.3072226436332528
1263	145-149	0.31252011522249745
1263	150-151	0.3791905866404477
1264	1	-0.1830670177621201
1264	2	-0.0270839775256988
1264	3	0.17792824188308032
1264	4	0.18389086366141072
1264	5	0.07337183496446187
1264	6	0.13483538270043738
1264	7	0.16607679638224937
1264	8	0.10263357548942764
1264	9	0.23575638163341495
1264	10-14	0.11130746150348614
1264	15-19	0.029385136273695878
1264	20-24	0.0604867716581623
1264	25-29	0.17374392805294292
1264	30-34	0.18970131372015686
1264	35-39	0.15689231268547843
1264	40-44	0.14014425183835044
1264	45-49	0.08604099661356912
1264	50-54	0.17560019631251578
1264	55-59	0.09563996912243766
1264	60-64	0.05484879981850099
1264	65-69	0.04350004554042641
1264	70-74	0.03813586526717927
1264	75-79	0.11238344524868893
1264	80-84	0.131639635647403
1264	85-89	0.13208635597498386
1264	90-94	0.11469523866799847
1264	95-99	0.08271079734307563
1264	100-104	0.08937516772461862
1264	105-109	0.09412698293004951
1264	110-114	0.12730801664698532
1264	115-119	0.13481029828349733
1264	120-124	0.03375136885718888
1264	125-129	0.17933652454617288
1264	130-134	0.17359388786847063
1264	135-139	0.17095409167509956
1264	140-144	0.19269177538848936
1264	145-149	0.22944819756256152
1264	150-151	0.4091180318841836
1265	1	0.23985299722674824
1265	2	0.32478832332719776
1265	3	0.27816938332740904
1265	4	0.17311481646391513
1265	5	0.14721564452621294
1265	6	0.21258824820027655
1265	7	0.18366256841457584
1265	8	0.13303457740287428
1265	9	0.15036218322018868
1265	10-14	0.20610630073797154
1265	15-19	0.1659197457353585
1265	20-24	0.16208637228710643
1265	25-29	0.23476752804447898
1265	30-34	0.1916941852952192
1265	35-39	0.22264213559527946
1265	40-44	0.17946138707301884
1265	45-49	0.24128081221569175
1265	50-54	0.2280268610536993
1265	55-59	0.27931281350839754
1265	60-64	0.23376106143143716
1265	65-69	0.2691576446082351
1265	70-74	0.2326714034408468
1265	75-79	0.25991768994812503
1265	80-84	0.26531540560070965
1265	85-89	0.27205197122179214
1265	90-94	0.2103819564677707
1265	95-99	0.21634125212562338
1265	100-104	0.22042614355693502
1265	105-109	0.28576533798935344
1265	110-114	0.22714928905714515
1265	115-119	0.2776810641472309
1265	120-124	0.27649975886146194
1265	125-129	0.3104367993005184
1265	130-134	0.3038027982751501
1265	135-139	0.29639694165076236
1265	140-144	0.32771455124147764
1265	145-149	0.2967790717594312
1265	150-151	0.4397344053509116
1266	1	0.24358571658007122
1266	2	0.09484732919788286
1266	3	0.21527131796246124
1266	4	0.04512589999908556
1266	5	0.07917449989205494
1266	6	0.06837770090088924
1266	7	0.26943537587801814
1266	8	0.19342588998448207
1266	9	0.10970095864902873
1266	10-14	0.12288808865571355
1266	15-19	0.04793192566339144
1266	20-24	0.08788948006252895
1266	25-29	0.08888199145983577
1266	30-34	0.10577585659663669
1266	35-39	0.16665333873694976
1266	40-44	0.08388483393284929
1266	45-49	0.1278300651734554
1266	50-54	0.07781306444454827
1266	55-59	0.1150935947381484
1266	60-64	0.1865374271880995
1266	65-69	0.16196630411845092
1266	70-74	0.19559039994236116
1266	75-79	0.1711447529109762
1266	80-84	0.19669815635074173
1266	85-89	0.20846118490875654
1266	90-94	0.20520100180859657
1266	95-99	0.17852566540593529
1266	100-104	0.1788967751788988
1266	105-109	0.1962029980876281
1266	110-114	0.20360873747186048
1266	115-119	0.232487750150284
1266	120-124	0.24769851495391748
1266	125-129	0.20911415081403817
1266	130-134	0.25114703573390784
1266	135-139	0.19187382271206843
1266	140-144	0.24254874673829363
1266	145-149	0.3120219227795715
1266	150-151	0.35356041777004776
1267	1	0.05592349724722112
1267	2	0.005502953868514737
1267	3	0.013479086760206371
1267	4	6.771871648538763E-4
1267	5	-0.06564457784024569
1267	6	0.08952346805366318
1267	7	0.04243666132001778
1267	8	0.1982081282295809
1267	9	-0.07953728152669726
1267	10-14	0.09085152497216598
1267	15-19	0.03317052044381086
1267	20-24	0.06782821225225888
1267	25-29	0.05892602154213478
1267	30-34	0.02604643967509901
1267	35-39	-0.01982193989861969
1267	40-44	0.011599160454814239
1267	45-49	0.0708313013648052
1267	50-54	0.03522504121793446
1267	55-59	0.07263288444525529
1267	60-64	0.04135487964890672
1267	65-69	0.007512321464524518
1267	70-74	0.017831501580928943
1267	75-79	0.021719754265369318
1267	80-84	0.02465627359683964
1267	85-89	0.013217812815156549
1267	90-94	0.04007243298327268
1267	95-99	0.013559623730031944
1267	100-104	0.05281609276187993
1267	105-109	0.04074971971802199
1267	110-114	0.053840461786407445
1267	115-119	0.07703200924810716
1267	120-124	0.012010507980029672
1267	125-129	0.05505417337083429
1267	130-134	0.08260687429027769
1267	135-139	0.1414790787415825
1267	140-144	0.154420616243776
1267	145-149	0.17296024618890726
1267	150-151	0.2170092931314258
1268	1	0.035895949089344015
1268	2	-0.1388214839391182
1268	3	0.29885607352002097
1268	4	0.14081644802448068
1268	5	0.10367878532758112
1268	6	0.12803606688159164
1268	7	0.13071785437578853
1268	8	0.064292433566834
1268	9	0.015008594379501972
1268	10-14	0.15561050350989092
1268	15-19	0.045188046105892
1268	20-24	0.1178454999361378
1268	25-29	0.10062528561633854
1268	30-34	0.06619224182051653
1268	35-39	0.1061814154695142
1268	40-44	0.1014873916849055
1268	45-49	0.1284364805679985
1268	50-54	0.056138217174158456
1268	55-59	0.10766875872548098
1268	60-64	0.04031176260787106
1268	65-69	0.02490441672558319
1268	70-74	0.07927722541781179
1268	75-79	0.07476223088337974
1268	80-84	0.11705810291412888
1268	85-89	0.13334372945177364
1268	90-94	0.1490415325721699
1268	95-99	0.05822726099891895
1268	100-104	0.11065102684128902
1268	105-109	0.1621071424264997
1268	110-114	0.14518571770331334
1268	115-119	0.13984729143606245
1268	120-124	0.06100062690060071
1268	125-129	0.16377109081794572
1268	130-134	0.18056418648217232
1268	135-139	0.13925828106603433
1268	140-144	0.17319223752948432
1268	145-149	0.19614704849068687
1268	150-151	0.4483315860203021
1269	1	0.18399234118880514
1269	2	-0.05128702360420334
1269	3	0.13208092345131206
1269	4	-0.055919733825568585
1269	5	0.13460084521287285
1269	6	0.0988987734750495
1269	7	0.10536583492968532
1269	8	0.11557995380787389
1269	9	0.01739155182091423
1269	10-14	0.054709662242558466
1269	15-19	0.07300000330582179
1269	20-24	0.08683027916322317
1269	25-29	0.07991463965589674
1269	30-34	0.09727414617615437
1269	35-39	0.09649121219489842
1269	40-44	0.08609917433074799
1269	45-49	0.06439817673357595
1269	50-54	0.06191051480358567
1269	55-59	0.06310892553250369
1269	60-64	0.10192248983891261
1269	65-69	0.12853315587877034
1269	70-74	0.08077515442676031
1269	75-79	0.08972583071815876
1269	80-84	0.0329794211897223
1269	85-89	0.049559730324538975
1269	90-94	0.04097931580885472
1269	95-99	0.05581341336845469
1269	100-104	0.07428493887534415
1269	105-109	0.07007668862266314
1269	110-114	0.1279529147741485
1269	115-119	0.08354452835767745
1269	120-124	0.11177968482337519
1269	125-129	0.12037773000214713
1269	130-134	0.13307763045631305
1269	135-139	0.12684974115456527
1269	140-144	0.12100326312053511
1269	145-149	0.17132457514266974
1269	150-151	0.34188546549707866
1270	1	0.29915102300101637
1270	2	0.27939464527218405
1270	3	0.09458973247175351
1270	4	0.07897115376535879
1270	5	0.12494018659675277
1270	6	0.21319267823012922
1270	7	0.1482272436562866
1270	8	0.14039093313206052
1270	9	0.2061613945127121
1270	10-14	0.20679623550374515
1270	15-19	0.10050469149636143
1270	20-24	0.15245873558395573
1270	25-29	0.16960014269576362
1270	30-34	0.21109982909919722
1270	35-39	0.19420050854827053
1270	40-44	0.2205734400466426
1270	45-49	0.20228377294002087
1270	50-54	0.21044433546984465
1270	55-59	0.2786902014370014
1270	60-64	0.2752868787019196
1270	65-69	0.18232611105131014
1270	70-74	0.2899212468050152
1270	75-79	0.26722490502447727
1270	80-84	0.28386796767149036
1270	85-89	0.2626837971656002
1270	90-94	0.31725599668939
1270	95-99	0.30604358262109344
1270	100-104	0.25696025331257744
1270	105-109	0.28816438466068917
1270	110-114	0.2758919026027655
1270	115-119	0.28102950823131323
1270	120-124	0.272516417542775
1270	125-129	0.3121183924404818
1270	130-134	0.31110608209927193
1270	135-139	0.31888567001352186
1270	140-144	0.317569954870514
1270	145-149	0.34915809361473293
1270	150-151	0.47375202227494384
1271	1	0.12391415822926888
1271	2	-0.04191600646482385
1271	3	0.15901695038733976
1271	4	-0.03855683934403231
1271	5	-0.005148817135662398
1271	6	0.002339965051838533
1271	7	0.11063034443147757
1271	8	0.34011817975853376
1271	9	0.07516799801543783
1271	10-14	0.05729293375238598
1271	15-19	0.053918415297680156
1271	20-24	0.062266372678415394
1271	25-29	0.07152233620710291
1271	30-34	0.07251240446526452
1271	35-39	0.08345976780753261
1271	40-44	0.05088925974229852
1271	45-49	0.05627171436982081
1271	50-54	0.1040418089122781
1271	55-59	0.07161584025411116
1271	60-64	0.10000120543175228
1271	65-69	0.13775246764046045
1271	70-74	0.05781961028478122
1271	75-79	0.10256800005750222
1271	80-84	0.13337414051100183
1271	85-89	0.129600248500644
1271	90-94	0.0691423015989514
1271	95-99	0.047556646072138165
1271	100-104	0.09875468340158733
1271	105-109	0.15899125804569536
1271	110-114	0.13698865827315387
1271	115-119	0.1360051039821002
1271	120-124	0.12137659555023816
1271	125-129	0.1379983809561267
1271	130-134	0.08031079068382496
1271	135-139	0.1480932496862124
1271	140-144	0.165364959177154
1271	145-149	0.19813885732418157
1271	150-151	0.20494639494219058
1272	1	0.029027987655027232
1272	2	0.053663900659422836
1272	3	0.14236727318720455
1272	4	-0.03490410403992428
1272	5	0.10216797978358017
1272	6	-0.03435728265458238
1272	7	0.09457529855991709
1272	8	0.162210149404018
1272	9	0.1868171089000228
1272	10-14	0.1544500296862381
1272	15-19	0.05377117325441105
1272	20-24	0.013415993246994162
1272	25-29	0.030665500778404464
1272	30-34	0.05786748431575006
1272	35-39	0.04178460640759596
1272	40-44	0.11190976036524347
1272	45-49	0.008633250217599198
1272	50-54	0.04034263573298347
1272	55-59	0.01362512782915104
1272	60-64	0.020920901886611887
1272	65-69	0.011299868252081069
1272	70-74	0.011625250787673735
1272	75-79	0.02549245356298968
1272	80-84	0.036528518130211296
1272	85-89	-0.003240390303297147
1272	90-94	-0.020256271285859384
1272	95-99	0.087544187130014
1272	100-104	0.07171311584014717
1272	105-109	0.11459778200084259
1272	110-114	0.020803359824867584
1272	115-119	0.11661445951500582
1272	120-124	0.10093260415823124
1272	125-129	0.07467297604050316
1272	130-134	0.13088276939036092
1272	135-139	0.20631615148709415
1272	140-144	0.16116856094405563
1272	145-149	0.18343730561957017
1272	150-151	0.16708820035616867
1273	1	0.2733726472108202
1273	2	0.13978096937471207
1273	3	0.16150732191601946
1273	4	0.1722053301749753
1273	5	0.029364064262807688
1273	6	0.1717431446192066
1273	7	0.16855320082970593
1273	8	0.20511446350644746
1273	9	0.19357889001246775
1273	10-14	0.16542525163190192
1273	15-19	0.16828341882087727
1273	20-24	0.11307670868551156
1273	25-29	0.13970663335283007
1273	30-34	0.14757393980826805
1273	35-39	0.22155521274425638
1273	40-44	0.17968442185776468
1273	45-49	0.1678751082249761
1273	50-54	0.20649260476938025
1273	55-59	0.21849370587057138
1273	60-64	0.18850978176935484
1273	65-69	0.20477097168007674
1273	70-74	0.20569410714286107
1273	75-79	0.23899306207546545
1273	80-84	0.1750120906842625
1273	85-89	0.19800293578526862
1273	90-94	0.232334031248854
1273	95-99	0.21714467298358642
1273	100-104	0.2388443560818274
1273	105-109	0.280018970668408
1273	110-114	0.223690267362052
1273	115-119	0.2537514142746744
1273	120-124	0.23449834382965662
1273	125-129	0.2781145982941311
1273	130-134	0.2768889429826018
1273	135-139	0.2931906927117254
1273	140-144	0.31864298309629646
1273	145-149	0.3715884079955245
1273	150-151	0.37160099585532436
1274	1	0.05974383941858008
1274	2	0.11217940758805156
1274	3	0.15472031035984202
1274	4	-0.07737698199247944
1274	5	0.17575405015544732
1274	6	0.006980336281536381
1274	7	0.1433062918406094
1274	8	0.11055586415599805
1274	9	0.16990174955506632
1274	10-14	0.0876329411998995
1274	15-19	0.013429744105216912
1274	20-24	8.387424186082626E-4
1274	25-29	-0.003450451739389848
1274	30-34	-0.018911502039848926
1274	35-39	-0.011646359201151313
1274	40-44	0.02880596221429954
1274	45-49	-0.03330463692346797
1274	50-54	0.06214670421748281
1274	55-59	0.002445664664755043
1274	60-64	0.012962736181371781
1274	65-69	-0.013562304207958675
1274	70-74	0.015828547296038664
1274	75-79	-0.05690322677645554
1274	80-84	0.010457294817662444
1274	85-89	0.036977579427862395
1274	90-94	-0.0391072472538454
1274	95-99	0.07534015270328354
1274	100-104	0.015879658337851765
1274	105-109	0.11267777518929734
1274	110-114	0.04108192400602917
1274	115-119	0.07408765675915419
1274	120-124	0.11138833969965134
1274	125-129	0.09214177415597646
1274	130-134	0.07571911470777337
1274	135-139	0.14914592649294178
1274	140-144	0.09403643808064288
1274	145-149	0.04083600149078137
1274	150-151	0.275618962327826
1275	1	0.13197773361567755
1275	2	0.06054583858232121
1275	3	0.13580318544129
1275	4	0.03465692560201461
1275	5	0.178996220290216
1275	6	0.1713688364429089
1275	7	0.149081788001034
1275	8	0.03843158502731825
1275	9	0.18455363036694905
1275	10-14	0.09571035379709514
1275	15-19	0.0624359617154866
1275	20-24	0.09369050021803105
1275	25-29	0.029938298100752547
1275	30-34	0.0654024598750027
1275	35-39	0.07535536419131006
1275	40-44	0.024643512682906987
1275	45-49	0.050975709703735106
1275	50-54	0.09280043630607793
1275	55-59	0.06432897333470322
1275	60-64	0.09589116363142125
1275	65-69	0.035364016196886894
1275	70-74	0.08384177418096073
1275	75-79	0.1264252956733216
1275	80-84	0.04869736399695057
1275	85-89	0.08314647188938551
1275	90-94	0.051207043506217076
1275	95-99	0.06194665287684131
1275	100-104	0.02576450161875954
1275	105-109	0.11989239540352514
1275	110-114	0.10901159984991438
1275	115-119	0.038382862317860145
1275	120-124	0.03660358106593975
1275	125-129	0.052747092922686534
1275	130-134	0.138273267596432
1275	135-139	0.07066251186177652
1275	140-144	0.1213958719797148
1275	145-149	0.03598468215163564
1275	150-151	0.19336381498690258
1276	1	0.13013477513099758
1276	2	0.16112359144061372
1276	3	0.20694723361174283
1276	4	0.08611349662660928
1276	5	0.08866687678322904
1276	6	0.16436266887020423
1276	7	0.2419512938638846
1276	8	0.3114039650278073
1276	9	0.11695410817100083
1276	10-14	0.19189523471175107
1276	15-19	0.16789999233395037
1276	20-24	0.18752341506652215
1276	25-29	0.22958238283784027
1276	30-34	0.2623874187984825
1276	35-39	0.25851423403845786
1276	40-44	0.22596283693146546
1276	45-49	0.2201290701776415
1276	50-54	0.2134635113164407
1276	55-59	0.22307400636655927
1276	60-64	0.2608466742235578
1276	65-69	0.2838308990130116
1276	70-74	0.2643268915598611
1276	75-79	0.21567811739878096
1276	80-84	0.2459319511596334
1276	85-89	0.2823751596346895
1276	90-94	0.27743263527628415
1276	95-99	0.2761676616284561
1276	100-104	0.2531846035177878
1276	105-109	0.2583892628616553
1276	110-114	0.304989269823821
1276	115-119	0.26618130701692166
1276	120-124	0.2812168279394882
1276	125-129	0.33191727404942384
1276	130-134	0.38357494234839606
1276	135-139	0.3740593086244033
1276	140-144	0.27617220605250736
1276	145-149	0.3195087308096376
1276	150-151	0.48397594048360304
1277	1	0.27041813884540034
1277	2	0.18314745263290177
1277	3	0.2600899860398158
1277	4	-0.054738909264422375
1277	5	-0.008552532377386513
1277	6	-0.016351623733207532
1277	7	0.05221912947821039
1277	8	0.08832978700440464
1277	9	0.12965628692740694
1277	10-14	0.003179630417896817
1277	15-19	0.05157619769066457
1277	20-24	0.044740123687986966
1277	25-29	0.05021450189303778
1277	30-34	-0.026587630148789287
1277	35-39	-0.032341547526499426
1277	40-44	-0.016256234661760516
1277	45-49	-0.03850156358102197
1277	50-54	0.010676169129190782
1277	55-59	-0.0443873903908667
1277	60-64	0.011089240507324405
1277	65-69	-0.0169204295558103
1277	70-74	-0.018175543747759093
1277	75-79	-0.0064547298375075
1277	80-84	0.020815008169940086
1277	85-89	0.047478407033018755
1277	90-94	-0.02701553848412175
1277	95-99	0.03672821639635515
1277	100-104	0.022874909546736433
1277	105-109	0.08147308566771017
1277	110-114	0.04288458535288697
1277	115-119	0.08909152373518481
1277	120-124	0.062451938806269425
1277	125-129	0.05048251618170241
1277	130-134	0.1664882453971117
1277	135-139	0.16853284816318848
1277	140-144	0.1085806047292408
1277	145-149	0.05735196451236391
1277	150-151	0.019213153912993164
1278	1	0.20952270612397683
1278	2	0.1546764517269068
1278	3	0.043009807941629674
1278	4	-0.010030256773902124
1278	5	0.24759200040556806
1278	6	0.06869558972783096
1278	7	-0.10230381834715985
1278	8	0.17001949112692216
1278	9	-0.06871292282245633
1278	10-14	0.0737512790857977
1278	15-19	-0.04984480878695052
1278	20-24	0.012328773077769029
1278	25-29	-0.0038011858634448004
1278	30-34	-0.07795703853916791
1278	35-39	-0.0022121404926878085
1278	40-44	-0.005496701127846393
1278	45-49	0.048541744898017214
1278	50-54	0.04263597591494772
1278	55-59	0.06042600863918324
1278	60-64	0.022497989411171204
1278	65-69	0.029380254058295918
1278	70-74	-0.020082008285577047
1278	75-79	-0.0478630427011808
1278	80-84	0.020436137707783075
1278	85-89	0.052666316123485046
1278	90-94	0.04082020033751377
1278	95-99	0.01584092309150975
1278	100-104	0.07481117016310179
1278	105-109	0.02388671337661208
1278	110-114	0.07185800143695786
1278	115-119	0.04461251906955965
1278	120-124	0.07774047627907521
1278	125-129	0.1491632524113058
1278	130-134	0.023034904118155453
1278	135-139	0.1495476589944289
1278	140-144	0.10961644238664547
1278	145-149	0.09271482261036113
1278	150-151	0.14527721305942265
1279	1	0.0646548989700122
1279	2	0.015356370078386306
1279	3	0.10566046890586023
1279	4	0.1491746421374458
1279	5	-0.060742952938127814
1279	6	0.16588163171850567
1279	7	0.16271367776481327
1279	8	0.024184537783220605
1279	9	0.03137941776852671
1279	10-14	0.0744997238758387
1279	15-19	0.054744032581631075
1279	20-24	0.15049168132038204
1279	25-29	0.07250227447870827
1279	30-34	0.10725777483563093
1279	35-39	0.10711717521493114
1279	40-44	0.16649882764352952
1279	45-49	0.10722078844389671
1279	50-54	0.0927069323690688
1279	55-59	0.07625318593311903
1279	60-64	0.13816478567866852
1279	65-69	0.08316913430712702
1279	70-74	0.0678427584329242
1279	75-79	0.13675009882292244
1279	80-84	0.11845130100483203
1279	85-89	0.11455395220435349
1279	90-94	0.10948952382117483
1279	95-99	0.11369862138077025
1279	100-104	0.08914048587072188
1279	105-109	0.07968570249013851
1279	110-114	0.135291127408955
1279	115-119	0.14471652373518396
1279	120-124	0.13235653382184864
1279	125-129	0.167195911820329
1279	130-134	0.12411480302951361
1279	135-139	0.10918121264917602
1279	140-144	0.172749218436401
1279	145-149	0.2544197215217068
1279	150-151	0.301840685065649
1280	1	0.341891636895582
1280	2	-0.12766495810846834
1280	3	0.2626502749232742
1280	4	0.03734269439397764
1280	5	0.030465974219431757
1280	6	0.04192824692040631
1280	7	0.12072535630796466
1280	8	0.01306765338100746
1280	9	0.10952916044469418
1280	10-14	0.07465312846807848
1280	15-19	0.03501867628709476
1280	20-24	0.02546100040193977
1280	25-29	0.049402017154875466
1280	30-34	0.10582814300665433
1280	35-39	0.09431135573749572
1280	40-44	0.043533170478056604
1280	45-49	0.0755556063378009
1280	50-54	0.11110905034214369
1280	55-59	0.06670102837176017
1280	60-64	0.07122199074596836
1280	65-69	0.10279601475051692
1280	70-74	0.05493846310434236
1280	75-79	0.08660659130115533
1280	80-84	0.047035030220975216
1280	85-89	0.06643934412834795
1280	90-94	0.023193502443497493
1280	95-99	0.009524037057744295
1280	100-104	-0.03959169940243612
1280	105-109	0.04472628047906113
1280	110-114	0.03874520500199452
1280	115-119	5.721254770705286E-4
1280	120-124	0.010796260662694124
1280	125-129	0.032045476349225055
1280	130-134	0.13248228125595318
1280	135-139	0.11750910259375047
1280	140-144	0.07913728256942676
1280	145-149	0.034941297135333116
1280	150-151	0.05227491903239212
1281	1	0.2771548989700108
1281	2	0.004418870078382042
1281	3	-0.056839531094141194
1281	4	-0.018012857862551357
1281	5	0.3205070470618665
1281	6	0.003381631718504252
1281	7	0.26583867776481185
1281	8	0.12418453778322203
1281	9	-0.015495582231473293
1281	10-14	0.15199972387583927
1281	15-19	0.0866190325816234
1281	20-24	0.08736668132038972
1281	25-29	0.1278147744787006
1281	30-34	0.07288277483563377
1281	35-39	0.13461717521493455
1281	40-44	0.15181132764353578
1281	45-49	0.10753328844389642
1281	50-54	0.1652069323690597
1281	55-59	0.15625318593312443
1281	60-64	0.16003978567866284
1281	65-69	0.14191913430712333
1281	70-74	0.13096775843293074
1281	75-79	0.13237509882293352
1281	80-84	0.16907630100482862
1281	85-89	0.1733039522043569
1281	90-94	0.13511452382117994
1281	95-99	0.11369862138077735
1281	100-104	0.10351548587073012
1281	105-109	0.10218570249013936
1281	110-114	0.18341612740896807
1281	115-119	0.2044040237351865
1281	120-124	0.20235653382184182
1281	125-129	0.1653209118203307
1281	130-134	0.16348980302950622
1281	135-139	0.22355621264917147
1281	140-144	0.23149921843641152
1281	145-149	0.28504472152170734
1281	150-151	0.3612156850656447
1282	1	0.29158397145636883
1282	2	-0.146309403499167
1282	3	0.12570382432284788
1282	4	0.08185683231671703
1282	5	0.10002039468462698
1282	6	0.1389988374862341
1282	7	0.014306623984609246
1282	8	0.11286097971619569
1282	9	0.04824662353625797
1282	10-14	0.13679025388363186
1282	15-19	0.04628680343120806
1282	20-24	0.030742071031994556
1282	25-29	0.034884873855169474
1282	30-34	0.015992673510609734
1282	35-39	0.11124909259607563
1282	40-44	0.06190558914003219
1282	45-49	0.11257493887258363
1282	50-54	0.09910161280554775
1282	55-59	0.08422132700872709
1282	60-64	0.09921408419775446
1282	65-69	0.10734197140767066
1282	70-74	0.057760431854589456
1282	75-79	0.1333937075524645
1282	80-84	0.10081782477723067
1282	85-89	0.11190878462835485
1282	90-94	0.15987582545796641
1282	95-99	0.1740863844361158
1282	100-104	0.14961301120197845
1282	105-109	0.14899299009731948
1282	110-114	0.21012549997326602
1282	115-119	0.17280157829481624
1282	120-124	0.19352713008061073
1282	125-129	0.14038764993411235
1282	130-134	0.16106384823605424
1282	135-139	0.18365948622673045
1282	140-144	0.13050886379883764
1282	145-149	0.14469544248819943
1282	150-151	0.11035953736494264
1283	1	0.04945458475162923
1283	2	0.22429072789456939
1283	3	0.04281433771968324
1283	4	0.1430424740306151
1283	5	0.07651401878221264
1283	6	0.028001132896818604
1283	7	0.10009093620943332
1283	8	0.01779461241008562
1283	9	0.11635339655878596
1283	10-14	0.02646849842415122
1283	15-19	0.10605442142687593
1283	20-24	0.0868811157272944
1283	25-29	0.13855146929410012
1283	30-34	0.11366046533052554
1283	35-39	0.08399364811359789
1283	40-44	0.06096121963097545
1283	45-49	0.09421067453973109
1283	50-54	0.07819249796215644
1283	55-59	0.06484656770845731
1283	60-64	0.010229789606391648
1283	65-69	0.033445057323618244
1283	70-74	0.07018614020826419
1283	75-79	0.11678250259355138
1283	80-84	0.04805754609515844
1283	85-89	0.08621047223577705
1283	90-94	0.15334409962636641
1283	95-99	0.08459610763372183
1283	100-104	0.16918663669554945
1283	105-109	0.127434131398239
1283	110-114	0.15244548718900575
1283	115-119	0.2083373996189195
1283	120-124	0.21474115675978567
1283	125-129	0.2132721097779111
1283	130-134	0.23518069069643843
1283	135-139	0.18289439018256104
1283	140-144	0.23793922236414033
1283	145-149	0.2734387710111079
1283	150-151	0.3447032636202394
1284	1	-0.018169528510910027
1284	2	0.193851121986782
1284	3	0.24394768264631495
1284	4	0.13567273374049904
1284	5	0.09696219973362474
1284	6	0.0796936546192697
1284	7	0.26953619684878305
1284	8	0.1323667896916234
1284	9	0.05917044830287921
1284	10-14	0.06410850250179578
1284	15-19	0.03603697151292806
1284	20-24	0.08729511643488763
1284	25-29	0.08423414470771462
1284	30-34	0.07387514124783934
1284	35-39	0.0275847324668419
1284	40-44	0.08716199558246984
1284	45-49	0.08790304035228758
1284	50-54	0.032282314048458716
1284	55-59	0.10421597219266232
1284	60-64	0.06630409865577036
1284	65-69	0.08968630987964588
1284	70-74	0.0674181401123164
1284	75-79	0.09716040416643779
1284	80-84	0.07582725520330058
1284	85-89	0.11918181479977363
1284	90-94	0.12357826427918184
1284	95-99	0.11398488092276438
1284	100-104	0.1427759820539336
1284	105-109	0.14167997729930448
1284	110-114	0.17447051672193936
1284	115-119	0.1797785466359514
1284	120-124	0.20137848038672246
1284	125-129	0.14586003395773162
1284	130-134	0.14827987936538278
1284	135-139	0.18762109814535677
1284	140-144	0.18897536347457589
1284	145-149	0.21673842381179043
1284	150-151	0.11962455911145042
1285	1	0.24348925479822725
1285	2	0.07414663081458173
1285	3	0.11005080632916986
1285	4	0.18678967281229575
1285	5	0.029805359945306975
1285	6	0.13833178509273836
1285	7	0.3135955796053054
1285	8	0.3203310101758632
1285	9	0.0874568717562596
1285	10-14	0.211424570501606
1285	15-19	0.11271565834850605
1285	20-24	0.13859750954124905
1285	25-29	0.17150150760754457
1285	30-34	0.2171159036699919
1285	35-39	0.19792238993886002
1285	40-44	0.21684775402390244
1285	45-49	0.2217568313886744
1285	50-54	0.19457426365741526
1285	55-59	0.24326622274293896
1285	60-64	0.2358718408933953
1285	65-69	0.20043140424577643
1285	70-74	0.24860579524274584
1285	75-79	0.25511666324010207
1285	80-84	0.24345896971647818
1285	85-89	0.23913217306324697
1285	90-94	0.26191667106044036
1285	95-99	0.1939286827304727
1285	100-104	0.25101932022655404
1285	105-109	0.16386515034290028
1285	110-114	0.16174818262368973
1285	115-119	0.2203798672934738
1285	120-124	0.2549447240058953
1285	125-129	0.24575419402891896
1285	130-134	0.2744560606982205
1285	135-139	0.2444917954712551
1285	140-144	0.2789186969640127
1285	145-149	0.35579242090820884
1285	150-151	0.3836179089920293
1286	1	0.017582479863690992
1286	2	0.07814286853755448
1286	3	-0.05281892246548381
1286	4	0.014958540442535195
1286	5	0.14076417341009773
1286	6	0.14512373495424669
1286	7	0.07763085804216274
1286	8	0.0693549923286767
1286	9	0.06361651330011142
1286	10-14	0.036527844060735504
1286	15-19	0.0483466905169152
1286	20-24	0.08066695096599119
1286	25-29	0.15202557956344975
1286	30-34	0.13610311381867746
1286	35-39	0.11867919370492075
1286	40-44	0.10951982148020534
1286	45-49	0.10137814591693939
1286	50-54	0.16761159338601317
1286	55-59	0.12350954186532448
1286	60-64	0.13520446210393544
1286	65-69	0.17537445017769926
1286	70-74	0.16767808200766154
1286	75-79	0.15752244088763945
1286	80-84	0.15316432103564637
1286	85-89	0.14200965328293336
1286	90-94	0.23450782120175973
1286	95-99	0.19880262754410438
1286	100-104	0.24316013147936388
1286	105-109	0.2028964112728886
1286	110-114	0.15938588857999747
1286	115-119	0.21698058382763463
1286	120-124	0.19991527804372566
1286	125-129	0.20111732938580928
1286	130-134	0.2452502036458455
1286	135-139	0.24518564254131547
1286	140-144	0.2408799965565933
1286	145-149	0.21570053816270018
1286	150-151	0.1523631234323588
1287	1	0.4053256776901293
1287	2	0.1685066688447705
1287	3	0.026803009383883136
1287	4	0.2287766082130105
1287	5	0.25753239401637984
1287	6	0.10462729478712163
1287	7	0.14500454129603924
1287	8	0.22622048612554835
1287	9	0.10022820342773997
1287	10-14	0.15330176705240461
1287	15-19	0.12021290305195009
1287	20-24	0.08041747160566359
1287	25-29	0.08481964147947707
1287	30-34	0.11975247414172685
1287	35-39	0.16461428392734945
1287	40-44	0.1249457243281924
1287	45-49	0.1106079318517601
1287	50-54	0.11919739112003214
1287	55-59	0.11331130081361351
1287	60-64	0.17621316655761632
1287	65-69	0.12018628928014152
1287	70-74	0.12050129736893211
1287	75-79	0.1602899985916224
1287	80-84	0.09362381449750501
1287	85-89	0.17867789206557916
1287	90-94	0.1713182632197956
1287	95-99	0.12940602307699578
1287	100-104	0.1596021281220672
1287	105-109	0.15073716740918286
1287	110-114	0.12876645508822548
1287	115-119	0.17282321224713826
1287	120-124	0.1323030450014855
1287	125-129	0.16865697581415162
1287	130-134	0.20417021937491597
1287	135-139	0.2157979242914223
1287	140-144	0.19667510509793118
1287	145-149	0.1652919266103865
1287	150-151	0.27809478105638874
1288	1	0.5061606904758023
1288	2	0.28169927548378837
1288	3	0.22657021794060483
1288	4	0.14466209387489926
1288	5	0.1889071435869667
1288	6	0.24275180546367636
1288	7	0.2306432144443491
1288	8	0.15766668064036793
1288	9	0.2446636841777945
1288	10-14	0.19464933777545923
1288	15-19	0.1419616966742936
1288	20-24	0.14107565815436374
1288	25-29	0.1480886644401025
1288	30-34	0.14628045823331348
1288	35-39	0.15476678911455366
1288	40-44	0.0638226693423789
1288	45-49	0.10501760311571218
1288	50-54	0.19882421036135156
1288	55-59	0.1429061782111134
1288	60-64	0.14413486289874555
1288	65-69	0.1491681690561606
1288	70-74	0.17728049974567028
1288	75-79	0.09726650808934068
1288	80-84	0.15527079907432295
1288	85-89	0.12060124950165374
1288	90-94	0.2089707014273472
1288	95-99	0.16079321597536733
1288	100-104	0.16692523490547728
1288	105-109	0.1641692932237362
1288	110-114	0.2199725945904305
1288	115-119	0.19611855076221474
1288	120-124	0.25313597397628484
1288	125-129	0.21478278440719833
1288	130-134	0.19656895360865434
1288	135-139	0.2353419269348862
1288	140-144	0.3082149520271358
1288	145-149	0.24771605356804827
1288	150-151	0.19346110012356377
1289	1	0.09198093493560577
1289	2	0.14759957766243303
1289	3	0.10521334224440437
1289	4	0.14562206199671124
1289	5	0.004344517742090659
1289	6	0.24367434086627782
1289	7	0.07472990137701174
1289	8	0.08939906084811611
1289	9	0.20296121995773575
1289	10-14	-0.0190939039584066
1289	15-19	0.047564106858409616
1289	20-24	-0.009831813597521943
1289	25-29	0.12406941677738104
1289	30-34	0.07689372088723445
1289	35-39	0.0717506779514494
1289	40-44	0.07053665016113086
1289	45-49	0.06560771182153502
1289	50-54	0.08420957114937266
1289	55-59	0.09965085989715305
1289	60-64	0.019002354091483653
1289	65-69	0.050900760577647475
1289	70-74	0.03431021347593344
1289	75-79	0.036960223920658564
1289	80-84	0.0905711211768363
1289	85-89	0.03349941741154794
1289	90-94	0.0584481829298511
1289	95-99	0.09767633834715639
1289	100-104	0.10874271417408465
1289	105-109	0.21684461570359304
1289	110-114	0.1254885472682261
1289	115-119	0.0554715080979733
1289	120-124	0.12316136181245696
1289	125-129	0.1455110017343202
1289	130-134	0.10988346995678455
1289	135-139	0.14995378888060173
1289	140-144	0.20417855776400273
1289	145-149	0.21021233293688368
1289	150-151	0.10576831407268372
1290	1	0.24845226942630916
1290	2	0.010091240534684687
1290	3	0.09903585560346073
1290	4	0.2227003575280122
1290	5	0.06438514064269185
1290	6	0.17712728137047407
1290	7	0.15877419593959985
1290	8	0.011561277922432112
1290	9	0.24724127005003993
1290	10-14	0.13094307267708416
1290	15-19	0.023329202728575638
1290	20-24	0.076322114421707
1290	25-29	0.025938566048708367
1290	30-34	0.1172060540312998
1290	35-39	0.09662896949181032
1290	40-44	0.1024331857255163
1290	45-49	0.05269690986694542
1290	50-54	0.09246379625151491
1290	55-59	0.04173414107619777
1290	60-64	0.03771138273976504
1290	65-69	0.06810822943473482
1290	70-74	0.013972398804156683
1290	75-79	0.059415412047989946
1290	80-84	0.029637495900416866
1290	85-89	0.09699304733196357
1290	90-94	0.10938463209650706
1290	95-99	0.1328807559515397
1290	100-104	0.031966278600805254
1290	105-109	0.07555480535170744
1290	110-114	0.11594657984515777
1290	115-119	0.1303908276795056
1290	120-124	0.15098617419307203
1290	125-129	0.16824386232303112
1290	130-134	0.1604832291702678
1290	135-139	0.12315984760663667
1290	140-144	0.16766366159185253
1290	145-149	0.1843781515294438
1290	150-151	0.28644649519712573
1291	1	-0.012503656759975001
1291	2	0.052118045902560084
1291	3	-0.18588682308786275
1291	4	-0.14224019302738355
1291	5	0.11467404078243248
1291	6	0.03478371178129436
1291	7	0.11939538891081014
1291	8	0.002564639824036874
1291	9	0.006825846339957309
1291	10-14	0.07337138792607334
1291	15-19	0.03472931515619848
1291	20-24	-7.81866560309652E-4
1291	25-29	0.051565265059558385
1291	30-34	0.04115593025164088
1291	35-39	0.03034912183973404
1291	40-44	0.057539840202402104
1291	45-49	0.09706478373431793
1291	50-54	0.1124802840174226
1291	55-59	0.08092645908853768
1291	60-64	0.07218951095339321
1291	65-69	0.04013342002141229
1291	70-74	0.131477962514559
1291	75-79	0.05559821499247164
1291	80-84	0.11126723507076264
1291	85-89	0.14437145612900082
1291	90-94	0.14364081895460856
1291	95-99	0.1892441472834463
1291	100-104	0.14253726766036579
1291	105-109	0.17368687988417264
1291	110-114	0.16101718706359236
1291	115-119	0.1609910527775753
1291	120-124	0.14918247573707788
1291	125-129	0.22056325875910687
1291	130-134	0.07544035248005798
1291	135-139	0.15634663651102443
1291	140-144	0.10586440681945675
1291	145-149	0.11623487065829607
1291	150-151	0.12235922902168994
1292	1	0.32011357978880994
1292	2	-0.019839564341630478
1292	3	-0.013897434809074127
1292	4	0.05304594615564184
1292	5	-0.041507263021529184
1292	6	0.026095335281809184
1292	7	0.1905520022530638
1292	8	0.17204987136927485
1292	9	0.19917936090726585
1292	10-14	0.06520764654452904
1292	15-19	0.058793975720377034
1292	20-24	0.019101423549344076
1292	25-29	0.06990892724595454
1292	30-34	0.055847141780283494
1292	35-39	0.06535542388817106
1292	40-44	0.049659839773944725
1292	45-49	0.06878399920962863
1292	50-54	0.04650289521971729
1292	55-59	0.13030976288536067
1292	60-64	0.09081167726319705
1292	65-69	0.06495742088786471
1292	70-74	0.11138853174604435
1292	75-79	0.2150054058737254
1292	80-84	0.10229606976904648
1292	85-89	0.09869439951292236
1292	90-94	0.14072009622451986
1292	95-99	0.17071719605856828
1292	100-104	0.19696554273198075
1292	105-109	0.12212410279340702
1292	110-114	0.09659704097985156
1292	115-119	0.15535384367453275
1292	120-124	0.08403536247992349
1292	125-129	0.08233237884079614
1292	130-134	0.1443370357815894
1292	135-139	0.1223905568493251
1292	140-144	0.11533687954330674
1292	145-149	0.1533649451760013
1292	150-151	0.14436224495950256
1293	1	0.07171969210037332
1293	2	-0.07296452180295887
1293	3	-0.20614915248368249
1293	4	-0.02838683327238556
1293	5	-0.0382971098467948
1293	6	0.007023805801253502
1293	7	-0.1335148546317484
1293	8	0.05274864785348399
1293	9	-0.058747924151845154
1293	10-14	-0.016283843649524954
1293	15-19	0.0100782441351015
1293	20-24	-0.044158006423565155
1293	25-29	-0.0386252626017054
1293	30-34	-0.06164493788880776
1293	35-39	-0.04992127131122004
1293	40-44	-0.05431645338691027
1293	45-49	-0.03046607728600037
1293	50-54	0.013134820737533914
1293	55-59	-0.010183679796774925
1293	60-64	-0.09945523774054266
1293	65-69	-0.033871263819335695
1293	70-74	-0.05917665999017885
1293	75-79	-0.033405053401892815
1293	80-84	-0.0835325007125789
1293	85-89	0.017495989675076373
1293	90-94	0.02243400079229474
1293	95-99	-0.03642432943890128
1293	100-104	-0.011617710850586604
1293	105-109	-0.011045171826793876
1293	110-114	-0.06912924729829939
1293	115-119	-0.004116907178158158
1293	120-124	0.001022127108335269
1293	125-129	0.041462110102912675
1293	130-134	0.03965100521529763
1293	135-139	0.08470960843371955
1293	140-144	0.04269603732790728
1293	145-149	0.07560727031172121
1293	150-151	0.049519500444255016
1294	1	0.18427515213456758
1294	2	0.021863490331547553
1294	3	-0.09145187286629408
1294	4	-0.028594345204325577
1294	5	0.03415419896060001
1294	6	0.21014587222483527
1294	7	0.06105228535975016
1294	8	0.04835384158069189
1294	9	0.07192530384447338
1294	10-14	0.09657250868596634
1294	15-19	0.05748928574618617
1294	20-24	0.0757606686621557
1294	25-29	0.09502600865592115
1294	30-34	0.1397182178736074
1294	35-39	0.059854516987087436
1294	40-44	0.07680737194733211
1294	45-49	0.051231864393258775
1294	50-54	0.07475598300197817
1294	55-59	0.10315983150274377
1294	60-64	0.052610988210311405
1294	65-69	0.08669761531977827
1294	70-74	0.05217029007849305
1294	75-79	0.12369630135457754
1294	80-84	0.09239117442255207
1294	85-89	0.14279762309042354
1294	90-94	0.13250376432750244
1294	95-99	0.18151507707697334
1294	100-104	0.07801706814920095
1294	105-109	0.14014456324963476
1294	110-114	0.1474746717127644
1294	115-119	0.15871177689974303
1294	120-124	0.20943723002437054
1294	125-129	0.10915793713678568
1294	130-134	0.20193917011810925
1294	135-139	0.2471321620162641
1294	140-144	0.19994067413261263
1294	145-149	0.2019988354457567
1294	150-151	0.10213736228083548
1295	1	-0.03224219450996202
1295	2	0.2761367608874963
1295	3	0.1496485875232949
1295	4	-0.13032751811392274
1295	5	0.07651401878221264
1295	6	0.11284009597616063
1295	7	0.056100362760886924
1295	8	-0.013627225767443463
1295	9	-0.028187059057870556
1295	10-14	0.01641351020734305
1295	15-19	-0.013977000411294682
1295	20-24	0.058601461367516094
1295	25-29	0.07884997675679273
1295	30-34	-8.658887214352262E-5
1295	35-39	0.11604392305468281
1295	40-44	0.03645218585248955
1295	45-49	0.008114837933291597
1295	50-54	0.0423716024397649
1295	55-59	0.01080100604309564
1295	60-64	0.024683835168062274
1295	65-69	0.05041284993949091
1295	70-74	0.038764302030728004
1295	75-79	0.04828289536652619
1295	80-84	0.0348603740606066
1295	85-89	0.09375171339838317
1295	90-94	0.09050042327129404
1295	95-99	0.08899516497858428
1295	100-104	0.029045238423748287
1295	105-109	0.06459045504316663
1295	110-114	0.0669780873461221
1295	115-119	0.09081972483495804
1295	120-124	0.09470973492160795
1295	125-129	0.0775297688509653
1295	130-134	0.0956677291881931
1295	135-139	0.09114262270416162
1295	140-144	0.11476561670820473
1295	145-149	0.11444426983279499
1295	150-151	-0.11405557377174347
1296	1	-0.06235659528286419
1296	2	0.050240230231644034
1296	3	0.0246619056874664
1296	4	-0.11014049196217002
1296	5	-0.01872906404923924
1296	6	-0.017583406595676365
1296	7	-0.007952031047445018
1296	8	-0.08097590282980605
1296	9	0.17978698481833533
1296	10-14	0.005730566787718772
1296	15-19	0.0639226724283759
1296	20-24	0.03274742844682521
1296	25-29	0.028012331949973657
1296	30-34	-0.0020980680762434645
1296	35-39	0.003242654142134427
1296	40-44	-0.004849352433090814
1296	45-49	0.04544157388450287
1296	50-54	-0.06568147759261933
1296	55-59	-0.002628519047718214
1296	60-64	-0.009100539991834466
1296	65-69	-0.012017647302066337
1296	70-74	-0.01935791206515347
1296	75-79	0.008919639052813011
1296	80-84	-0.01007839248176623
1296	85-89	-0.05914815507533433
1296	90-94	0.0022457498748238436
1296	95-99	-0.13004658934719515
1296	100-104	0.022641443725127886
1296	105-109	0.07841654540201404
1296	110-114	0.03217810058903581
1296	115-119	0.04786547009533848
1296	120-124	0.08853708937739668
1296	125-129	-0.0021719042716270565
1296	130-134	0.05196681452375884
1296	135-139	0.1023588946415046
1296	140-144	0.09447096173143166
1296	145-149	0.15658926175159849
1296	150-151	-0.06335926704163342
1297	1	0.06301170648174548
1297	2	-0.02041974494508736
1297	3	-0.004780650029978517
1297	4	-0.020690381336727626
1297	5	-0.1276492518426693
1297	6	-0.19797302399354777
1297	7	-0.24500345838541904
1297	8	-0.13323428068313348
1297	9	-0.12597093434415285
1297	10-14	-0.05586999443401908
1297	15-19	-0.06291344003182786
1297	20-24	-0.01015581476724492
1297	25-29	-0.02146583976229266
1297	30-34	0.03584052131450477
1297	35-39	-6.038732983597583E-4
1297	40-44	0.023250588206913392
1297	45-49	0.019547666378166184
1297	50-54	0.0506597883941069
1297	55-59	0.049219735228895445
1297	60-64	0.08744686705582438
1297	65-69	0.027971559972222337
1297	70-74	0.02576431555343106
1297	75-79	0.041552524488032816
1297	80-84	0.05826546375913466
1297	85-89	0.004900196335810847
1297	90-94	0.01546468031570214
1297	95-99	0.04344431778140745
1297	100-104	0.007561847373075636
1297	105-109	-0.04515584680563478
1297	110-114	0.023651847283765903
1297	115-119	-0.029531324465125408
1297	120-124	-0.037534898103047
1297	125-129	0.06307228114739871
1297	130-134	-0.02330597161837744
1297	135-139	-7.591238140491896E-4
1297	140-144	-0.035391431015860064
1297	145-149	0.036984275512324416
1297	150-151	-0.2236312437293435
1298	1	0.21050154433741852
1298	2	0.12709259212311252
1298	3	-0.32565941927305175
1298	4	-0.41889644412453464
1298	5	-0.2437201893598555
1298	6	-0.2798751574188785
1298	7	-0.18463057143646466
1298	8	-0.05292209160974437
1298	9	-0.23963695603339374
1298	10-14	-0.18155059561297548
1298	15-19	-0.07906387476661791
1298	20-24	-0.12163691292882106
1298	25-29	-0.09529125587273057
1298	30-34	-0.09609486094711883
1298	35-39	-0.23868554044001655
1298	40-44	-0.1662467793852258
1298	45-49	-0.2338714639522692
1298	50-54	-0.2398070452667156
1298	55-59	-0.19697564793269606
1298	60-64	-0.17129607694113957
1298	65-69	-0.11203453981428169
1298	70-74	-0.11623671441052608
1298	75-79	-0.11187210564991545
1298	80-84	-0.11161659036897476
1298	85-89	-0.16941170274772333
1298	90-94	-0.1549613547730715
1298	95-99	-0.1765489824530917
1298	100-104	-0.2607037633305538
1298	105-109	-0.1951265978293435
1298	110-114	-0.16938139655270135
1298	115-119	-0.1057966551785583
1298	120-124	-0.13193859397368612
1298	125-129	-0.16170185175795382
1298	130-134	-0.10532010112385137
1298	135-139	-0.15140385124859534
1298	140-144	-0.15956108507796785
1298	145-149	-0.09825999093835236
1298	150-151	-0.24747540918355782
2101	1	-0.6551564217847101
2101	2	-0.06332877143104554
2101	3	-0.18661547449036675
2101	4	0.09292464213744722
2101	5	-0.3453538019947331
2101	6	-0.4479745003569704
2101	7	-0.5286778316691496
2101	8	-0.21160555655639968
2101	9	-0.2632550161937388
2101	10-14	-0.5007597100864203
2101	15-19	-0.2504328542108212
2101	20-24	-0.23802246962301155
2101	25-29	-0.18074065004959294
2101	30-34	-0.2061738289379491
2101	35-39	-1.6055479191246889
2101	40-44	-0.14919692707344723
2101	45-49	-0.2907862870278066
2101	50-54	-0.2255831619705546
2101	55-59	-0.20333407821781435
2101	60-64	-0.20100974262321358
2101	65-69	-0.2780336958815468
2101	70-74	-0.2508246943972594
2101	75-79	-0.24747159929027873
2101	80-84	-0.2929873782404613
2101	85-89	-0.3540545383616802
2101	90-94	-0.3641071742920303
2101	95-99	-0.37946175597770804
2101	100-104	-0.34739253299719763
2101	105-109	-0.2952435427928748
2101	110-114	-0.33626547636462334
2101	115-119	-0.27619149513274266
2101	120-124	-0.4458863907064554
2101	125-129	-0.4079927674249575
2101	130-134	-0.4430668007440772
2101	135-139	-0.445736240181013
2101	140-144	-0.33254559288435104
2101	145-149	-0.48583971244055135
2101	150-151	-0.5574458715381283
2102	1	-0.24489566282774433
2102	2	0.10101297120198183
2102	3	-0.04905629139376799
2102	4	-0.06362966497865585
2102	5	-0.09788012522277256
2102	6	-0.3085214581691389
2102	7	-0.16371422485691056
2102	8	0.01930391980569368
2102	9	-0.3580751702464511
2102	10-14	-0.3563289278095567
2102	15-19	-0.13067029326106194
2102	20-24	-0.12085195163841433
2102	25-29	-0.20621729480968298
2102	30-34	-0.16573145737410755
2102	35-39	-0.22317776860528937
2102	40-44	-0.2192244869632063
2102	45-49	-0.17901750743625655
2102	50-54	-0.16950514628261715
2102	55-59	-0.12128192642643398
2102	60-64	-0.15870319184942616
2102	65-69	-0.1923973450936245
2102	70-74	-0.09347044381426173
2102	75-79	-0.15934072514711062
2102	80-84	-0.2587537551749435
2102	85-89	-0.27811926876943716
2102	90-94	-0.2693096334821945
2102	95-99	-0.16084257712109462
2102	100-104	-0.16338292236897445
2102	105-109	-0.18476654470087084
2102	110-114	-0.26653471528766914
2102	115-119	-0.40229424405507075
2102	120-124	-0.34297352235793
2102	125-129	-0.2850700057826714
2102	130-134	-0.33168809959221335
2102	135-139	-0.3370711281747987
2102	140-144	-0.38193008867970235
2102	145-149	-0.34815050319738816
2102	150-151	-0.5433196613763016
2103	1	-0.06288133291404563
2103	2	-0.07298149224045858
2103	3	-0.054348589065156716
2103	4	-0.22011883612341876
2103	5	-0.12283534424248188
2103	6	-0.044761484223528214
2103	7	-0.5270508149888116
2103	8	-0.31997307091242533
2103	9	-0.4036296402024888
2103	10-14	-0.46562708771836014
2103	15-19	-0.1280729964038727
2103	20-24	-0.09938150708541116
2103	25-29	-0.10433649363723418
2103	30-34	-0.12378389183103167
2103	35-39	-0.175799491451734
2103	40-44	-0.17323849119703993
2103	45-49	-0.16240783474451348
2103	50-54	-0.11453038647151459
2103	55-59	-0.08632833580600874
2103	60-64	-0.20091130127785561
2103	65-69	-0.2078997062725847
2103	70-74	-0.21794528504533162
2103	75-79	-0.23888395914808314
2103	80-84	-0.19019000334299818
2103	85-89	-0.26669604779564793
2103	90-94	-0.27892533125128693
2103	95-99	-0.2553955815177744
2103	100-104	-0.300225456158266
2103	105-109	-0.298013572872172
2103	110-114	-0.3518465537504625
2103	115-119	-0.3369954327865514
2103	120-124	-0.3961489009607675
2103	125-129	-0.3891084360057633
2103	130-134	-0.3327058491444035
2103	135-139	-0.30343654097401185
2103	140-144	-0.37972360765055413
2103	145-149	-0.33476506108699056
2103	150-151	-0.41797362652855696
2104	1	-0.09929420564827751
2104	2	0.024267479880457188
2104	3	-0.034999875109221534
2104	4	-0.0761611260058146
2104	5	-0.2199647955394468
2104	6	-0.390371313616086
2104	7	-0.45966497445007803
2104	8	-0.041175382103673996
2104	9	-0.2172215483012181
2104	10-14	-0.33159711872548314
2104	15-19	-0.1675975084174226
2104	20-24	-0.1069741527983723
2104	25-29	-0.1559537811292131
2104	30-34	-0.10028404891554743
2104	35-39	-0.05404328661352764
2104	40-44	-0.17195722796437707
2104	45-49	-0.1437352671640184
2104	50-54	-0.1833716491577917
2104	55-59	-0.22901366138074053
2104	60-64	-0.1754226318519727
2104	65-69	-0.21994467342143764
2104	70-74	-0.19803789660947757
2104	75-79	-0.2372779407623682
2104	80-84	-0.15343017873126996
2104	85-89	-0.16316164628763374
2104	90-94	-0.2139135157641192
2104	95-99	-0.25487583667766245
2104	100-104	-0.24318397218771537
2104	105-109	-0.25966514576622046
2104	110-114	-0.23390067277954074
2104	115-119	-0.2805597486493596
2104	120-124	-0.3105999930396095
2104	125-129	-0.3194817507621437
2104	130-134	-0.4676011489026308
2104	135-139	-0.4604329485195322
2104	140-144	-0.44988096535247024
2104	145-149	-0.3820871116545348
2104	150-151	-0.6614648639447225
2105	1	-0.10556170752818872
2105	2	-0.2374245414739633
2105	3	-0.11668835780893971
2105	4	-0.11212950948709732
2105	5	-0.08740134643993258
2105	6	-0.5295493249602004
2105	7	-0.17246231501496823
2105	8	-0.40685111203627145
2105	9	-0.2592907085852616
2105	10-14	-0.39181345301947346
2105	15-19	-0.16790714070357637
2105	20-24	-0.1596572356471313
2105	25-29	-0.16057308653211777
2105	30-34	-0.2152399688466744
2105	35-39	-0.18909672370202912
2105	40-44	-0.1729664250640539
2105	45-49	-0.19095385054527725
2105	50-54	-0.17779622647569937
2105	55-59	-0.15984112814630436
2105	60-64	-0.19604550312999436
2105	65-69	-0.13727761659540505
2105	70-74	-0.20720913687393505
2105	75-79	-0.10203600226010678
2105	80-84	-0.19175176758722756
2105	85-89	-0.19864550627940503
2105	90-94	-0.22813006101636546
2105	95-99	-0.10066058439539916
2105	100-104	-0.17344525420147505
2105	105-109	-0.21226826862898918
2105	110-114	-0.22973594840330946
2105	115-119	-0.19899511886409016
2105	120-124	-0.33156720264025097
2105	125-129	-0.20394127229520365
2105	130-134	-0.30000297675388765
2105	135-139	-0.39056833608729846
2105	140-144	-0.2744732544877806
2105	145-149	-0.34151439400175576
2105	150-151	-0.5930769593386813
2106	1	-0.6109056391465799
2106	2	0.07270642613219991
2106	3	0.021033226753395695
2106	4	-0.02456414710022159
2106	5	-0.3013399260322984
2106	6	-0.34982744899898677
2106	7	-0.3141080711141129
2106	8	-0.4363115384499636
2106	9	-0.2289204701238532
2106	10-14	-0.23862247343357978
2106	15-19	-0.11961975665603575
2106	20-24	-0.0929780496213155
2106	25-29	-0.1103929048934873
2106	30-34	-0.08850735969352286
2106	35-39	-0.07545569474022074
2106	40-44	-0.17375061181834184
2106	45-49	-1.250820130838619
2106	50-54	-0.09782277615111212
2106	55-59	-0.16829558088301866
2106	60-64	-0.22008073001639872
2106	65-69	-0.19176920650004803
2106	70-74	-0.18519816084958762
2106	75-79	-0.16886088772415775
2106	80-84	-0.27445789182029046
2106	85-89	-0.19804133927546985
2106	90-94	-0.24737987079765844
2106	95-99	-0.18590900193760262
2106	100-104	-0.26246825852389577
2106	105-109	-0.29723694324977146
2106	110-114	-0.28218645106637297
2106	115-119	-0.26803852110786863
2106	120-124	-0.3760767621422829
2106	125-129	-0.2807637294352787
2106	130-134	-0.2928442776879905
2106	135-139	-0.8845043254674181
2106	140-144	-0.41855963806583674
2106	145-149	-0.33007018879219174
2106	150-151	-0.4337044382527395
2107	1	-0.40612317353220106
2107	2	-0.18471408748129647
2107	3	-0.1429773516069588
2107	4	-0.18417526944521967
2107	5	-0.09630053472415767
2107	6	-0.32834084838759736
2107	7	-0.18667292700972382
2107	8	-0.432051647008997
2107	9	-0.15737776613951837
2107	10-14	-0.3380831673708471
2107	15-19	-0.15771010092854
2107	20-24	-0.2366071250456585
2107	25-29	-0.23377369811192494
2107	30-34	-0.22599432507595196
2107	35-39	-0.21952186103617066
2107	40-44	-0.249069806308718
2107	45-49	-0.2788496138549519
2107	50-54	-0.27877903137982685
2107	55-59	-0.2055168184877445
2107	60-64	-0.31603835313654827
2107	65-69	-0.32197343863717265
2107	70-74	-0.3006193326369271
2107	75-79	-0.3140511832283508
2107	80-84	-0.32960683338951213
2107	85-89	-0.3079427321457757
2107	90-94	-0.39537287670932386
2107	95-99	-0.2730233061170182
2107	100-104	-0.33701667593299334
2107	105-109	-0.3623025822136583
2107	110-114	-0.44904795305080825
2107	115-119	-0.3294761155221124
2107	120-124	-0.45785843081122835
2107	125-129	-0.4104477663405959
2107	130-134	-0.4588024162454687
2107	135-139	-0.47112769539679533
2107	140-144	-0.43704686909675416
2107	145-149	-0.587177316497737
2107	150-151	-0.6245145868176465
2108	1	-0.13379779775854672
2108	2	-0.06623486555380254
2108	3	-0.022729783083534016
2108	4	-0.06746439411365657
2108	5	-0.3544791377303511
2108	6	-0.15150618879431477
2108	7	-0.2185031657365144
2108	8	-0.18801981677027158
2108	9	-0.09018059549407553
2108	10-14	-0.35081526286155906
2108	15-19	-0.1209284917331317
2108	20-24	-0.1432384247804066
2108	25-29	-0.12272153188734336
2108	30-34	-0.19345674771078336
2108	35-39	-0.14029993353837966
2108	40-44	-0.1599451378737058
2108	45-49	-0.22155518414673736
2108	50-54	-0.1648975106017545
2108	55-59	-0.1630765001853547
2108	60-64	-0.14415506401187628
2108	65-69	-0.23497078611727318
2108	70-74	-0.1662249913460272
2108	75-79	-0.24331731939103918
2108	80-84	-0.22421337627191917
2108	85-89	-0.29945466848529634
2108	90-94	-0.28290603320800045
2108	95-99	-0.2631205651797899
2108	100-104	-0.2613314416270711
2108	105-109	-0.23922565913673566
2108	110-114	-0.30545820946106517
2108	115-119	-0.2962311995185658
2108	120-124	-0.29446320534703574
2108	125-129	-0.28737084326367324
2108	130-134	-0.38736121376978616
2108	135-139	-0.5255927705515333
2108	140-144	-0.34862953930011287
2108	145-149	-0.9907140096896043
2108	150-151	-0.43706984764876466
2109	1	-0.19978265638871306
2109	2	-0.26808168350886064
2109	3	-0.059399872103881535
2109	4	-0.16092832509018962
2109	5	-0.25004487942174336
2109	6	-0.33365058705917505
2109	7	-0.28034987405095535
2109	8	-0.1752701787801101
2109	9	-0.4350316761198698
2109	10-14	-0.24192520969369014
2109	15-19	-0.16726825705521264
2109	20-24	-0.12791066588953015
2109	25-29	-0.20605341639817
2109	30-34	-0.2167274997436337
2109	35-39	-0.12166604001978243
2109	40-44	-0.17245544605000163
2109	45-49	-0.1314788351167806
2109	50-54	-0.2172017257354497
2109	55-59	-0.1841813800544756
2109	60-64	-0.21127830555251137
2109	65-69	-0.16196704815523333
2109	70-74	-0.20505969949444136
2109	75-79	-0.19586172580063277
2109	80-84	-0.8941893101554967
2109	85-89	-0.2655888733049423
2109	90-94	-0.15549110062523397
2109	95-99	-0.23844265408423126
2109	100-104	-0.22179064787594882
2109	105-109	-0.26702488209798503
2109	110-114	-0.3341176414129947
2109	115-119	-0.19168792710626548
2109	120-124	-0.3472310436803667
2109	125-129	-0.32597060722308413
2109	130-134	-0.3510695415231879
2109	135-139	-0.29120242331185864
2109	140-144	-0.32794442638201815
2109	145-149	-0.353665973783869
2109	150-151	-0.5194710399122116
2110	1	0.0035437878588950866
2110	2	0.04031503409954951
2110	3	-0.18313472509766626
2110	4	-0.04076142488194989
2110	5	-0.10126874658892149
2110	6	0.030558659937199195
2110	7	-0.1772885268207247
2110	8	-0.08360316062947248
2110	9	-0.12015828064416922
2110	10-14	-0.1677511579583708
2110	15-19	-0.03479410674817984
2110	20-24	-0.10016748975544942
2110	25-29	-0.0829309265794862
2110	30-34	-0.07087383892098842
2110	35-39	-0.1131010787533171
2110	40-44	-0.008634549781504575
2110	45-49	-0.09681470538326664
2110	50-54	-0.13264249443868437
2110	55-59	-1.2814705794989791
2110	60-64	-0.1366830979192173
2110	65-69	-0.07626869638070133
2110	70-74	-0.19394405814554716
2110	75-79	-0.07891348142398869
2110	80-84	-0.14731369017683704
2110	85-89	-0.11369781146407831
2110	90-94	-0.14443794531462117
2110	95-99	-0.1796920311765362
2110	100-104	-0.22091021959664658
2110	105-109	-0.14162602590491957
2110	110-114	-0.22385790257339977
2110	115-119	-0.26611129813430523
2110	120-124	-0.17544880127515938
2110	125-129	-0.20080232451124402
2110	130-134	-0.21580913876942986
2110	135-139	-0.1906192723596405
2110	140-144	-0.19750982036430287
2110	145-149	-0.31297225378692417
2110	150-151	-0.18085607419360628
2111	1	0.14110992542503453
2111	2	-0.09548743503625445
2111	3	-0.14080668276962882
2111	4	-0.019597403717931172
2111	5	-0.0765773885642318
2111	6	-0.19871823600636418
2111	7	-0.4065654227642881
2111	8	-0.17531391900690352
2111	9	-0.10252159634082147
2111	10-14	-0.24605803626525358
2111	15-19	-0.20269534131607259
2111	20-24	-0.12203697829161086
2111	25-29	-0.10338948037137641
2111	30-34	-0.18233768371815984
2111	35-39	-0.16530566429123894
2111	40-44	-0.09117423232119393
2111	45-49	-0.19840200697056787
2111	50-54	-0.18766894946514867
2111	55-59	-0.16894853364360074
2111	60-64	-0.19594235717848107
2111	65-69	-0.15880837892039068
2111	70-74	-0.17771830858647064
2111	75-79	-0.27221154138871384
2111	80-84	-0.1861143956442035
2111	85-89	-0.1228688873018271
2111	90-94	-0.18888238975907257
2111	95-99	-0.3038542886721274
2111	100-104	-0.2808749462280389
2111	105-109	-0.20017981779204774
2111	110-114	-0.26936054807605103
2111	115-119	-0.249180081203086
2111	120-124	-0.2213041804638678
2111	125-129	-0.3306083209839059
2111	130-134	-0.32586204882234426
2111	135-139	-0.3655751806488894
2111	140-144	-0.3851641413519431
2111	145-149	-0.3732897141043878
2111	150-151	-0.5159530759572775
2112	1	0.122202068781327
2112	2	-0.021819337468784283
2112	3	0.06998829909453974
2112	4	-0.09198101823991323
2112	5	0.009363179137338307
2112	6	-0.24420091545130873
2112	7	-0.20792311468801472
2112	8	-0.14368102825451246
2112	9	-0.2745757709107153
2112	10-14	-0.2803823515958612
2112	15-19	-0.18024417496553724
2112	20-24	-0.17387152622678315
2112	25-29	-0.1392312160873317
2112	30-34	-0.1231549610134266
2112	35-39	-0.1934724474265792
2112	40-44	-0.14014032329986037
2112	45-49	-0.13154100400893753
2112	50-54	-0.11841335064979575
2112	55-59	-0.08937181406687955
2112	60-64	-0.1542172897930314
2112	65-69	-0.09463746946646268
2112	70-74	-0.13610771326519
2112	75-79	-0.22332065589404948
2112	80-84	-0.2333647367310263
2112	85-89	-0.24386585911639713
2112	90-94	-0.1678807591976934
2112	95-99	-0.14021647295884065
2112	100-104	-0.20248687261983633
2112	105-109	-0.2310925993966464
2112	110-114	-0.2955107593834896
2112	115-119	-0.21279526871764176
2112	120-124	-0.37116940957438516
2112	125-129	-0.3612003145947682
2112	130-134	-0.36834981961199986
2112	135-139	-0.3989437873508308
2112	140-144	-0.4238663476013258
2112	145-149	-0.44017933508206397
2112	150-151	-0.48763455078340456
2113	1	0.06587441116513304
2113	2	0.022635333493020937
2113	3	-0.16218578544954454
2113	4	0.05529398011654507
2113	5	-0.21354129788586818
2113	6	-0.07315364702714078
2113	7	-0.31300496335016703
2113	8	-0.05766432981259584
2113	9	-0.3799337355415773
2113	10-14	-0.3398077674133617
2113	15-19	-0.18303689076331864
2113	20-24	-0.13234368453327505
2113	25-29	-0.04284833527739096
2113	30-34	-0.0578140892758654
2113	35-39	-0.07794815579551795
2113	40-44	-0.05606432566656849
2113	45-49	-0.08777267845506032
2113	50-54	-0.15902869480863302
2113	55-59	-0.07445892208082228
2113	60-64	-0.09977510979171456
2113	65-69	-0.06927424548381822
2113	70-74	-0.0419416492325837
2113	75-79	-0.15325425657776748
2113	80-84	-1.3140878976014463
2113	85-89	-0.035511378806099
2113	90-94	-0.16473303715443421
2113	95-99	-0.15198953192933118
2113	100-104	-0.10545446186446128
2113	105-109	-0.17862004663877684
2113	110-114	-0.17320190394992352
2113	115-119	-0.23285969577700882
2113	120-124	-0.28053762994122877
2113	125-129	-0.28107934950371316
2113	130-134	-0.34787779278930486
2113	135-139	-0.2605465748072717
2113	140-144	-0.2623095794729977
2113	145-149	-0.2440515328336872
2113	150-151	-0.34319960239080416
2114	1	-0.05590787159275834
2114	2	0.12824192202644014
2114	3	-0.08090608953570211
2114	4	-0.10707535786254851
2114	5	-0.3777478230679989
2114	6	-0.08943492672305808
2114	7	-0.20646922266809042
2114	8	-0.09168396871028506
2114	9	-0.23213519262108662
2114	10-14	-0.07448837136225706
2114	15-19	-0.14533443062182982
2114	20-24	-0.12077996370125987
2114	25-29	-0.14334458699315178
2114	30-34	-0.1656886537357991
2114	35-39	-0.1891761148283564
2114	40-44	-0.15034370482399595
2114	45-49	-0.1616022635041574
2114	50-54	-0.21076979923266492
2114	55-59	-0.18564887034393251
2114	60-64	-0.20390772514384992
2114	65-69	-0.2338059739179812
2114	70-74	-0.15537423290906816
2114	75-79	-0.24100423018140305
2114	80-84	-0.22903246522893994
2114	85-89	-0.25063544173503516
2114	90-94	-0.2966008441441872
2114	95-99	-0.9456628504806943
2114	100-104	-0.23197964399940219
2114	105-109	-0.3695946005401609
2114	110-114	-1.4266028119849778
2114	115-119	-0.30969635505269366
2114	120-124	-0.36952928868897317
2114	125-129	-0.3125227028982849
2114	130-134	-0.3302872532475476
2114	135-139	-0.363099631506671
2114	140-144	-0.39316798935579556
2114	145-149	-0.4268411009891082
2114	150-151	-0.47657516991271365
2115	1	-0.05229862942930197
2115	2	-0.10305208517118558
2115	3	-0.014375030233559016
2115	4	0.059533936457583536
2115	5	-0.2783580562083543
2115	6	-0.043557912171344526
2115	7	-0.28021876629714626
2115	8	-0.2905260904439686
2115	9	-0.09300203662045448
2115	10-14	-0.2240695532325958
2115	15-19	-0.1514597109639766
2115	20-24	-0.0969631379567204
2115	25-29	-0.11595189935950145
2115	30-34	-0.1146043163863979
2115	35-39	-0.11730838416544742
2115	40-44	-0.15949407252858094
2115	45-49	-0.13746832515334262
2115	50-54	-0.14553639809564345
2115	55-59	-0.1323322271477707
2115	60-64	-0.09267213342631919
2115	65-69	-0.14988379168254795
2115	70-74	-0.08224222435536888
2115	75-79	-0.09361780134918973
2115	80-84	-0.14500179710188377
2115	85-89	-0.09208331113471502
2115	90-94	-0.1239538927020547
2115	95-99	-0.10774285882576606
2115	100-104	-0.12083584803633585
2115	105-109	-0.13348340250124835
2115	110-114	-0.0900315920402619
2115	115-119	-0.14602035234054966
2115	120-124	-0.05813722693547163
2115	125-129	-0.22861303826572765
2115	130-134	-0.1931151883646436
2115	135-139	-0.1869644413955811
2115	140-144	-0.2980091722692748
2115	145-149	-0.23703251599980746
2115	150-151	-0.27615791648340604
2116	1	-0.2822255169745347
2116	2	-0.1271723344276836
2116	3	-0.2202114981651988
2116	4	0.006616149936405691
2116	5	-0.1568380569242649
2116	6	-0.15941624523123465
2116	7	-0.1413916081970612
2116	8	-0.25520779323930753
2116	9	0.034060310316185394
2116	10-14	-0.2428204667654157
2116	15-19	-0.1174169292901226
2116	20-24	-0.08795935854097081
2116	25-29	-0.1896716856599383
2116	30-34	-0.21413628928915074
2116	35-39	-0.1828763256516126
2116	40-44	-0.1633874375211093
2116	45-49	-0.1524964992510789
2116	50-54	-0.21213167248361486
2116	55-59	-0.3082972906699979
2116	60-64	-0.2530852143213309
2116	65-69	-0.31213199220933063
2116	70-74	-0.20451751019791686
2116	75-79	-0.23615934658435123
2116	80-84	-0.13960979084959746
2116	85-89	-0.18203400273498715
2116	90-94	-0.2301259441164305
2116	95-99	-0.20419999213741846
2116	100-104	-0.2687646267809214
2116	105-109	-0.2151951467299682
2116	110-114	-0.20831805803297954
2116	115-119	-0.21974729775528345
2116	120-124	-0.2650773916547635
2116	125-129	-0.3251871037775942
2116	130-134	-0.42409685208313874
2116	135-139	-0.32941172495915083
2116	140-144	-0.3449598370228628
2116	145-149	-0.341245356467887
2116	150-151	-0.3306089466501234
2117	1	-0.06345109581712904
2117	2	-0.16627780672439485
2117	3	-0.20865045637650326
2117	4	0.06738163605577796
2117	5	-0.3084867626687995
2117	6	0.08516649270894305
2117	7	-0.11576699121867762
2117	8	-0.3339306881073085
2117	9	-0.09941717215328083
2117	10-14	-0.07120509801816155
2117	15-19	-0.16890768331758466
2117	20-24	-0.10661844031297107
2117	25-29	-0.11714640058645642
2117	30-34	-0.1229730027490703
2117	35-39	-0.09440649985022276
2117	40-44	-0.1630369021566338
2117	45-49	-0.12091398566557388
2117	50-54	-0.11892480090634194
2117	55-59	-0.1027167315299522
2117	60-64	-0.12450137418232288
2117	65-69	-0.12116731226107902
2117	70-74	-0.09598706346108088
2117	75-79	-0.1923821774585761
2117	80-84	-0.08031390316546094
2117	85-89	-0.07560134753499881
2117	90-94	-0.20585528504068407
2117	95-99	-0.22299338556969417
2117	100-104	-0.15708779388601357
2117	105-109	-0.18479192565929026
2117	110-114	-0.09106638779520893
2117	115-119	-0.15608658225959715
2117	120-124	-0.18555886583063597
2117	125-129	-0.1874652523847118
2117	130-134	-0.17201193458994624
2117	135-139	-0.18142858318054067
2117	140-144	-0.23875545141589782
2117	145-149	-0.3518541707458738
2117	150-151	-0.2873657115459949
2118	1	0.23423895442928
2118	2	-0.3438101160567939
2118	3	0.057084862320067487
2118	4	-0.17016027987295246
2118	5	-0.05978433075442524
2118	6	-0.3327264705345314
2118	7	-0.384025923621671
2118	8	-0.27947122478176567
2118	9	-0.18084436905989776
2118	10-14	-0.19221388097685121
2118	15-19	-0.10909803847556532
2118	20-24	-0.15936317136592493
2118	25-29	-0.18481899935144952
2118	30-34	-0.21067008478308935
2118	35-39	-0.17802363934313092
2118	40-44	-0.17170632833566657
2118	45-49	-0.2578691162354829
2118	50-54	-0.13726165515259225
2118	55-59	-0.24243940505474626
2118	60-64	-0.1789084378915291
2118	65-69	-0.18942835269460545
2118	70-74	-0.2350201098512983
2118	75-79	-0.23997217154101946
2118	80-84	-0.26023370766068155
2118	85-89	-0.2839404152133227
2118	90-94	-0.22111381240065953
2118	95-99	-0.22083777376654012
2118	100-104	-0.2618322177687915
2118	105-109	-0.2810530323452127
2118	110-114	-0.28734752077127723
2118	115-119	-0.30640241040693184
2118	120-124	-0.22625590118682481
2118	125-129	-0.3161749720618232
2118	130-134	-0.26326496300168856
2118	135-139	-0.30168208891061
2118	140-144	-0.32554909178890057
2118	145-149	-0.3904654604540241
2118	150-151	-0.6443004544490876
2119	1	-0.36593181371333827
2119	2	-0.03311078911057308
2119	3	-0.24394856905790618
2119	4	-0.21820564259076747
2119	5	-0.09795444991828361
2119	6	-0.06610984800539654
2119	7	-0.0031890400954139864
2119	8	-0.06853817576293864
2119	9	0.01915174304894407
2119	10-14	-0.2275332787126061
2119	15-19	-0.10604813739249153
2119	20-24	-0.1576219942620085
2119	25-29	-0.040975400240881754
2119	30-34	-0.10112067641544797
2119	35-39	-0.11279977905598315
2119	40-44	-0.0963231093711272
2119	45-49	-0.12608216668984085
2119	50-54	-0.14736478894240435
2119	55-59	-0.12029502373038525
2119	60-64	-0.04808090025748868
2119	65-69	-0.21106835490771658
2119	70-74	-0.08941619324955496
2119	75-79	-0.16435538003815964
2119	80-84	-0.07163390175617224
2119	85-89	-0.1159195163029807
2119	90-94	-0.1720522147465502
2119	95-99	-0.14065211201008054
2119	100-104	-0.15518975571685445
2119	105-109	-0.2128283182173618
2119	110-114	-0.1189258700025988
2119	115-119	-0.1405892355400482
2119	120-124	-0.1719019864542588
2119	125-129	-0.2413761330459394
2119	130-134	-0.24036049895496348
2119	135-139	-0.1990818373939689
2119	140-144	-0.26006085490267594
2119	145-149	-0.3252966287802721
2119	150-151	-0.22271847153486846
2120	1	-0.22687275686844544
2120	2	-0.27910560314374067
2120	3	-0.19340395163848
2120	4	0.03620822422700343
2120	5	-0.1329032909539336
2120	6	-0.11764832877315712
2120	7	-0.34905651538707616
2120	8	-0.05946614263820038
2120	9	-0.0819738526441185
2120	10-14	-0.3196892576869317
2120	15-19	-0.131753443274377
2120	20-24	-0.09163189198952892
2120	25-29	-0.16457685194797733
2120	30-34	-0.7986448810028222
2120	35-39	-0.17625310573326658
2120	40-44	-0.09208161572784235
2120	45-49	-0.12145403596348103
2120	50-54	-0.12257456455806448
2120	55-59	-0.12996882899225426
2120	60-64	-0.19057423978225785
2120	65-69	-0.10721387710638908
2120	70-74	-0.07054672795864292
2120	75-79	-0.15263203462746588
2120	80-84	-0.16379957695829717
2120	85-89	-0.13732818124604051
2120	90-94	-0.18264776766257995
2120	95-99	-0.21908671663502588
2120	100-104	-0.1645502516183015
2120	105-109	-1.4076705310480477
2120	110-114	-0.20341607188866817
2120	115-119	-0.17693130330608398
2120	120-124	-0.24117123176200295
2120	125-129	-0.1891122532367362
2120	130-134	-0.2952569046087703
2120	135-139	-0.25176204898383503
2120	140-144	-0.28314575522470165
2120	145-149	-0.2880879606556377
2120	150-151	-0.5001745146709666
2121	1	-0.3093733695812304
2121	2	-0.05303475182974182
2121	3	-0.03977901872664802
2121	4	-0.09506122358693148
2121	5	-0.28995010841516233
2121	6	-0.2603219901896239
2121	7	-0.42264409608677767
2121	8	-0.2509148438422173
2121	9	-0.2521342748109774
2121	10-14	-0.12313720191921362
2121	15-19	-0.10630057872579357
2121	20-24	-0.07915054482802475
2121	25-29	-0.09883385626334018
2121	30-34	-0.11506775519970347
2121	35-39	-0.09022823114548117
2121	40-44	-0.17561468825751803
2121	45-49	-0.09509590766917597
2121	50-54	-0.10630587681820458
2121	55-59	-0.129937185091606
2121	60-64	-0.04319122138846865
2121	65-69	-0.11907909890842205
2121	70-74	-0.0970357751359785
2121	75-79	-0.133766685629368
2121	80-84	-0.07438880500223632
2121	85-89	-0.21104233754829949
2121	90-94	-0.13584395674418914
2121	95-99	-0.190974523495548
2121	100-104	-0.14889396642609398
2121	105-109	-0.16352542825190142
2121	110-114	-0.2286223001528782
2121	115-119	-0.22822296389732344
2121	120-124	-0.1805166993937064
2121	125-129	-0.2193588584976922
2121	130-134	-0.2945048966171413
2121	135-139	-0.2707459074921701
2121	140-144	-0.24657719499115416
2121	145-149	-0.4297719745913611
2121	150-151	-0.36152614355626156
2122	1	-0.19411703085454945
2122	2	-0.0710745509742452
2122	3	-0.12246453109413835
2122	4	0.10695972985674729
2122	5	-0.02340742662234163
2122	6	-0.15555477179027122
2122	7	-0.2849836906562402
2122	8	-0.08694484818168746
2122	9	-0.060342073459544565
2122	10-14	-0.2346888726153864
2122	15-19	-0.10178009022538959
2122	20-24	-0.13540744148663464
2122	25-29	-0.11415342727568145
2122	30-34	-0.09290669884857294
2122	35-39	-0.1468521230306763
2122	40-44	-0.09296389165469776
2122	45-49	-0.11456649225785753
2122	50-54	-0.08758912026250698
2122	55-59	-0.2269156737160074
2122	60-64	-0.16045363537396184
2122	65-69	-0.12698437446480426
2122	70-74	-0.09736557490040099
2122	75-79	-0.12743849766830095
2122	80-84	-0.23613203232850566
2122	85-89	-0.08546797762020475
2122	90-94	-0.132144248108645
2122	95-99	-0.1285382207244936
2122	100-104	-0.1617586369362911
2122	105-109	-0.20410815715898423
2122	110-114	-0.21141939890682693
2122	115-119	-0.20003128328235675
2122	120-124	-0.25157986968692825
2122	125-129	-0.2465760180042338
2122	130-134	-0.2859400215318928
2122	135-139	-0.27473326103503126
2122	140-144	-0.19590209735306274
2122	145-149	-0.2331022083028529
2122	150-151	-0.5637020780922484
2123	1	-0.36353158520449824
2123	2	-0.2289242650798684
2123	3	0.10268516950466022
2123	4	-0.04959032792243079
2123	5	-0.145941306231542
2123	6	-0.3540900320967211
2123	7	-0.18884213917274195
2123	8	-0.13454888822190725
2123	9	-0.09924772081145505
2123	10-14	-0.22130331290772887
2123	15-19	-0.19925671592137206
2123	20-24	-0.15076259583958063
2123	25-29	-0.12447323878048877
2123	30-34	-0.18731397452279452
2123	35-39	-0.15853402238985126
2123	40-44	-0.1794843845036027
2123	45-49	-0.1553684972703877
2123	50-54	-0.16252136104410653
2123	55-59	-0.168619033912897
2123	60-64	-0.13948384563015281
2123	65-69	-0.20588882121041507
2123	70-74	-0.11469092420180971
2123	75-79	-0.1717774888588508
2123	80-84	-0.10714429352041321
2123	85-89	-0.14073368680333687
2123	90-94	-0.221638042474801
2123	95-99	-0.21227870967140916
2123	100-104	-0.1588417639154187
2123	105-109	-0.13766780478102447
2123	110-114	-0.2134364175012209
2123	115-119	-0.19234560201331874
2123	120-124	-0.16381915052375007
2123	125-129	-0.2107211112763423
2123	130-134	-0.22867230133319083
2123	135-139	-0.24903788487007006
2123	140-144	-0.25189417335144526
2123	145-149	-0.31912925195989317
2123	150-151	-0.4921699543697713
2124	1	-0.018392311330423183
2124	2	0.11749558681658101
2124	3	0.06981014701744925
2124	4	-0.014371495201608298
2124	5	-0.049248854225680816
2124	6	0.04068045146099308
2124	7	-0.17470585013218454
2124	8	-0.09935355234553356
2124	9	-0.09470695562202991
2124	10-14	-0.16500134908552866
2124	15-19	-0.05105800604498256
2124	20-24	-0.012582353014380487
2124	25-29	-0.002387746980517136
2124	30-34	-0.00441336250342772
2124	35-39	-0.01260921963485373
2124	40-44	-0.003970592957323049
2124	45-49	2.170330790889352E-4
2124	50-54	-0.04345991312449371
2124	55-59	0.01912604001037721
2124	60-64	-0.008621695008031338
2124	65-69	0.01192986392086226
2124	70-74	0.024465612510184087
2124	75-79	-0.012257411906688276
2124	80-84	-0.007176381398600995
2124	85-89	0.02090051872795584
2124	90-94	-0.03970843755221409
2124	95-99	-0.043415112524797905
2124	100-104	-0.11550007206918878
2124	105-109	-0.027766014248044257
2124	110-114	-0.015964237397902536
2124	115-119	-0.15691705995580207
2124	120-124	-0.02598842325970452
2124	125-129	-0.10604443152731591
2124	130-134	-0.0863707119919539
2124	135-139	-0.17559614786585342
2124	140-144	-0.1338736356408461
2124	145-149	-0.12518864757699788
2124	150-151	-0.24863544154379724
2125	1	-0.04447407925444935
2125	2	-0.013153366102521602
2125	3	0.014218885991283514
2125	4	-0.18144721715903245
2125	5	-0.47009701491467837
2125	6	-0.4264707552161724
2125	7	-0.11005642273769922
2125	8	-0.05185712888344085
2125	9	-0.01471040635207288
2125	10-14	-0.1904395558561518
2125	15-19	-0.11958490376677844
2125	20-24	-0.10028093174494757
2125	25-29	-0.1512194591896332
2125	30-34	-0.16867501410909114
2125	35-39	-0.16935058022895078
2125	40-44	-0.10826143198795535
2125	45-49	-0.21605287152259933
2125	50-54	-0.2029871631083182
2125	55-59	-0.1475292680032254
2125	60-64	-0.15325271850893785
2125	65-69	-0.2174401621752864
2125	70-74	-0.18775083453189012
2125	75-79	-0.17169839363938166
2125	80-84	-0.21073839748763135
2125	85-89	-0.224066232050248
2125	90-94	-0.2682669669660882
2125	95-99	-0.2648231541636079
2125	100-104	-0.2859621104441814
2125	105-109	-0.3274688201229168
2125	110-114	-0.33491406522085043
2125	115-119	-0.24558184309898223
2125	120-124	-0.3046734075516966
2125	125-129	-0.3403501518312666
2125	130-134	-0.35809729914804933
2125	135-139	-0.28550995150492753
2125	140-144	-0.30075266598570494
2125	145-149	-0.3239282684280411
2125	150-151	-0.3939586239795787
2126	1	0.04231447343809691
2126	2	0.10693216795072402
2126	3	0.09200355401224414
2126	4	0.11760549320128177
2126	5	-0.2982562508104678
2126	6	0.0017725891653128656
2126	7	0.0846019756371561
2126	8	-0.03540322817422492
2126	9	0.03697782202384303
2126	10-14	-0.09397368037948439
2126	15-19	0.014379670879506534
2126	20-24	0.039986362171447354
2126	25-29	0.04221238086168455
2126	30-34	0.008414689729249858
2126	35-39	0.037037387980895176
2126	40-44	-0.03711021490965294
2126	45-49	0.08779259695452879
2126	50-54	0.09581065577332026
2126	55-59	0.08424520720972595
2126	60-64	0.09006372184887823
2126	65-69	0.06897232579648716
2126	70-74	0.01469116268824422
2126	75-79	0.019234141376124114
2126	80-84	0.005286407387799841
2126	85-89	-0.038993920136071836
2126	90-94	-0.08063547617881994
2126	95-99	-0.007248187129860639
2126	100-104	0.02010325182817496
2126	105-109	-0.030819616658789073
2126	110-114	0.025982616770662048
2126	115-119	-0.026482944349922377
2126	120-124	-0.006933359795176841
2126	125-129	-0.04946366264776714
2126	130-134	-0.14549955867261843
2126	135-139	-0.15060336181890932
2126	140-144	-0.08937578156358938
2126	145-149	-0.08058559762722695
2126	150-151	0.0077648871933035934
2127	1	0.02784354671625522
2127	2	0.01652759294983497
2127	3	-0.20393364628612431
2127	4	-0.1952222693817518
2127	5	0.004569025359032253
2127	6	0.021260387978934148
2127	7	-0.12406637231865858
2127	8	-0.2366094939363066
2127	9	-0.01606945535334603
2127	10-14	-0.15180453321932674
2127	15-19	-0.06430125122470542
2127	20-24	-0.06320406158445735
2127	25-29	-0.048149854068867626
2127	30-34	-0.1061990281693781
2127	35-39	-0.06347339239775351
2127	40-44	-0.10889453629636137
2127	45-49	-0.08467925329232884
2127	50-54	-0.09425988733043056
2127	55-59	-0.04302790755602359
2127	60-64	-0.029379037359731797
2127	65-69	-0.047250314774679225
2127	70-74	-0.06306396109962265
2127	75-79	-0.13717519333066264
2127	80-84	-0.07989385759283607
2127	85-89	-0.04173778402268624
2127	90-94	-0.15988756299017126
2127	95-99	-0.08294995958750206
2127	100-104	-0.11199265269355152
2127	105-109	-0.11784977330285074
2127	110-114	-0.06009701950255675
2127	115-119	-0.1649986265152279
2127	120-124	-0.0422438418042006
2127	125-129	-0.1018107659759977
2127	130-134	-0.2523073589070606
2127	135-139	-0.15380188417886842
2127	140-144	-0.23372302697260494
2127	145-149	-0.3075022317337144
2127	150-151	-0.1920475661864387
2128	1	-0.09137525178375938
2128	2	0.19957695215543936
2128	3	0.05441989101640843
2128	4	0.10330990176893806
2128	5	0.008964961634731594
2128	6	-0.13836355253610577
2128	7	0.17135061243818228
2128	8	-0.09540821766066188
2128	9	-0.18556467770886087
2128	10-14	-0.06447640677742328
2128	15-19	-0.007022089696427258
2128	20-24	-0.004468536435055626
2128	25-29	0.04375541518222548
2128	30-34	0.07119098254082701
2128	35-39	-0.004526459625935786
2128	40-44	0.05187257136213219
2128	45-49	0.05530391239700094
2128	50-54	-0.03950307600614167
2128	55-59	-0.09794802847223139
2128	60-64	-0.08357097646538847
2128	65-69	-0.08879694609488809
2128	70-74	-0.05039740069604903
2128	75-79	-1.236355010054794
2128	80-84	-0.02447374087122256
2128	85-89	-0.09207293221775359
2128	90-94	-0.01634066880863827
2128	95-99	-0.08793873205305403
2128	100-104	-0.060836482303479045
2128	105-109	-0.05343196920165383
2128	110-114	-0.06757738180376549
2128	115-119	-0.11961869402026082
2128	120-124	-0.07083756165554433
2128	125-129	-0.09311397092674412
2128	130-134	0.02716233234274057
2128	135-139	-0.14614646741782877
2128	140-144	-0.12654831087682084
2128	145-149	-0.19327500209637805
2128	150-151	-0.06732545815043522
2129	1	-0.0016241707974344877
2129	2	0.18526396974615977
2129	3	-0.0467170227884921
2129	4	0.07830670193811073
2129	5	-0.06841529513081923
2129	6	-0.17816944801571566
2129	7	-0.007032999976047449
2129	8	-0.0828648808214254
2129	9	0.006825846339957309
2129	10-14	-0.17473200369890662
2129	15-19	-0.06844325977716892
2129	20-24	-0.03894768745038135
2129	25-29	-0.08785279196646911
2129	30-34	-0.10562220855307203
2129	35-39	-0.03720591448605859
2129	40-44	-0.04272667069533753
2129	45-49	-0.08892331454613611
2129	50-54	-0.053786007830268545
2129	55-59	-0.034753873867543916
2129	60-64	-0.03448056315853876
2129	65-69	-0.026976214530080256
2129	70-74	-0.07260367013849844
2129	75-79	-0.06721584802091485
2129	80-84	-0.0035295960051371367
2129	85-89	-0.054569801948474606
2129	90-94	-0.07906736986653584
2129	95-99	-0.03831965104447477
2129	100-104	-0.044567985890076045
2129	105-109	-0.13393971279225525
2129	110-114	-0.11790654700964609
2129	115-119	-0.13615764570003108
2129	120-124	-0.21200185488247314
2129	125-129	-0.22537883901024003
2129	130-134	-0.24078760560836798
2129	135-139	-0.2920999335302312
2129	140-144	-0.24198707724465152
2129	145-149	-0.3332339329633456
2129	150-151	-0.24883933985129403
2130	1	-0.021023492989790782
2130	2	0.08734914646029779
2130	3	0.05106980726431942
2130	4	0.05305864548753192
2130	5	0.002264794130546477
2130	6	-0.05126137498166372
2130	7	0.08424843488374023
2130	8	0.08549630495240024
2130	9	-0.05156132762510879
2130	10-14	-0.005514932740574352
2130	15-19	0.05930956859503311
2130	20-24	-0.012508737440086293
2130	25-29	-1.1153735630422332
2130	30-34	-0.005190927006914592
2130	35-39	0.04371474640421269
2130	40-44	0.054552638363801975
2130	45-49	0.09349486717086108
2130	50-54	-0.010692355738136428
2130	55-59	0.012604735346855023
2130	60-64	0.027651804104124267
2130	65-69	-0.03921570656389406
2130	70-74	-0.010196395670924119
2130	75-79	-0.03970509380688725
2130	80-84	0.007687063148878792
2130	85-89	0.03456023361139415
2130	90-94	-0.02974100381701561
2130	95-99	0.07755540530038019
2130	100-104	-5.349747657916737E-4
2130	105-109	-0.0025106961698284636
2130	110-114	0.03828526476239347
2130	115-119	-0.013756047454094755
2130	120-124	0.05043547017024963
2130	125-129	-1.1932814751143468
2130	130-134	-0.015718739684061234
2130	135-139	-0.036933737099573705
2130	140-144	-0.0642367530878758
2130	145-149	-0.17183446608297714
2130	150-151	-0.2566051901437376
2131	1	-0.0879594801149608
2131	2	0.04949648445747101
2131	3	-0.034882831747736986
2131	4	-0.14040869119588706
2131	5	-0.1311473647028336
2131	6	-0.03360774736646732
2131	7	-0.008650701320156884
2131	8	-0.13028850143246018
2131	9	-0.11128806589160689
2131	10-14	-0.03885811926141258
2131	15-19	-0.07651005238569297
2131	20-24	-0.11275178273189823
2131	25-29	-0.1674936405539711
2131	30-34	-0.18326101601404332
2131	35-39	-0.14736811890271184
2131	40-44	-0.1429742115721453
2131	45-49	-0.13762806776525593
2131	50-54	-0.20322035521262194
2131	55-59	-0.1461038402106709
2131	60-64	-0.19818325353701027
2131	65-69	-0.195254068307257
2131	70-74	-0.1786727644428936
2131	75-79	-0.17121558745157728
2131	80-84	-0.17051111729582402
2131	85-89	-0.16506206086754105
2131	90-94	-0.08510606441411994
2131	95-99	-0.2722327511682394
2131	100-104	-0.3232859847175078
2131	105-109	-0.2282636439150849
2131	110-114	-0.2664245588655447
2131	115-119	-0.27888233247396244
2131	120-124	-0.28283545964220735
2131	125-129	-0.27884983981366673
2131	130-134	-0.34133045840840026
2131	135-139	-0.41279999650115684
2131	140-144	-0.3691666312368014
2131	145-149	-0.3494283176939703
2131	150-151	-0.2827079260454681
2132	1	-0.32284510102999064
2132	2	0.12300439639417249
2132	3	0.19069336364270129
2132	4	-0.20181219996781152
2132	5	-0.014854795043390823
2132	6	-0.17309863143939452
2132	7	0.19396367776481327
2132	8	-0.05953256747993407
2132	9	-0.010561371705158251
2132	10-14	0.007723408086363293
2132	15-19	0.018790085213211682
2132	20-24	0.014110102373017241
2132	25-29	0.040495695531340914
2132	30-34	0.04222488009878589
2132	35-39	0.009288227846511177
2132	40-44	0.02186066974879708
2132	45-49	0.03889842002284638
2132	50-54	0.018068774474336635
2132	55-59	0.014443975406805976
2132	60-64	0.08046741725761564
2132	65-69	0.0721822922018589
2132	70-74	0.0066256531697703736
2132	75-79	0.014052730401878932
2132	80-84	-0.008325014784645646
2132	85-89	-0.03906446884828085
2132	90-94	0.011759260663282589
2132	95-99	-0.01682769440870402
2132	100-104	-0.024872672024017106
2132	105-109	-0.03340640277301077
2132	110-114	0.05371218004054157
2132	115-119	-0.02472426573849873
2132	120-124	-0.011623729336044164
2132	125-129	-0.030698825021779896
2132	130-134	-0.1121680917073391
2132	135-139	-0.02841747156136165
2132	140-144	-0.0655073605109564
2132	145-149	-0.10235659426776067
2132	150-151	-0.13376786756592907
2133	1	-0.11410327096463391
2133	2	0.05930040602609665
2133	3	0.06642435779474454
2133	4	0.14717300815051715
2133	5	-0.0036963843106789795
2133	6	-0.05648356435992952
2133	7	-0.028258544457408163
2133	8	-0.16296823999455512
2133	9	-0.13089590902885817
2133	10-14	-0.031668576777754254
2133	15-19	0.010418052189478999
2133	20-24	0.004895276091623657
2133	25-29	-0.02827795427946711
2133	30-34	0.029157284639552472
2133	35-39	0.06308939743715314
2133	40-44	0.008659775355951638
2133	45-49	-0.021941793255450648
2133	50-54	0.08174696504880075
2133	55-59	0.014680473514822268
2133	60-64	0.022078184371480347
2133	65-69	-0.01812988530072346
2133	70-74	0.0036801767335745694
2133	75-79	-0.009450881569229352
2133	80-84	-0.05678562709974244
2133	85-89	0.021866043707625238
2133	90-94	-0.04523678336835957
2133	95-99	-0.04739614986105778
2133	100-104	-0.06511605007698762
2133	105-109	-0.04656429750986035
2133	110-114	-0.05269906866946883
2133	115-119	-0.052084946853049985
2133	120-124	0.00670702401792056
2133	125-129	-0.07362108164372927
2133	130-134	0.00834274420598291
2133	135-139	-0.03306143440964604
2133	140-144	-0.06916663123679001
2133	145-149	-0.15792504972012011
2133	150-151	-0.1846687103591904
2134	1	-0.10915063330157437
2134	2	0.021306443422894006
2134	3	-0.02992471550319209
2134	4	-0.14865121704109185
2134	5	-0.06537151538574193
2134	6	-0.0853940388598744
2134	7	0.04014976326355679
2134	8	-0.015534133633373415
2134	9	-0.04203057804036092
2134	10-14	-0.06300551501770713
2134	15-19	0.0073577165715690285
2134	20-24	-0.004811126726558257
2134	25-29	-0.09612251596553989
2134	30-34	-0.1102605612917742
2134	35-39	-0.04454774515388493
2134	40-44	-0.05445622264983996
2134	45-49	-0.055739710298766454
2134	50-54	-0.05610017157057712
2134	55-59	-0.15683199847593698
2134	60-64	-0.05258228054094616
2134	65-69	-0.07659511548332176
2134	70-74	-6.122918604418714E-4
2134	75-79	-0.05832010235057794
2134	80-84	-0.12489425641344809
2134	85-89	-0.03899277872607598
2134	90-94	-0.15096573602794194
2134	95-99	-0.1133319737575249
2134	100-104	-0.14723943868920486
2134	105-109	-0.10632959507901063
2134	110-114	-0.044727732607803716
2134	115-119	0.017171993140046027
2134	120-124	-0.09897152569198653
2134	125-129	-0.06762806135654387
2134	130-134	-0.16990290443067835
2134	135-139	-0.06911981417396618
2134	140-144	-0.19436153177314708
2134	145-149	-0.14246942349086567
2134	150-151	-0.328134954079367
2135	1	0.057183634602196776
2135	2	-0.05145654043064951
2135	3	-0.0252559925062954
2135	4	-0.08868455326484792
2135	5	0.019147235896021186
2135	6	0.0942939880403415
2135	7	0.0010244331014277464
2135	8	-0.04857305663385603
2135	9	-0.0654237431510154
2135	10-14	-0.13714846988442275
2135	15-19	-0.035694185809170165
2135	20-24	-0.07194879487008876
2135	25-29	-0.08285794719617456
2135	30-34	-0.04627978674072608
2135	35-39	-0.045668128561743515
2135	40-44	-0.03777765018897128
2135	45-49	-0.09625519677777561
2135	50-54	-0.11568695104636362
2135	55-59	-0.10487263508494493
2135	60-64	-0.10661559198964454
2135	65-69	-0.07743636651389352
2135	70-74	-0.0699764123388249
2135	75-79	-0.13019366143979738
2135	80-84	-0.15974451180305493
2135	85-89	-0.18648258309941923
2135	90-94	-0.14689491788653442
2135	95-99	-0.002011559243193517
2135	100-104	-0.09541000674011002
2135	105-109	-0.0907350692668345
2135	110-114	-0.12261117144161915
2135	115-119	-0.07347005261949846
2135	120-124	-0.07680500148192948
2135	125-129	-0.1503492441731069
2135	130-134	-0.14494615756162688
2135	135-139	-0.16308171838530683
2135	140-144	-0.1396614958493032
2135	145-149	-0.12584095171309428
2135	150-151	-0.26478236501645114
2136	1	0.2803597629436254
2136	2	0.14587342490113997
2136	3	0.08726341614411126
2136	4	0.08286693397586475
2136	5	-0.09244895046492019
2136	6	0.0721393604901408
2136	7	-0.07437927359544716
2136	8	0.12346576202065052
2136	9	-0.051588945792893526
2136	10-14	-0.050412683378894485
2136	15-19	-0.03237004408778432
2136	20-24	0.0012738330104085094
2136	25-29	0.024804933176156396
2136	30-34	-0.013423902823063827
2136	35-39	0.004675913879403026
2136	40-44	0.10509167595350988
2136	45-49	0.04361866560795136
2136	50-54	-0.03207820777932113
2136	55-59	0.03554162369074021
2136	60-64	-0.018295436909951945
2136	65-69	-0.056298095701116324
2136	70-74	-0.01715672631562626
2136	75-79	-0.008751756082268969
2136	80-84	1.1968517630123188E-4
2136	85-89	0.041176994248878884
2136	90-94	0.01164482060600136
2136	95-99	-0.06717318406028028
2136	100-104	0.009811343249126026
2136	105-109	-0.033786061730793904
2136	110-114	-0.08236138701808216
2136	115-119	-0.11552512919143254
2136	120-124	-0.07668046123173866
2136	125-129	-0.10637787218626471
2136	130-134	-0.08456254651707695
2136	135-139	-0.0429009184307958
2136	140-144	-0.15068493242921477
2136	145-149	-0.0913871622375595
2136	150-151	-0.04773036810829723
2137	1	-0.0706539491101239
2137	2	0.006510898459019643
2137	3	0.01309473434826458
2137	4	-0.04163295385587418
2137	5	-0.03883665076784837
2137	6	0.04463267512417701
2137	7	0.20314564771472732
2137	8	0.013807868334140494
2137	9	-0.08952521495267263
2137	10-14	-0.049634249412974896
2137	15-19	0.0038122713128529995
2137	20-24	-0.009113911334033276
2137	25-29	0.015956990672371774
2137	30-34	0.018007983516767467
2137	35-39	0.007979028303417124
2137	40-44	-0.032099878533422554
2137	45-49	-0.04327691606361839
2137	50-54	-0.12163885227199955
2137	55-59	-0.032343433432487245
2137	60-64	-0.09548922099912716
2137	65-69	-0.07529705934896924
2137	70-74	-0.0710773166922749
2137	75-79	-0.009629283480911965
2137	80-84	-0.043165977793165666
2137	85-89	-0.05976783410616804
2137	90-94	-0.05437838102022141
2137	95-99	-0.004151962926400188
2137	100-104	-0.025181300439790277
2137	105-109	-0.04773291186712214
2137	110-114	-0.010347436864819315
2137	115-119	-0.04546607225813659
2137	120-124	-0.09700177168733859
2137	125-129	-0.03503280270388842
2137	130-134	-0.06265794321423357
2137	135-139	-1.3260890294209418
2137	140-144	-0.07879815218128527
2137	145-149	-0.029038124888970174
2137	150-151	-0.021763759842535535
2138	1	0.09904273791823925
2138	2	-0.11959766648693915
2138	3	-0.2197529452272562
2138	4	0.05200434632808282
2138	5	0.01530727302736068
2138	6	-0.01792845455923242
2138	7	0.10563171391929416
2138	8	-0.20688314915186368
2138	9	0.029363702895885524
2138	10-14	-0.01218371901651949
2138	15-19	-0.015047976456983747
2138	20-24	-0.056563577512804386
2138	25-29	-0.04522523168399317
2138	30-34	-0.05662420955221137
2138	35-39	-0.09808105814578738
2138	40-44	-0.05465513702367275
2138	45-49	-0.07573473743941861
2138	50-54	-0.053794197458373105
2138	55-59	-0.008122841182739649
2138	60-64	-0.04273188646595116
2138	65-69	-0.006961309406925409
2138	70-74	0.007077043560293816
2138	75-79	0.02305350884758184
2138	80-84	0.028967940281738436
2138	85-89	-0.03460894837083117
2138	90-94	0.011578163919786277
2138	95-99	-0.024861362185369273
2138	100-104	0.00786583509011507
2138	105-109	-0.06110825806860731
2138	110-114	-0.01611602131741563
2138	115-119	0.006757916504291472
2138	120-124	-0.07152134210256378
2138	125-129	0.004085805000279663
2138	130-134	-0.09175875900829311
2138	135-139	-0.0803570987723603
2138	140-144	-0.028005198161785927
2138	145-149	-0.02733767371247353
2138	150-151	0.0578608678922663
2139	1	-0.09221345753039856
2139	2	-0.0852760399788508
2139	3	-0.07144245423396
2139	4	0.13037353829444243
2139	5	-0.14490331679749602
2139	6	-0.001475788559503144
2139	7	0.13795386582695812
2139	8	0.042446496082490626
2139	9	-0.08241606465175266
2139	10-14	0.005116036222524656
2139	15-19	-0.0036681710160735292
2139	20-24	-0.039912039039386116
2139	25-29	-0.06273944669872833
2139	30-34	-0.0065857451970714465
2139	35-39	-0.048503225439191056
2139	40-44	-0.019217137197017564
2139	45-49	-0.055099837067146495
2139	50-54	-0.061899057001326696
2139	55-59	-0.11200468405870367
2139	60-64	-0.007786767878158685
2139	65-69	-0.06242469234864245
2139	70-74	-0.0693797476995286
2139	75-79	-0.07042999111983761
2139	80-84	-0.050108592699182
2139	85-89	-0.026344453355740427
2139	90-94	-0.013050848214795963
2139	95-99	-0.10156916275659
2139	100-104	-0.10230575288642285
2139	105-109	-0.14198539317624892
2139	110-114	-0.1147804179712466
2139	115-119	-0.10436718435966696
2139	120-124	-0.1057102077971308
2139	125-129	-0.11546557632358656
2139	130-134	-0.04588264177834134
2139	135-139	-0.04744746682752776
2139	140-144	-0.13134471042704376
2139	145-149	-0.09590836515040735
2139	150-151	-0.24620842572748103
2140	1	-0.0027004729308188757
2140	2	0.07794676264036582
2140	3	-0.1852744484495119
2140	4	0.02185026197216189
2140	5	-0.06464274632656242
2140	6	-0.19710907076083828
2140	7	-0.12256524785502165
2140	8	-0.2314714539523166
2140	9	-0.12918359876039887
2140	10-14	-0.02156432571094058
2140	15-19	-0.03948633931919687
2140	20-24	-0.7068326988448987
2140	25-29	-0.09179008089319751
2140	30-34	-0.17381144004039584
2140	35-39	-0.07533117189250049
2140	40-44	-0.0625042715300097
2140	45-49	-0.08254677353957618
2140	50-54	-1.2718953403582063
2140	55-59	-0.09201644216605587
2140	60-64	-0.039531495313070764
2140	65-69	-0.08558086569287582
2140	70-74	-0.14221405974889478
2140	75-79	-0.10241312431757166
2140	80-84	-0.009244979986917201
2140	85-89	0.025287423278733456
2140	90-94	-0.07045365799700676
2140	95-99	-0.08140468440434745
2140	100-104	-0.06508472074084892
2140	105-109	-0.07846512395613559
2140	110-114	-0.06902705440921153
2140	115-119	-0.08644566634746553
2140	120-124	-0.06867135874013996
2140	125-129	-0.07995284851024564
2140	130-134	-0.11434077548289423
2140	135-139	-0.04886114272272124
2140	140-144	-0.12124355015863131
2140	145-149	-0.1428426751725027
2140	150-151	-0.055481112455019854
2141	1	-0.20991371236934953
2141	2	-0.044001939288911274
2141	3	-0.032407012606057606
2141	4	0.035570492589378944
2141	5	-0.12273709837773339
2141	6	-0.011354913063748029
2141	7	-0.0948613016928661
2141	8	0.06920559365832446
2141	9	-0.138261605238867
2141	10-14	-0.08120590471906297
2141	15-19	-0.00978914326060476
2141	20-24	-0.011863495343540365
2141	25-29	-0.01268620128135467
2141	30-34	0.015027392748535817
2141	35-39	-0.010652956255896129
2141	40-44	0.011080277931128535
2141	45-49	-0.6081915985733559
2141	50-54	-0.06759863459889459
2141	55-59	-0.056109694099745866
2141	60-64	-0.12161438441172834
2141	65-69	-0.08321439075450598
2141	70-74	-0.12768055709706516
2141	75-79	-0.0794937384819221
2141	80-84	-0.10907643112335563
2141	85-89	-0.10626055067156415
2141	90-94	-0.06927639647462769
2141	95-99	-0.10571592257978324
2141	100-104	-0.07693285020157958
2141	105-109	0.007913927633943274
2141	110-114	-0.022689562812892916
2141	115-119	-0.037942165664979655
2141	120-124	-0.08269636264487445
2141	125-129	-0.7646898728961915
2141	130-134	-0.07203813452184704
2141	135-139	-0.04420262054721036
2141	140-144	-0.17525252766055388
2141	145-149	-0.1933195964733585
2141	150-151	-0.1196247524857128
2142	1	0.09070774785522673
2142	2	-0.04525856592491806
2142	3	-0.05243975817919733
2142	4	0.04222274288063943
2142	5	-0.12677567382995392
2142	6	0.0777597283328717
2142	7	-0.15822459638877717
2142	8	-0.12507485528036
2142	9	0.08609917416819712
2142	10-14	-0.030976122532088368
2142	15-19	-0.05626804421440568
2142	20-24	-0.03836773238728597
2142	25-29	0.004171865725616897
2142	30-34	0.07318830745330729
2142	35-39	0.003129768113367959
2142	40-44	0.01855652789127049
2142	45-49	-0.010034062918613529
2142	50-54	-0.007293583733329001
2142	55-59	-0.050527883431037424
2142	60-64	-0.002713620597134536
2142	65-69	-0.08240993257975049
2142	70-74	-1.1956424810385755
2142	75-79	-0.06090163528111958
2142	80-84	-0.08407037529575234
2142	85-89	-0.06541611385674884
2142	90-94	-0.035555377087156614
2142	95-99	-0.006187836092387045
2142	100-104	-0.04932669001697576
2142	105-109	-0.04086652707220395
2142	110-114	-0.010280714044377248
2142	115-119	-0.10165992135152635
2142	120-124	-0.04161797071985518
2142	125-129	-0.08261003367926634
2142	130-134	-0.12256511026529182
2142	135-139	-0.15256889057130252
2142	140-144	-0.15551616141495117
2142	145-149	-0.0935127722850595
2142	150-151	-0.018211183225027128
2143	1	0.1977113773753274
2143	2	-0.14363968473889344
2143	3	-0.1563515742835122
2143	4	-0.27385276650042556
2143	5	0.08773088427117415
2143	6	-0.085146192201762
2143	7	-0.2861027674179084
2143	8	-0.049642289459299604
2143	9	-0.1360312965171886
2143	10-14	-0.07107751864907641
2143	15-19	0.03388232161817939
2143	20-24	0.05208221288185655
2143	25-29	-8.096025976982446E-4
2143	30-34	0.03457712699510296
2143	35-39	0.007312357939191827
2143	40-44	0.002456053557160942
2143	45-49	-0.045069493948133754
2143	50-54	-0.07371956264753976
2143	55-59	0.005777687594246572
2143	60-64	-0.014547008341267542
2143	65-69	0.06671149311110725
2143	70-74	0.006466097303359675
2143	75-79	0.027136311447513606
2143	80-84	-0.045390061121416636
2143	85-89	-0.03264289164946632
2143	90-94	-0.07042949611237503
2143	95-99	-0.07752230885178335
2143	100-104	0.04646191444215475
2143	105-109	-0.008358317443409646
2143	110-114	-0.06807265996644674
2143	115-119	5.4978884691081475E-5
2143	120-124	-0.08110484491569281
2143	125-129	-0.018734320737813448
2143	130-134	-0.028163020890758617
2143	135-139	-0.12864478402857316
2143	140-144	-0.09580767525130085
2143	145-149	-0.027586092431775455
2143	150-151	-0.05614830995096298
2144	1	0.020723061896028128
2144	2	0.16806444364446804
2144	3	0.09898185294576223
2144	4	0.07447077680078706
2144	5	0.22687913766868917
2144	6	0.12370322357219976
2144	7	-0.09406624742221936
2144	8	-0.11004499255759015
2144	9	-0.14992513335366908
2144	10-14	0.028796274166779767
2144	15-19	0.016921401658933632
2144	20-24	0.020534283149146404
2144	25-29	-0.02119109626111282
2144	30-34	-0.059610990750400106
2144	35-39	0.0028788127876708813
2144	40-44	-0.04716960544042337
2144	45-49	-0.09675313092434834
2144	50-54	-0.06360697037406737
2144	55-59	-0.03258045912090779
2144	60-64	-0.025653792874948067
2144	65-69	-0.06802475596718693
2144	70-74	0.009334341974074789
2144	75-79	0.008066599238553351
2144	80-84	-0.051892630832249154
2144	85-89	-0.05643004613313707
2144	90-94	-0.023099316577827267
2144	95-99	-0.06811559308306414
2144	100-104	-0.025833537404423623
2144	105-109	-0.04947369069356711
2144	110-114	0.007121966976711747
2144	115-119	-1.8661869467552563
2144	120-124	0.023987352608209278
2144	125-129	-0.020663606051655847
2144	130-134	-0.6246336383670013
2144	135-139	0.003616478650833699
2144	140-144	0.022504517688275882
2144	145-149	-0.16725629676589904
2144	150-151	-0.09034161958938824
2145	1	0.027021811336922497
2145	2	0.24402523780975116
2145	3	0.12716691853730566
2145	4	-0.04745209823929031
2145	5	-0.03816668348686392
2145	6	0.0989820616939312
2145	7	-0.06606908226794417
2145	8	-0.03383911086542213
2145	9	0.08030191981602997
2145	10-14	-0.018758875632762795
2145	15-19	0.04343823815083425
2145	20-24	0.06484774192644949
2145	25-29	0.09683325318468405
2145	30-34	0.09800152995438793
2145	35-39	0.052087486435247854
2145	40-44	0.03627616179587534
2145	45-49	0.10970696780506728
2145	50-54	0.055017026554160964
2145	55-59	0.0828149181198512
2145	60-64	0.053548692312567425
2145	65-69	-0.012984633096642995
2145	70-74	0.029186431651602618
2145	75-79	-0.037405306582478204
2145	80-84	0.031419155222678796
2145	85-89	-0.020791051890654444
2145	90-94	0.017408749865403195
2145	95-99	0.02438043956259861
2145	100-104	0.05507312305336143
2145	105-109	0.025098274152711042
2145	110-114	0.05624731086515311
2145	115-119	0.026028460672122833
2145	120-124	-0.04477440393409182
2145	125-129	-0.013283203658787102
2145	130-134	-0.03928456224485899
2145	135-139	0.001678653271611097
2145	140-144	-0.050273406461215586
2145	145-149	0.026464152316144407
2145	150-151	-0.04198993532747153
2146	1	-0.15038575143649524
2146	2	0.15759468308651492
2146	3	-0.2557978644274712
2146	4	0.05552626815370587
2146	5	-0.07834966025520629
2146	6	-0.06595271787499257
2146	7	-0.07351599703193301
2146	8	0.08147620444989201
2146	9	-0.1436968017436655
2146	10-14	-0.11778686149001771
2146	15-19	-0.04017974790617984
2146	20-24	-0.02957945689098551
2146	25-29	-0.03797028649690759
2146	30-34	0.009224238250261863
2146	35-39	0.04330619960517623
2146	40-44	0.04358724227768107
2146	45-49	0.004166926655280179
2146	50-54	-0.0011192871431262574
2146	55-59	0.0634737143884081
2146	60-64	0.03374405397134694
2146	65-69	0.11734596357542415
2146	70-74	0.002471823473577217
2146	75-79	0.0044228630505713795
2146	80-84	0.06533138230563651
2146	85-89	0.06232834244825369
2146	90-94	0.013803548211420491
2146	95-99	-0.025346094066378555
2146	100-104	0.034475851724387496
2146	105-109	0.010834076473884124
2146	110-114	0.060108200579698234
2146	115-119	0.06470127983274665
2146	120-124	-0.0478314743082322
2146	125-129	0.05243981425935118
2146	130-134	-0.054498001848543254
2146	135-139	-0.06170801499310841
2146	140-144	-0.06765220432782115
2146	145-149	-0.09376117278723228
2146	150-151	-0.020783806804267613
2147	1	-0.07382246728513309
2147	2	-0.033994195765238544
2147	3	-0.11917235002417925
2147	4	-0.044523917533332735
2147	5	-0.06481959902866663
2147	6	-0.08490283330207404
2147	7	0.01906655842324767
2147	8	-0.013997046578914762
2147	9	-0.047259985523652404
2147	10-14	-0.009209123860784985
2147	15-19	-0.025670062068577693
2147	20-24	-0.002671898926536187
2147	25-29	-0.011255441570675373
2147	30-34	-0.003619282777528099
2147	35-39	0.016093512663495346
2147	40-44	-0.020016090051939273
2147	45-49	0.07602480078957541
2147	50-54	0.026840162821734737
2147	55-59	-0.029454118593626788
2147	60-64	-0.0186819221402601
2147	65-69	0.015818311261860174
2147	70-74	0.016050062959678257
2147	75-79	-0.03644434562151844
2147	80-84	0.055061383309357836
2147	85-89	0.042069384303118795
2147	90-94	-0.01966428276318055
2147	95-99	-0.05882195475091123
2147	100-104	-0.06424943182474863
2147	105-109	-0.07018569668681351
2147	110-114	-0.04424590962806718
2147	115-119	0.01748658546357973
2147	120-124	-0.05763575012878164
2147	125-129	-0.006939890648808955
2147	130-134	-0.0720348883285169
2147	135-139	-0.02116600957304371
2147	140-144	0.0016201032100653379
2147	145-149	-0.10704632786100632
2147	150-151	-0.20060916061336798
2148	1	0.05132156563667678
2148	2	0.03796053674505373
2148	3	0.12086880223919394
2148	4	-0.04040869119588564
2148	5	0.019048713728537336
2148	6	-0.17099336828150058
2148	7	0.04396367776481469
2148	8	-0.11519046221677343
2148	9	0.0682544177685287
2148	10-14	-0.04858360945748785
2148	15-19	-0.022797634085030438
2148	20-24	-0.013758318679606418
2148	25-29	-0.04520605885462459
2148	30-34	-0.021783891831034907
2148	35-39	0.022867175214933866
2148	40-44	0.030790494310203087
2148	45-49	-0.022320878222771512
2148	50-54	-0.02583473429759664
2148	55-59	-0.07470514740020917
2148	60-64	-0.08375188098799669
2148	65-69	-0.026247532359541026
2148	70-74	-0.08403224156707267
2148	75-79	-0.05599990117707421
2148	80-84	-0.05546536566184557
2148	85-89	-0.016696047795647928
2148	90-94	-0.05396880951216332
2148	95-99	-0.06780137861922952
2148	100-104	0.0045571525373944155
2148	105-109	-0.04456429750985791
2148	110-114	-0.019208872591036652
2148	115-119	-0.0022418095981464603
2148	120-124	0.0023148671551780353
2148	125-129	-0.0724707548463428
2148	130-134	-0.042676863637161944
2148	135-139	-0.12961045401749516
2148	140-144	-0.10004244823026198
2148	145-149	-0.05099694514495923
2148	150-151	0.011736518398983264
2149	1	0.011898006739436084
2149	2	0.03920113824881355
2149	3	0.04595652153744112
2149	4	0.03127050679910326
2149	5	0.07082816235008949
2149	6	0.09089468518550348
2149	7	-0.047890958826663166
2149	8	-0.08360316062947248
2149	9	-0.11347490553974637
2149	10-14	-0.017412347970442
2149	15-19	-0.08209755054285495
2149	20-24	-0.039534425613616975
2149	25-29	-5.026336248832308E-4
2149	30-34	0.02425286673204141
2149	35-39	0.020232254580015763
2149	40-44	-0.05326464353441196
2149	45-49	0.006369180256761808
2149	50-54	0.05891046202654593
2149	55-59	0.057395103226355104
2149	60-64	0.0075664147513450075
2149	65-69	-0.03371787488251243
2149	70-74	0.017287725016053912
2149	75-79	-0.11905086191224257
2149	80-84	-0.02363412088322292
2149	85-89	0.04395558127703225
2149	90-94	0.01191590226729744
2149	95-99	-0.00533020067436496
2149	100-104	0.050471939504802776
2149	105-109	0.009826679933752303
2149	110-114	0.030518779873460744
2149	115-119	-0.0393963626474374
2149	120-124	-0.09899841605284365
2149	125-129	-0.07708562535594865
2149	130-134	-0.005839770905325281
2149	135-139	-0.03627043730906365
2149	140-144	-0.06814938223192968
2149	145-149	-0.09255082985673369
2149	150-151	-0.1613628968056986
2150	1	-0.2623942813578566
2150	2	-0.11387006434784297
2150	3	-0.1323005966679105
2150	4	-0.3431409316330445
2150	5	-0.08466713326600228
2150	6	-0.1080425486093688
2150	7	-0.09620025666141885
2150	8	-0.18846915074136916
2150	9	-0.10699148387081436
2150	10-14	-0.1313814236651467
2150	15-19	-0.041475229713448414
2150	20-24	0.010143320664646183
2150	25-29	-0.010397315685231945
2150	30-34	-0.026953290738134683
2150	35-39	-0.011919710030973363
2150	40-44	-0.049351582192528554
2150	45-49	0.0437884113947149
2150	50-54	-0.01687298566371709
2150	55-59	-0.0559291911160571
2150	60-64	6.85277481942137E-4
2150	65-69	-0.005580865692870418
2150	70-74	-0.030261749763795365
2150	75-79	-0.08708186839019305
2150	80-84	-0.038536403913205675
2150	85-89	-0.09669604779563912
2150	90-94	-0.1430617056870247
2150	95-99	-0.09806367370119062
2150	100-104	-0.07915869445714208
2150	105-109	-0.10394134669019195
2150	110-114	-0.15081542996808395
2150	115-119	-0.1463183123303864
2150	120-124	-0.27292010552242374
2150	125-129	-0.129279498015741
2150	130-134	-0.11138724615081941
2150	135-139	-0.0986159184983606
2150	140-144	-0.21422824057998469
2150	145-149	-0.22924831126517375
2150	150-151	-0.13799025755730554
2151	1	0.13115654913502794
2151	2	0.019858226514031685
2151	3	0.2583935547144378
2151	4	-0.15526017634439881
2151	5	-0.07329452059489938
2151	6	0.022141945249856576
2151	7	-0.015607279330893675
2151	8	-0.045256468817434836
2151	9	-0.035606968370089476
2151	10-14	-0.02321067216376349
2151	15-19	-0.04265902022364543
2151	20-24	0.0365849156438216
2151	25-29	0.00393585533679186
2151	30-34	0.06103459001715095
2151	35-39	0.07090017851526653
2151	40-44	0.04931854711549022
2151	45-49	0.046517405605612794
2151	50-54	-0.03256740756491894
2151	55-59	1.3313642816115134E-4
2151	60-64	0.021502244424539185
2151	65-69	0.03494718711240097
2151	70-74	-0.044692307573669154
2151	75-79	-0.06830353154010282
2151	80-84	-0.022138632988564666
2151	85-89	-0.054979876178485654
2151	90-94	-0.040978710502258764
2151	95-99	-0.0472667251538752
2151	100-104	0.016570353857524367
2151	105-109	-0.08187782886298578
2151	110-114	0.03252710100631617
2151	115-119	0.005923206903510447
2151	120-124	-0.7215399183233657
2151	125-129	-0.02651695946680377
2151	130-134	-0.0783006260134016
2151	135-139	-0.14323421639373635
2151	140-144	-0.008214065391975112
2151	145-149	-0.10400024547499243
2151	150-151	-0.09321397665052444
2152	1	-0.0840526939217483
2152	2	0.05399984746126307
2152	3	0.10887634128065571
2152	4	0.12426551451224555
2152	5	0.1657261504544394
2152	6	0.006647988745967837
2152	7	0.11884251459841266
2152	8	0.04291939238742515
2152	9	0.07421564555527738
2152	10-14	0.037938738415427053
2152	15-19	0.03786903258163221
2152	20-24	-0.006097575545524592
2152	25-29	0.045106272863201013
2152	30-34	0.13448212863207942
2152	35-39	0.07818543046533932
2152	40-44	0.029749029582148978
2152	45-49	0.07024885791078361
2152	50-54	-0.12220522433530334
2152	55-59	0.07825338787173308
2152	60-64	0.15273061766573903
2152	65-69	-0.013593789763959307
2152	70-74	0.084239163925659
2152	75-79	-0.004536250126989216
2152	80-84	0.010480784041988045
2152	85-89	0.0560018520428045
2152	90-94	0.05889279522666868
2152	95-99	-0.035481507859934425
2152	100-104	0.002704702348921728
2152	105-109	-0.038002100417770635
2152	110-114	0.018833130639983153
2152	115-119	-0.05339635994817371
2152	120-124	-0.002333490410791228
2152	125-129	-0.005396979940584856
2152	130-134	-0.02683733751976547
2152	135-139	-0.00792601675308191
2152	140-144	-0.07384104812255998
2152	145-149	-0.02436258865599683
2152	150-151	0.007320794112494866
2153	1	-0.048442300371014824
2153	2	0.11187871357097379
2153	3	0.018556885709813287
2153	4	-0.04842626395810612
2153	5	-0.07532800236152326
2153	6	0.04956676351422118
2153	7	-0.03091276375083396
2153	8	-0.00792522333703971
2153	9	0.10708473078335601
2153	10-14	0.06740540756612035
2153	15-19	0.07872570473978158
2153	20-24	0.043121417728954725
2153	25-29	0.04893452324312619
2153	30-34	0.07632593793282894
2153	35-39	0.11384905330389472
2153	40-44	0.05204145532064075
2153	45-49	0.11584825961358547
2153	50-54	0.09229815971667676
2153	55-59	0.0669379058672277
2153	60-64	0.1080350492701001
2153	65-69	0.06809293990843912
2153	70-74	0.07820828561578708
2153	75-79	0.07903799009145729
2153	80-84	-0.03564878136749883
2153	85-89	0.11345222238556829
2153	90-94	0.04968412843403058
2153	95-99	0.10866979106776142
2153	100-104	0.04985094715573268
2153	105-109	0.11768611435175558
2153	110-114	0.0737795952837601
2153	115-119	0.012320518792847679
2153	120-124	0.09990080894540654
2153	125-129	0.06496362186975091
2153	130-134	0.06042143400149769
2153	135-139	0.08823907920601215
2153	140-144	0.010209061928996732
2153	145-149	0.020051929099963672
2153	150-151	0.09981998901951528
2154	1	-0.07774807377978732
2154	2	0.04392392788185617
2154	3	-0.1878650265524371
2154	4	-0.06677808288319653
2154	5	-0.007865682087590642
2154	6	-0.01142276547390253
2154	7	-0.2209826475861334
2154	8	-0.035892361473585765
2154	9	-0.04932609420504974
2154	10-14	-0.06929156431574057
2154	15-19	-0.06948026551911823
2154	20-24	-0.070077063518589
2154	25-29	-0.042731519906091364
2154	30-34	-0.020618463810109233
2154	35-39	-0.08803455888911316
2154	40-44	-0.018437691761910457
2154	45-49	-0.10318022311680153
2154	50-54	-0.0766577455830344
2154	55-59	-0.03004894040874717
2154	60-64	-0.042350284511257996
2154	65-69	-0.09430093175397758
2154	70-74	-0.04056403347458115
2154	75-79	-0.10516257665188533
2154	80-84	-0.08473098636098797
2154	85-89	-0.050882670421579235
2154	90-94	-0.0996346504149841
2154	95-99	-0.006187836092387045
2154	100-104	-0.06782379984355913
2154	105-109	-0.1188186327699654
2154	110-114	0.043889393304915814
2154	115-119	-0.01578048287092315
2154	120-124	-0.08125463463397864
2154	125-129	-0.07270086770073192
2154	130-134	-0.15031077500518109
2154	135-139	-0.08650778404776815
2154	140-144	-0.0987036098047156
2154	145-149	-0.11465232637258538
2154	150-151	-0.15859103458753765
2155	1	0.07885140188425055
2155	2	-0.06292344882253076
2155	3	-0.08849284083602527
2155	4	-0.11307036202575205
2155	5	-0.07364626268001473
2155	6	0.05285342605655785
2155	7	-0.21527862032011313
2155	8	-0.20450769785374234
2155	9	-0.3043434173688553
2155	10-14	-0.13865077570783768
2155	15-19	-0.11034079256408091
2155	20-24	-0.07602476330909269
2155	25-29	-0.13932484875193296
2155	30-34	-0.02464428594705481
2155	35-39	-0.1398988530948131
2155	40-44	-0.829433208159962
2155	45-49	-0.18439193012396515
2155	50-54	-0.16856024081994292
2155	55-59	-0.13280228867137112
2155	60-64	-0.22977130924223133
2155	65-69	-0.21160917543475932
2155	70-74	-0.21938611334059033
2155	75-79	-0.17271597111878378
2155	80-84	-0.17816922355803655
2155	85-89	-0.13476432423194495
2155	90-94	-0.1886521289681653
2155	95-99	-0.16116191150847925
2155	100-104	-0.18877062986615556
2155	105-109	-0.19119377294699547
2155	110-114	-0.27508564194990726
2155	115-119	-0.14221572022817952
2155	120-124	-0.3521475252955568
2155	125-129	-0.2756558783545273
2155	130-134	-0.349114276903876
2155	135-139	-0.19947667660978396
2155	140-144	-0.24186204301238234
2155	145-149	-0.3213993875540595
2155	150-151	-0.34374502475949953
2156	1	-0.18933858106259294
2156	2	-0.04139154149455493
2156	3	0.10377833769151579
2156	4	-0.03731170668081063
2156	5	0.18382458984915218
2156	6	0.10176946790431884
2156	7	0.13324648135079542
2156	8	-0.027407251132828492
2156	9	0.05665702575548437
2156	10-14	0.011556569841609132
2156	15-19	0.01667913853110292
2156	20-24	3.702510277037163E-6
2156	25-29	-0.0667138013159132
2156	30-34	0.011505431722348192
2156	35-39	-0.015938040758989303
2156	40-44	0.022254226991542225
2156	45-49	-0.06427523845097483
2156	50-54	-0.08855682068716675
2156	55-59	0.015338862379735474
2156	60-64	-0.12724984349818413
2156	65-69	-0.005646065366875064
2156	70-74	-0.09602898158337325
2156	75-79	-0.10355654339386433
2156	80-84	-0.02719967699028558
2156	85-89	-0.08368871283231982
2156	90-94	-0.05215625857491801
2156	95-99	-0.06992199801612742
2156	100-104	-0.05040617264597813
2156	105-109	-0.02920488430692103
2156	110-114	-0.030061358328609344
2156	115-119	-0.005937001122191532
2156	120-124	-0.0757226226573735
2156	125-129	-0.025432450037861543
2156	130-134	-0.08053016437064997
2156	135-139	0.03668783449106172
2156	140-144	-0.029287762003690432
2156	145-149	-0.05062204701944495
2156	150-151	-0.023471305561905353
2157	1	-0.18434842328912993
2157	2	0.040745697320907937
2157	3	-0.09987316896789622
2157	4	-0.06787270005523993
2157	5	-0.0385149629049053
2157	6	0.08428902374507885
2157	7	0.016222813977435635
2157	8	-0.12937650872840578
2157	9	-0.11942000083612214
2157	10-14	-0.05645957844974703
2157	15-19	0.022586640555047666
2157	20-24	-0.07283473063975521
2157	25-29	0.04503757348202697
2157	30-34	0.08241765855656524
2157	35-39	0.05648179315512891
2157	40-44	-0.015484145778387415
2157	45-49	0.041973695420637114
2157	50-54	0.023954855957114773
2157	55-59	0.051624863673986
2157	60-64	0.05322707803747306
2157	65-69	0.05740916752971259
2157	70-74	0.029721911256849864
2157	75-79	0.07231903570000497
2157	80-84	-0.004194047832378089
2157	85-89	0.037789002038238095
2157	90-94	-0.08903414727517145
2157	95-99	0.03277669447047771
2157	100-104	-0.01798991280036688
2157	105-109	0.05476460614463008
2157	110-114	0.131927340033549
2157	115-119	0.03659982938302875
2157	120-124	0.04181874312416767
2157	125-129	0.0224616925512251
2157	130-134	0.0509067465510924
2157	135-139	0.002252225938207175
2157	140-144	-0.010093389537011888
2157	145-149	0.007629854412080306
2157	150-151	-0.0810652534725591
2158	1	-0.3291514997174403
2158	2	0.014932098134167404
2158	3	-0.11983942855107443
2158	4	-0.1307012807501664
2158	5	-0.07546044678554864
2158	6	-0.18743307295746092
2158	7	-0.004969874327066748
2158	8	-0.10053090520283092
2158	9	-0.15677429429053547
2158	10-14	-0.11293362312990496
2158	15-19	-0.07402596331664313
2158	20-24	-0.017743552477810454
2158	25-29	-0.06005156063203998
2158	30-34	-0.09370459185837632
2158	35-39	-0.03534283298851193
2158	40-44	0.04469970951391389
2158	45-49	-0.07670917464059812
2158	50-54	-0.12891376082207273
2158	55-59	-0.0853029051251184
2158	60-64	-0.05948390177006502
2158	65-69	-0.08741843747301914
2158	70-74	-0.06290016609537474
2158	75-79	-0.10140104965942953
2158	80-84	-0.1197634241797445
2158	85-89	-0.7663268927505271
2158	90-94	-0.08394310538309213
2158	95-99	-0.2377718462156082
2158	100-104	-0.22673625736143066
2158	105-109	-0.1537833295032982
2158	110-114	-0.16724168637282588
2158	115-119	-0.09450158537063658
2158	120-124	-0.22055415116584953
2158	125-129	-0.22184018333963706
2158	130-134	-0.1839363659614719
2158	135-139	-0.1984187668422166
2158	140-144	-0.16450621634619722
2158	145-149	-0.18874373212882745
2158	150-151	-0.42118664266200057
2159	1	-0.32301571067512214
2159	2	-0.05000276322461872
2159	3	-0.11227344829159591
2159	4	-0.13692067178429568
2159	5	-0.06830949069973258
2159	6	-0.12080228547895189
2159	7	-0.270549516047744
2159	8	-0.2368738107154087
2159	9	0.014105191198915179
2159	10-14	-0.10569249632434463
2159	15-19	-0.0978907490380223
2159	20-24	-0.06090845516732202
2159	25-29	-0.08314661087161568
2159	30-34	-0.15375052816709456
2159	35-39	-0.1208252724647707
2159	40-44	-0.051834316123517965
2159	45-49	-0.11169242811661206
2159	50-54	-0.04844923232610654
2159	55-59	-0.1430933791260145
2159	60-64	-0.1104100550856657
2159	65-69	-0.09053082019697456
2159	70-74	-0.13338619971084142
2159	75-79	-0.12717733520801033
2159	80-84	-0.16893154703885216
2159	85-89	-0.7662865846473323
2159	90-94	-0.12565094478664918
2159	95-99	-0.08606707470656971
2159	100-104	-0.12533062422937036
2159	105-109	-0.09779268695480425
2159	110-114	-0.08644454138084257
2159	115-119	-0.0759676209417961
2159	120-124	-0.16962083196523992
2159	125-129	-0.10435549855274218
2159	130-134	-0.18028863191135258
2159	135-139	-0.10372995659560047
2159	140-144	-0.14330116827878925
2159	145-149	-0.15865238948829585
2159	150-151	-0.11540937180423327
2160	1	-0.1476401829972005
2160	2	-0.030263506970797494
2160	3	0.05458464923372475
2160	4	0.014236117547284266
2160	5	0.15795581755367039
2160	6	-0.24574746664215041
2160	7	0.02183253022383269
2160	8	-0.11305931467579455
2160	9	-0.0414177133790119
2160	10-14	0.006979232072559682
2160	15-19	-0.027704737910170252
2160	20-24	-0.016741925236992472
2160	25-29	9.448759346497582E-5
2160	30-34	0.10550572565530558
2160	35-39	0.06742455226412147
2160	40-44	0.06868120469272299
2160	45-49	0.03395234582094986
2160	50-54	0.12673357171333066
2160	55-59	0.03980851380197237
2160	60-64	0.05904593321965024
2160	65-69	0.04163224906121599
2160	70-74	0.07006611908866489
2160	75-79	0.09259026275735494
2160	80-84	0.05785703870974146
2160	85-89	0.01936952597485231
2160	90-94	0.05169239267363679
2160	95-99	0.03439534269224964
2160	100-104	-0.01096197314566183
2160	105-109	-0.00689216636232004
2160	110-114	0.010496045441747981
2160	115-119	0.022206277833547006
2160	120-124	0.03855530431365395
2160	125-129	-0.00927949801574357
2160	130-134	0.08008816368523952
2160	135-139	-0.029107721777059226
2160	140-144	-0.021441355334083312
2160	145-149	0.05075168873482738
2160	150-151	0.006272037524659879
2161	1	-0.06181568926528769
2161	2	-0.19578566596138103
2161	3	-0.005148872436315344
2161	4	-0.09249375057174802
2161	5	0.07597773885971293
2161	6	-0.07995774276368195
2161	7	0.17697941927268346
2161	8	0.03817324946508194
2161	9	-0.011637877177619771
2161	10-14	-0.06282939791371689
2161	15-19	0.031572429433325055
2161	20-24	0.031085094742095976
2161	25-29	0.050853040841587926
2161	30-34	-0.031102312156903622
2161	35-39	-0.014559502498400434
2161	40-44	-0.00955802819738949
2161	45-49	-0.04430209888004555
2161	50-54	-0.1032939996938893
2161	55-59	-0.08168333022263141
2161	60-64	-0.03568670562207643
2161	65-69	-0.0016703437376150987
2161	70-74	-0.04916894413542394
2161	75-79	6.430151443836962E-4
2161	80-84	-9.778764471946033E-5
2161	85-89	-0.044367961631600394
2161	90-94	0.03792624710204251
2161	95-99	0.03950433803363751
2161	100-104	-0.040933043541038217
2161	105-109	-0.03123703984623205
2161	110-114	0.015293198660003782
2161	115-119	0.014360786369813638
2161	120-124	0.033495204078683116
2161	125-129	-0.024233251394250033
2161	130-134	0.018119049094131867
2161	135-139	-0.06943260259523498
2161	140-144	-0.024712981232191567
2161	145-149	-0.011621082123689064
2161	150-151	-0.0980674031696438
2162	1	0.028235145883591883
2162	2	0.0022197960043115472
2162	3	0.11457250594289548
2162	4	0.018027522795883044
2162	5	0.060283281629772034
2162	6	-0.06844192795227855
2162	7	0.15075380122160453
2162	8	-0.08313284904804874
2162	9	0.05150544657511347
2162	10-14	0.059268242394360016
2162	15-19	-0.014476646430715334
2162	20-24	0.009179952925322254
2162	25-29	0.0038885913511350623
2162	30-34	0.02601034685209669
2162	35-39	-0.025387968817987883
2162	40-44	-0.01145641927003993
2162	45-49	-0.0010122362474618285
2162	50-54	0.055152920023388674
2162	55-59	0.022562342311722716
2162	60-64	0.005021781563449679
2162	65-69	0.041497323607536885
2162	70-74	0.029218787239514654
2162	75-79	0.0991935144607865
2162	80-84	-0.004197875949905949
2162	85-89	0.026266915167312277
2162	90-94	0.021158762504306594
2162	95-99	0.006363230434281775
2162	100-104	-3.81119067547786E-4
2162	105-109	-0.015535490925500994
2162	110-114	-0.05148870798198857
2162	115-119	-0.08983851741707838
2162	120-124	-0.07277978305058497
2162	125-129	-0.041837009990373986
2162	130-134	-0.08059455911040914
2162	135-139	-0.0705487256224373
2162	140-144	-0.11558154288046296
2162	145-149	-0.21766361181161642
2162	150-151	-0.062337555675092915
2163	1	0.16902063208368645
2163	2	-0.09899443305176447
2163	3	0.07127517236549608
2163	4	0.11961327475688677
2163	5	0.1355451442612079
2163	6	0.1286441934977418
2163	7	0.08440848830846903
2163	8	-0.00792522333703971
2163	9	-0.06095480793163688
2163	10-14	0.030502606907148788
2163	15-19	-0.049116140400244035
2163	20-24	-0.00498401884436106
2163	25-29	0.02455231566487015
2163	30-34	-0.008023320716255
2163	35-39	0.004458608493351335
2163	40-44	0.036225969323936624
2163	45-49	0.010411686302219891
2163	50-54	-0.05531304291923078
2163	55-59	-0.0470653890256969
2163	60-64	0.040819233784098685
2163	65-69	2.1814583924850695E-4
2163	70-74	0.04196446354001182
2163	75-79	-0.060006490962905445
2163	80-84	-0.06464383902812187
2163	85-89	0.04096457823401067
2163	90-94	0.028596813771756047
2163	95-99	0.032887254000215194
2163	100-104	-0.017364868330268735
2163	105-109	0.07880637794318801
2163	110-114	0.015789479962506903
2163	115-119	0.029453961955951513
2163	120-124	-0.0048767857827698435
2163	125-129	-0.02268052969532164
2163	130-134	0.0057262115962330995
2163	135-139	-0.15162912507735626
2163	140-144	-0.015491102815651914
2163	145-149	-0.1413978237830591
2163	150-151	-0.13246996155708501
2164	1	-0.011875713274889677
2164	2	-0.16697143604406506
2164	3	-0.001648204563529987
2164	4	0.07251647887214574
2164	5	-0.03904652436670375
2164	6	-0.029768878485576522
2164	7	-0.02440366917396375
2164	8	0.16093198676281872
2164	9	-0.11399048019065816
2164	10-14	-0.03443394959354862
2164	15-19	-0.05192688578571136
2164	20-24	-0.02481954316941426
2164	25-29	-0.0787706847049634
2164	30-34	-0.02397436802151276
2164	35-39	-0.02207160029526989
2164	40-44	-0.09542719276463174
2164	45-49	-0.05479706869896006
2164	50-54	-0.05696398599828001
2164	55-59	-0.08153507937299764
2164	60-64	-0.08720766330093
2164	65-69	-0.06337678406022462
2164	70-74	-0.08664448646503331
2164	75-79	-0.1392652072995162
2164	80-84	-0.20516604593394305
2164	85-89	-0.15400217024462393
2164	90-94	-0.1590028231175964
2164	95-99	-0.1506993378028909
2164	100-104	-0.1553340039251907
2164	105-109	-0.1570132771016972
2164	110-114	-0.10043336238695133
2164	115-119	-0.144867659938285
2164	120-124	-0.12595724168836142
2164	125-129	-0.15135510858783618
2164	130-134	-0.045928564317435416
2164	135-139	-0.06441317510593336
2164	140-144	-0.08872272033909923
2164	145-149	-0.1114323192946145
2164	150-151	-0.43343354962822644
2165	1	0.13259943404342067
2165	2	0.03779468573907252
2165	3	-0.06634707595547695
2165	4	0.15132594719454318
2165	5	0.08879314004718708
2165	6	-0.0389868429960174
2165	7	-0.04013093887466823
2165	8	0.07321084284031798
2165	9	0.11495914860049794
2165	10-14	0.10375135519721113
2165	15-19	0.030038690004140278
2165	20-24	-0.01533417512333557
2165	25-29	0.07636544739877138
2165	30-34	0.09459566227445748
2165	35-39	0.05799604960319016
2165	40-44	0.05970947201547716
2165	45-49	0.10424464651893572
2165	50-54	0.06882540708359386
2165	55-59	0.034478104367053675
2165	60-64	0.04642538926756856
2165	65-69	0.10417443610158017
2165	70-74	0.050258133636837954
2165	75-79	0.07468851644119923
2165	80-84	0.07932201878623601
2165	85-89	0.09521259820761685
2165	90-94	0.010614115990833284
2165	95-99	0.03458361322417147
2165	100-104	0.11479097526713389
2165	105-109	0.030923467579860642
2165	110-114	0.08421037700112777
2165	115-119	0.01698711916748863
2165	120-124	-0.01501194089267699
2165	125-129	-0.05016950416661814
2165	130-134	-0.0022320566768527783
2165	135-139	0.034139410039053075
2165	140-144	0.013123402775725879
2165	145-149	-0.12765817407372282
2165	150-151	-0.01295081167170764
2166	1	-0.21423769053873087
2166	2	-0.09789430644118369
2166	3	-0.208392924099968
2166	4	-0.056450878262218396
2166	5	0.019609357636390712
2166	6	-0.01042717344385835
2166	7	0.12110772439262263
2166	8	-0.06129370951070001
2166	9	-0.03456823002498055
2166	10-14	0.0012326547667669274
2166	15-19	0.016886518010444718
2166	20-24	-0.03872251518252767
2166	25-29	-0.001439752998386723
2166	30-34	0.01798685476902051
2166	35-39	-0.018000435109790658
2166	40-44	-0.08138991090767433
2166	45-49	0.014109318835231477
2166	50-54	0.02128155768131279
2166	55-59	-0.044209449370789855
2166	60-64	0.03134442764370249
2166	65-69	0.0028787512929753234
2166	70-74	0.0037612638450852387
2166	75-79	-0.06147533831278906
2166	80-84	3.486781905053249E-4
2166	85-89	-0.023523691425950233
2166	90-94	-0.04410591747773651
2166	95-99	0.021352659682193575
2166	100-104	0.022386738993120048
2166	105-109	0.05593362089147291
2166	110-114	-0.03994825643783173
2166	115-119	0.06561109076266547
2166	120-124	-0.009766176419624628
2166	125-129	-0.025197926647621216
2166	130-134	-0.06135407707041196
2166	135-139	-0.0476032378087865
2166	140-144	-0.024043558416209976
2166	145-149	-0.06094976224181892
2166	150-151	0.020951061834999507
2167	1	0.1423162568912133
2167	2	0.04812957837679477
2167	3	0.05054468935849599
2167	4	0.0022289170745821707
2167	5	-0.11901778529353635
2167	6	0.18619020254834595
2167	7	0.0066208445711808395
2167	8	0.10181708178993176
2167	9	0.04514461055980945
2167	10-14	0.02685198707784764
2167	15-19	0.04155721363779463
2167	20-24	0.04950572155508581
2167	25-29	0.025252169700841876
2167	30-34	0.09426584273169425
2167	35-39	0.06743884327864436
2167	40-44	0.11520010593356034
2167	45-49	0.03747068366602235
2167	50-54	0.08338013018968837
2167	55-59	0.11408166455843372
2167	60-64	0.07013356187313491
2167	65-69	0.1500603748771141
2167	70-74	0.08790405348741359
2167	75-79	0.00873773503416686
2167	80-84	0.10578470419007147
2167	85-89	0.03477084239714401
2167	90-94	0.02874926816317469
2167	95-99	0.062359560190508034
2167	100-104	0.0452165546050054
2167	105-109	0.0814323495982805
2167	110-114	0.05049439647853404
2167	115-119	0.056065538823204975
2167	120-124	0.050567451675988195
2167	125-129	0.08191091601143796
2167	130-134	0.015176726751214176
2167	135-139	0.06164296872628938
2167	140-144	0.04637610443808171
2167	145-149	0.07144507776646947
2167	150-151	0.02224224625592086
2168	1	0.008409967907560656
2168	2	0.09932712230871488
2168	3	0.10981446322865196
2168	4	-0.04673472525914235
2168	5	0.09221984106024905
2168	6	0.04613558548979313
2168	7	0.02891907111436609
2168	8	-0.059967428964547764
2168	9	0.2408659343946411
2168	10-14	0.051958158587929404
2168	15-19	-0.02539130805097045
2168	20-24	-0.03436334706566413
2168	25-29	-0.030777835010347587
2168	30-34	0.041341817820224946
2168	35-39	-0.0015496942092383392
2168	40-44	-0.002012425397822426
2168	45-49	-0.04061933726575262
2168	50-54	-0.030246737541716584
2168	55-59	-0.04888519606201669
2168	60-64	-0.035080348141285356
2168	65-69	0.035359929116530964
2168	70-74	0.08102858568354065
2168	75-79	-0.039947995256554236
2168	80-84	-0.046318569230372475
2168	85-89	-0.04865063011519055
2168	90-94	-0.050971242602180666
2168	95-99	-0.0828524735097318
2168	100-104	-0.03287999263697827
2168	105-109	-0.09660484901026223
2168	110-114	-0.0655705919746481
2168	115-119	-0.0427819555835498
2168	120-124	-0.08106550591862316
2168	125-129	-0.017349911375127647
2168	130-134	-0.03313428456173284
2168	135-139	-0.07592675572065843
2168	140-144	-0.08312111814104384
2168	145-149	-0.06337326306871915
2168	150-151	-0.1478741871971252
2169	1	-0.13637390761435597
2169	2	0.01703461081912394
2169	3	0.06518978989351609
2169	4	0.07399460098518773
2169	5	-0.1273710393578824
2169	6	-0.14086991149137162
2169	7	0.0058978341434112735
2169	8	-0.02058140871883296
2169	9	-0.18223940939196837
2169	10-14	0.0302970489787171
2169	15-19	-0.07373590568997201
2169	20-24	0.009838389139311232
2169	25-29	-0.03890976255832612
2169	30-34	-0.030615167551196976
2169	35-39	-0.03855669309782428
2169	40-44	-0.043719793755641945
2169	45-49	-0.03327561073306384
2169	50-54	-0.05743967256920257
2169	55-59	-0.014310085671816353
2169	60-64	-0.0772827451855278
2169	65-69	-0.009860701083823642
2169	70-74	-0.012262694241968575
2169	75-79	0.00470791775296675
2169	80-84	0.02148113639577076
2169	85-89	-0.07710757042939065
2169	90-94	-0.03546675189898707
2169	95-99	-0.085817839524573
2169	100-104	-0.20252103676301658
2169	105-109	-0.11759310409422596
2169	110-114	-0.13445167094494082
2169	115-119	-0.027287077087855494
2169	120-124	-0.11821188181601627
2169	125-129	-0.08595223632782734
2169	130-134	-0.05063571137378631
2169	135-139	-0.0185322647170878
2169	140-144	-0.10636343588457464
2169	145-149	0.005546264731592032
2169	150-151	-0.03600010711542012
2170	1	-0.037501325602811164
2170	2	-0.10661906726905102
2170	3	-0.2988681112406013
2170	4	0.05826231504224921
2170	5	0.07399311296911293
2170	6	0.0343443046233034
2170	7	-0.2336197233743249
2170	8	-0.0589089325178378
2170	9	-0.24192458955450036
2170	10-14	-0.12681740387029805
2170	15-19	-0.06725708621413418
2170	20-24	-0.10609192323616412
2170	25-29	-0.1601477458630356
2170	30-34	-0.07680803069732178
2170	35-39	-0.1556340452895455
2170	40-44	-0.1364441137722494
2170	45-49	-0.1772213393022426
2170	50-54	-0.216385317427509
2170	55-59	-0.1588917489733035
2170	60-64	-0.1873407065914705
2170	65-69	-0.1622610935203781
2170	70-74	-0.1867498981984781
2170	75-79	-0.1792741078491602
2170	80-84	-0.27226981372259473
2170	85-89	-0.2590068696019969
2170	90-94	-0.22230512630087418
2170	95-99	-0.19900886438001208
2170	100-104	-0.29927794374685135
2170	105-109	-0.24745933412499
2170	110-114	-0.20532115900275016
2170	115-119	-0.16233239815252887
2170	120-124	-0.17015923102762542
2170	125-129	-0.3184712972927741
2170	130-134	-0.23153664123411488
2170	135-139	-0.33381766855505646
2170	140-144	-0.25385421931785856
2170	145-149	-0.22499748759138782
2170	150-151	-0.31948127384404046
2171	1	0.04228647791737927
2171	2	0.0572149227099672
2171	3	0.07885125837954376
2171	4	0.13042464213744864
2171	5	-0.11024953188550057
2171	6	0.09663821066587275
2171	7	0.06238473039639558
2171	8	-0.006900988532564156
2171	9	-0.11582452959989098
2171	10-14	0.02482867124426491
2171	15-19	0.04971113784478831
2171	20-24	-0.026021476574349833
2171	25-29	-0.033846409731815186
2171	30-34	-0.041985646217000294
2171	35-39	-0.05584335110085448
2171	40-44	-0.04853406709330699
2171	45-49	-0.03412789576663755
2171	50-54	-0.054957541315133085
2171	55-59	-0.0645033930142418
2171	60-64	-0.01690100379502013
2171	65-69	-0.06860718148234923
2171	70-74	-0.025611188935492635
2171	75-79	0.022605361980822636
2171	80-84	-0.022140804258327762
2171	85-89	-0.010774995164069878
2171	90-94	0.002548734347492143
2171	95-99	-0.047090852303433905
2171	100-104	-0.022241093076644347
2171	105-109	-0.06630113961512052
2171	110-114	-0.05878781995945559
2171	115-119	-0.03327689731744243
2171	120-124	-0.1050447819676279
2171	125-129	-0.054383035548092096
2171	130-134	-0.13979967065471044
2171	135-139	-0.027101682087668166
2171	140-144	-0.057612623668852336
2171	145-149	-0.04972501532039075
2171	150-151	-0.16008365703961402
2172	1	-0.037007712546618166
2172	2	-0.05152445919979698
2172	3	-0.10429745891246966
2172	4	-0.09864064577820386
2172	5	-0.057009680432045684
2172	6	-0.06740861564564682
2172	7	-0.052183929696660414
2172	8	-0.04699094883478239
2172	9	-0.03488426836285896
2172	10-14	-0.08105076274215861
2172	15-19	0.010294012305877231
2172	20-24	-0.0648580753706085
2172	25-29	-0.10604141976298109
2172	30-34	-0.1072388796655872
2172	35-39	-0.12158213540956098
2172	40-44	-0.13047957868249682
2172	45-49	-0.11393644999892416
2172	50-54	-0.12173092245656392
2172	55-59	-0.1007911165810782
2172	60-64	-0.016913275959609564
2172	65-69	-0.10543488029141201
2172	70-74	-0.14411334456787728
2172	75-79	-0.09120509176913316
2172	80-84	-0.10536155382079926
2172	85-89	-0.11872362281591364
2172	90-94	-0.07432890683575266
2172	95-99	-0.0653342253345528
2172	100-104	-0.07375590504573637
2172	105-109	-0.09206308096484861
2172	110-114	-0.09930944031204803
2172	115-119	-0.12648025242053507
2172	120-124	-0.12388789034685033
2172	125-129	-0.1425729446273678
2172	130-134	-0.10385610126895983
2172	135-139	-0.17973859675877435
2172	140-144	-0.13632468667308473
2172	145-149	-0.14447626387974566
2172	150-151	-0.33603314907871606
2173	1	-0.3132179616656856
2173	2	-0.1669009139476927
2173	3	-5.411407110926802E-4
2173	4	0.06374778802172187
2173	5	0.027345372245243027
2173	6	0.14088927230530146
2173	7	-0.22535172565817163
2173	8	-0.1382466969356031
2173	9	-0.005282664546058413
2173	10-14	-0.052339110679987755
2173	15-19	0.061014916852215606
2173	20-24	-0.014340225770084203
2173	25-29	-0.0054261077543813485
2173	30-34	-0.0015345030779769786
2173	35-39	0.008837835361632074
2173	40-44	0.002694324791050917
2173	45-49	0.025048314931268578
2173	50-54	0.006634703355210547
2173	55-59	-0.006829026780820868
2173	60-64	-0.007282443335192568
2173	65-69	-0.0160780132071352
2173	70-74	-0.048433219562184604
2173	75-79	-0.00836501935147993
2173	80-84	0.05886389269186765
2173	85-89	-0.030876976891001107
2173	90-94	-0.05020026835486391
2173	95-99	-0.06666201431604435
2173	100-104	-0.036062244365624
2173	105-109	-0.04811278976740141
2173	110-114	-0.02614937788850824
2173	115-119	0.02144686195849488
2173	120-124	0.059240702525997335
2173	125-129	-0.003916557617330341
2173	130-134	0.006185402051514188
2173	135-139	-0.04872373845107347
2173	140-144	-0.06253959574452495
2173	145-149	8.856954418376972E-4
2173	150-151	-0.046291191462472625
2174	1	-0.01705241810316238
2174	2	0.07629387007838773
2174	3	0.12794197297090193
2174	4	-0.04853877249669836
2174	5	0.041975542996830484
2174	6	0.14542939594614523
2174	7	-0.14180867995876412
2174	8	0.14001278981574217
2174	9	0.005896694191292795
2174	10-14	0.10660338241242329
2174	15-19	0.09705602445155392
2174	20-24	0.02960753497892199
2174	25-29	0.11032239642992892
2174	30-34	0.13898033581124736
2174	35-39	0.07322489879216931
2174	40-44	0.020823014635404036
2174	45-49	-0.014044455458545713
2174	50-54	-0.005021726167512952
2174	55-59	-0.003518155530287004
2174	60-64	0.031142427955089147
2174	65-69	0.05880937820955978
2174	70-74	0.03434174217277075
2174	75-79	0.04182123703431273
2174	80-84	0.028908618077998938
2174	85-89	-0.02222450308020285
2174	90-94	0.011201922195162695
2174	95-99	-0.011687557481010913
2174	100-104	0.07870349400080556
2174	105-109	0.023842206555180212
2174	110-114	-0.03289992950160325
2174	115-119	0.04714030422299231
2174	120-124	0.04257502975679728
2174	125-129	0.09536664352764035
2174	130-134	0.02615240465551949
2174	135-139	-0.04674866539960476
2174	140-144	0.011697389168112693
2174	145-149	0.024287607700578917
2174	150-151	-0.13135291249533054
2175	1	-0.15244607822868517
2175	2	-0.06507420809751352
2175	3	-0.013018277022482039
2175	4	-0.11163561844887226
2175	5	-0.0372596467492059
2175	6	-0.021547114209838014
2175	7	-0.03567801604626197
2175	8	0.07409292540537393
2175	9	-0.04715274835525207
2175	10-14	-0.03618838687334858
2175	15-19	-0.031837807809253604
2175	20-24	-0.04592118512912435
2175	25-29	0.007378088810959582
2175	30-34	-0.023241003665994242
2175	35-39	0.008619618211675117
2175	40-44	-0.010579755418355319
2175	45-49	-0.004507631751536678
2175	50-54	5.713460498526501E-4
2175	55-59	-0.013541195174369136
2175	60-64	-0.06155426969593236
2175	65-69	-0.03320301553000604
2175	70-74	-0.044683707365109626
2175	75-79	-0.1499152106233268
2175	80-84	-0.04560000192677194
2175	85-89	-0.07858529860997976
2175	90-94	-0.024922121129961283
2175	95-99	-0.018557078944958505
2175	100-104	-0.08048084963416358
2175	105-109	-0.03516364604405453
2175	110-114	-0.11613395402425652
2175	115-119	-0.05813974662311949
2175	120-124	-0.06727905249737631
2175	125-129	-0.06457933247934733
2175	130-134	-0.09616003410404517
2175	135-139	-0.08519785901206944
2175	140-144	-0.07814451120528076
2175	145-149	-0.12094265632845236
2175	150-151	-0.1121505608626947
2176	1	-0.05284095509301068
2176	2	-0.004303144846986129
2176	3	0.17670628150951018
2176	4	0.2750141943762543
2176	5	0.26783810012986464
2176	6	0.12837644929727787
2176	7	0.09694875239167544
2176	8	0.1471478462409337
2176	9	0.007773489078644502
2176	10-14	0.08589068573321867
2176	15-19	0.0763433277723351
2176	20-24	0.06725992344310328
2176	25-29	0.10618697597124083
2176	30-34	0.09711163055702343
2176	35-39	0.08713583193134866
2176	40-44	0.034462136101247154
2176	45-49	0.006962703866783215
2176	50-54	0.018875050113685177
2176	55-59	0.02857180119016789
2176	60-64	0.02618510076987235
2176	65-69	0.038332898817905914
2176	70-74	0.05314852128533687
2176	75-79	-0.045598574477232034
2176	80-84	0.059788365681441746
2176	85-89	0.018793172768198474
2176	90-94	0.004963197121348628
2176	95-99	-0.0040833023339814645
2176	100-104	0.03878600825878209
2176	105-109	0.04050037910705839
2176	110-114	0.06250920369420498
2176	115-119	-0.04789023414209481
2176	120-124	-0.01547617762093978
2176	125-129	0.04614284382695644
2176	130-134	-0.004358455676957362
2176	135-139	0.045301652118489244
2176	140-144	0.009118414124635876
2176	145-149	-0.009637077814943495
2176	150-151	-0.06090029752142101
2177	1	-0.1676417517476949
2177	2	-0.29117024475414865
2177	3	-0.14862083093465372
2177	4	-0.03115829247180102
2177	5	0.14054791628036867
2177	6	-0.14439049746810184
2177	7	-0.10986407343136051
2177	8	-0.04228775089300996
2177	9	-0.06289390759032187
2177	10-14	0.028277634561639786
2177	15-19	0.025747820460416904
2177	20-24	0.019552686105072326
2177	25-29	-0.06496682440486268
2177	30-34	-0.007037480347783287
2177	35-39	-0.1360068279748532
2177	40-44	-0.003777288783901156
2177	45-49	-0.043178932449251306
2177	50-54	-0.1415604121285341
2177	55-59	-0.08158871996799633
2177	60-64	-0.05468011065308076
2177	65-69	-0.006346415932107163
2177	70-74	-0.032867967244911256
2177	75-79	-0.0048866635375262035
2177	80-84	0.01898758489637231
2177	85-89	-0.046361119565979436
2177	90-94	-0.010868331043255353
2177	95-99	0.029484107824153227
2177	100-104	0.024589050464022932
2177	105-109	0.02504654778519466
2177	110-114	-0.026411424425170082
2177	115-119	-0.018404489023978954
2177	120-124	0.04481566460334108
2177	125-129	0.02404599156514564
2177	130-134	0.0650647631571033
2177	135-139	0.013368812330199376
2177	140-144	0.021195191323172935
2177	145-149	0.005877058044838179
2177	150-151	0.1262500750178006
2178	1	-0.17058000035884646
2178	2	-0.22102156616322333
2178	3	-0.04394104116125419
2178	4	-0.07888743839946244
2178	5	-0.13312130864282778
2178	6	0.007932806215144694
2178	7	0.08322542273125322
2178	8	0.09131960489731483
2178	9	0.13865710233228157
2178	10-14	-0.04945161840604584
2178	15-19	-0.053406135203601934
2178	20-24	-0.0715972448541109
2178	25-29	-0.011402926863574692
2178	30-34	-0.011479641271748164
2178	35-39	-0.03564289189915826
2178	40-44	-0.006601004571223257
2178	45-49	-0.023345486723890474
2178	50-54	-0.031114376355759532
2178	55-59	-0.02588188118097179
2178	60-64	-0.02154159016025403
2178	65-69	-0.0019567046190474002
2178	70-74	-0.06081076505701333
2178	75-79	-0.09441600855962662
2178	80-84	-0.047630913760279725
2178	85-89	-0.021394034372825388
2178	90-94	-0.0744072882593585
2178	95-99	-0.06360003633734124
2178	100-104	-0.1418410577534388
2178	105-109	-0.05260456596622731
2178	110-114	-0.08559813433600283
2178	115-119	-0.06728431519098876
2178	120-124	-0.09628021114460239
2178	125-129	-0.02196516200517351
2178	130-134	-0.03911086811142894
2178	135-139	-0.07384311620989337
2178	140-144	-0.017322090288423908
2178	145-149	-0.0902363187467472
2178	150-151	-0.2890464793638827
2179	1	-0.14918874923846204
2179	2	0.03753165509467493
2179	3	0.0032683679286620304
2179	4	-8.864327811153316E-4
2179	5	-0.007943685837155101
2179	6	-0.05086307512188881
2179	7	0.003409931836472424
2179	8	0.015461003581272337
2179	9	0.10268438519523926
2179	10-14	0.02570086394099036
2179	15-19	0.06523059609953918
2179	20-24	0.06613093213471899
2179	25-29	0.006726623012916377
2179	30-34	-0.025846866858181272
2179	35-39	0.054222224074869985
2179	40-44	-0.003413631639851644
2179	45-49	-0.019491345106594338
2179	50-54	0.03835636233650064
2179	55-59	0.026849684304458776
2179	60-64	0.1117356325841996
2179	65-69	0.017611316717548675
2179	70-74	0.04000684638081253
2179	75-79	-0.0020324744669721895
2179	80-84	0.065149183740985
2179	85-89	0.0152257763085899
2179	90-94	0.08582706453779565
2179	95-99	-0.02246587373322484
2179	100-104	0.008769964698082333
2179	105-109	0.0860089923924221
2179	110-114	-0.04707857943142102
2179	115-119	0.08518272894691137
2179	120-124	0.034349611997740226
2179	125-129	0.02141415286267545
2179	130-134	0.11686928185687151
2179	135-139	0.033368916232241475
2179	140-144	0.05540597739405939
2179	145-149	-0.05188728173561685
2179	150-151	-0.04537531656301752
2180	1	-0.15476658863329362
2180	2	0.058112051896564765
2180	3	-0.1885802335734823
2180	4	-0.04757122563114535
2180	5	-0.02497332483896031
2180	6	-0.11446444266166367
2180	7	-0.08620161149138283
2180	8	-0.07279376800190107
2180	9	0.13197342603299234
2180	10-14	-0.0975973835621744
2180	15-19	8.442391931993143E-4
2180	20-24	-0.030138483968869423
2180	25-29	0.028871076131601114
2180	30-34	0.024535667397614702
2180	35-39	-0.04028984957845694
2180	40-44	0.0036114309493271435
2180	45-49	-0.0389104099032096
2180	50-54	0.028600527410397092
2180	55-59	0.014429838825684271
2180	60-64	0.017989165843957267
2180	65-69	-0.006903179742458576
2180	70-74	-0.011304968839802143
2180	75-79	-0.009189983821705994
2180	80-84	-0.01321192213567457
2180	85-89	-0.037522494076632995
2180	90-94	-0.04532969105485307
2180	95-99	-0.062231130685340474
2180	100-104	-0.06310124966645958
2180	105-109	-0.09763867767514967
2180	110-114	-0.158944409781121
2180	115-119	-0.17768533576894185
2180	120-124	-0.19891929262443853
2180	125-129	-0.1579693774358617
2180	130-134	-0.20690275895396582
2180	135-139	-0.16258015098718914
2180	140-144	-0.15694602949747605
2180	145-149	-0.15573523715597304
2180	150-151	-0.23729929427319263
2181	1	-0.3091861606326418
2181	2	-0.0939048054183047
2181	3	-0.22809367016699156
2181	4	-0.12495615256453618
2181	5	-0.10894245624938748
2181	6	-0.1422516464271908
2181	7	-0.044446918261677126
2181	8	-0.20307125691876138
2181	9	-0.27936147627120533
2181	10-14	-0.13183305758111175
2181	15-19	-0.06411772238524804
2181	20-24	-0.018274874971012878
2181	25-29	-0.15405815598487038
2181	30-34	-0.2246668940385348
2181	35-39	-0.1419142817387069
2181	40-44	-0.154829814740566
2181	45-49	-0.1517734168541125
2181	50-54	-0.02459853120708999
2181	55-59	-0.028179761086747135
2181	60-64	-0.08487329379153152
2181	65-69	-0.14226960741472539
2181	70-74	-0.039396479977668264
2181	75-79	-0.16842374223666923
2181	80-84	-0.10425565263755487
2181	85-89	-0.08424571666981251
2181	90-94	-0.11327123776823811
2181	95-99	-0.1302252196788274
2181	100-104	-0.10661282538755756
2181	105-109	-0.18431264188071594
2181	110-114	-0.17157973351818612
2181	115-119	-0.17779589348335634
2181	120-124	-0.10238270458875576
2181	125-129	-0.13621468420615912
2181	130-134	-0.15050026319566
2181	135-139	-0.1819901449667256
2181	140-144	-0.17968041732518003
2181	145-149	-0.19505875529947758
2181	150-151	-0.22126568910653788
2182	1	-0.297875613641871
2182	2	0.0072946837480358795
2182	3	-0.1524075742186355
2182	4	-0.06541547177630491
2182	5	-0.07246742405286
2182	6	0.11245659103501993
2182	7	-0.054612400347473056
2182	8	0.012693996692902942
2182	9	-0.18984973194668697
2182	10-14	-0.11510056090853737
2182	15-19	-8.616427641783275E-4
2182	20-24	0.030604577984341574
2182	25-29	0.0409913916471325
2182	30-34	0.03254917027908277
2182	35-39	-0.05538994439450562
2182	40-44	0.01131829468991441
2182	45-49	0.013502826686377034
2182	50-54	0.013394991766951136
2182	55-59	0.03183241701530193
2182	60-64	0.05676018844513919
2182	65-69	-0.016451492218507724
2182	70-74	0.09445433288369998
2182	75-79	0.0837039230702814
2182	80-84	0.05840553208700783
2182	85-89	0.05409321176497173
2182	90-94	-0.006194467228453959
2182	95-99	0.054205130737976503
2182	100-104	0.026840852022061767
2182	105-109	0.03634863983757697
2182	110-114	-0.0022292143322886204
2182	115-119	0.040108610797844335
2182	120-124	0.05050797808547003
2182	125-129	-0.08413443805762455
2182	130-134	0.00670583232161448
2182	135-139	0.01052732737659312
2182	140-144	-0.0865637392527745
2182	145-149	-0.1254043224164505
2182	150-151	-0.14861064731840656
2183	1	-0.15457587026075714
2183	2	-0.21825741197289972
2183	3	-0.11413119776080549
2183	4	-0.10835740914460246
2183	5	-0.18582308114326196
2183	6	0.14977586248773633
2183	7	-0.004754270953135631
2183	8	0.03468133265501905
2183	9	-0.1332840437699332
2183	10-14	-0.023096429970316024
2183	15-19	-0.04674635203375743
2183	20-24	-0.06947626739756174
2183	25-29	-0.10238554603410677
2183	30-34	-0.13980953285667397
2183	35-39	-0.13862000427224785
2183	40-44	-0.10877360825389815
2183	45-49	-0.1517054936073876
2183	50-54	-0.12506550352836854
2183	55-59	-0.1102692499643183
2183	60-64	-0.01526470150081849
2183	65-69	-0.09493984005185041
2183	70-74	-0.12095531849014662
2183	75-79	-0.09353836271553462
2183	80-84	-0.1093371605336344
2183	85-89	-0.1923370734366756
2183	90-94	-0.16055855310190026
2183	95-99	-0.11495522477306963
2183	100-104	-0.23403259105235463
2183	105-109	-0.14784634879191572
2183	110-114	-0.1387473341294978
2183	115-119	-0.09103668139302101
2183	120-124	-0.13073641489609855
2183	125-129	-0.1753681907437823
2183	130-134	-0.17913840209870102
2183	135-139	-0.12291814632519049
2183	140-144	-0.10742706361487109
2183	145-149	-0.14792002206803545
2183	150-151	-0.19403271237025166
2184	1	0.05737175658048699
2184	2	0.10378977842535875
2184	3	-0.05568875368006587
2184	4	0.20519960122091874
2184	5	-0.03429553067953606
2184	6	0.15836833384616256
2184	7	-0.13091357264435288
2184	8	0.140177786555725
2184	9	-0.03385687519382685
2184	10-14	0.026248905545237733
2184	15-19	0.06209161850634359
2184	20-24	0.009478997195998318
2184	25-29	0.06248079330031686
2184	30-34	0.052211743739064786
2184	35-39	0.05248746981394703
2184	40-44	0.05105999785630644
2184	45-49	0.04654873443407581
2184	50-54	0.048884305527828076
2184	55-59	0.045881868420849514
2184	60-64	0.05133377094871605
2184	65-69	0.020867579478974108
2184	70-74	0.030272177418197543
2184	75-79	-0.027417249785912645
2184	80-84	-0.029672676081915483
2184	85-89	-0.013750057615617095
2184	90-94	-0.029912071923504868
2184	95-99	-0.036681902350814255
2184	100-104	-0.026299366829775295
2184	105-109	-0.020868716495130002
2184	110-114	-0.01526124574979093
2184	115-119	-0.0906138772468097
2184	120-124	-0.0199480897460802
2184	125-129	-0.029718981796698074
2184	130-134	0.019606824306102055
2184	135-139	0.042889273205631184
2184	140-144	-0.009663833936748745
2184	145-149	-0.06586874001675369
2184	150-151	-0.19328257598181864
2185	1	-0.012527145917772486
2185	2	-0.24091311246525748
2185	3	-0.13376960175083497
2185	4	-0.011979763515086006
2185	5	-0.17212335609689688
2185	6	0.08380297419564187
2185	7	-0.14061653836153454
2185	8	-0.07346976396241445
2185	9	0.11607652915672162
2185	10-14	-0.04568419133612878
2185	15-19	-0.005688739654445385
2185	20-24	-0.07190129457321603
2185	25-29	0.02602419883448448
2185	30-34	-0.029020799561699562
2185	35-39	-0.057636565433448084
2185	40-44	-0.07044475091008451
2185	45-49	0.03824271279967206
2185	50-54	-0.02370672099750948
2185	55-59	0.05586509366379033
2185	60-64	0.05680672250326779
2185	65-69	0.005125701223164469
2185	70-74	0.03327449160001095
2185	75-79	-0.017868562856200754
2185	80-84	0.04320296351522046
2185	85-89	0.03268051080784318
2185	90-94	0.02411597851777003
2185	95-99	0.024984988795573315
2185	100-104	0.05795698628634938
2185	105-109	-0.006913424691902037
2185	110-114	-0.0670259964480664
2185	115-119	0.03406242980334184
2185	120-124	0.07253265601635661
2185	125-129	0.029876709825309433
2185	130-134	-0.008839789655453956
2185	135-139	-0.10677421129098263
2185	140-144	-0.045325906251868275
2185	145-149	-0.11738098504520167
2185	150-151	-0.15517952482628772
2186	1	-0.33714728040970243
2186	2	-0.06419229924265579
2186	3	0.07736782431239675
2186	4	0.11287434875941216
2186	5	-0.04525416417031636
2186	6	-0.06527668764444883
2186	7	0.09044314130211717
2186	8	-0.12953245718743744
2186	9	-0.10238263168663053
2186	10-14	-0.05428799615768298
2186	15-19	-0.09389961787938716
2186	20-24	-0.04035178054047606
2186	25-29	0.047381256037809294
2186	30-34	0.007090654131523877
2186	35-39	-0.0660062531170027
2186	40-44	5.312040056466572E-4
2186	45-49	-0.04098698607412388
2186	50-54	0.008275352318776186
2186	55-59	0.008130281490537072
2186	60-64	-0.07202905338252208
2186	65-69	-0.049101402155578455
2186	70-74	-0.0555997185159427
2186	75-79	-0.10190769665067023
2186	80-84	-0.08801244585183099
2186	85-89	-0.0014403897906092311
2186	90-94	-0.11006045522324825
2186	95-99	-0.0543210768589617
2186	100-104	-0.14656886031536231
2186	105-109	-0.16534049197758804
2186	110-114	-0.1436380427503039
2186	115-119	-0.043850638880073234
2186	120-124	-0.07684243935502622
2186	125-129	-0.10383929354430421
2186	130-134	-0.13436225061676055
2186	135-139	-0.10466046798787687
2186	140-144	-0.12596253764071008
2186	145-149	-0.1444811586124004
2186	150-151	-0.2862238057139024
2187	1	0.11465489897000936
2187	2	-0.05041622764148457
2187	3	-0.009760948032251804
2187	4	-0.0367170516736266
2187	5	-0.05028896271011973
2187	6	0.024055491653356853
2187	7	-0.02264870008534814
2187	8	0.0024316876203585025
2187	9	0.12222835913660646
2187	10-14	-0.016644412931974273
2187	15-19	0.028748511408991817
2187	20-24	0.03681497122266819
2187	25-29	0.05754095526046399
2187	30-34	-0.006302892916806968
2187	35-39	-0.01418168471991521
2187	40-44	-0.01644294760076548
2187	45-49	-0.034475058461637786
2187	50-54	-0.017018230497384934
2187	55-59	0.038576068669279096
2187	60-64	-0.06481159868614839
2187	65-69	-0.057307250057689885
2187	70-74	-0.015367746453065934
2187	75-79	0.04878185778058963
2187	80-84	0.056680128366387805
2187	85-89	0.017831639500769825
2187	90-94	0.07410068017296823
2187	95-99	0.059618816820517395
2187	100-104	0.044600583590586496
2187	105-109	0.07363114222955858
2187	110-114	0.02197679516140738
2187	115-119	-0.02165766193256502
2187	120-124	-0.0171161860478648
2187	125-129	0.04291252419817937
2187	130-134	-0.06619260739394406
2187	135-139	0.022945463463507565
2187	140-144	-0.04817708449518676
2187	145-149	-0.0043302784782852655
2187	150-151	-0.019316684641196957
2188	1	-0.34859861052627394
2188	2	-0.1426986980471341
2188	3	-0.06234892415772464
2188	4	-0.10311169147114185
2188	5	0.03837709247888199
2188	6	0.02821389844022093
2188	7	-0.0822543238867155
2188	8	-0.009467918864174862
2188	9	0.09600834014672444
2188	10-14	-0.010497179509783905
2188	15-19	0.0031869516567724077
2188	20-24	-7.129016688764978E-4
2188	25-29	-0.07972573955928652
2188	30-34	-0.021939685940587594
2188	35-39	0.005772212374303365
2188	40-44	0.0978298557195103
2188	45-49	0.017050990756033002
2188	50-54	-6.874730809727225E-4
2188	55-59	0.06177599765896957
2188	60-64	0.02305021094704074
2188	65-69	0.0583002243153814
2188	70-74	0.050600293527885754
2188	75-79	0.054044690069829926
2188	80-84	0.07645811355643417
2188	85-89	0.03235432379808145
2188	90-94	0.012008619609780169
2188	95-99	-0.013454557809971845
2188	100-104	-0.011011248233323556
2188	105-109	0.019909690929452495
2188	110-114	0.023080144750004195
2188	115-119	0.08463239904484965
2188	120-124	0.06143735545685303
2188	125-129	0.032336291671690276
2188	130-134	-0.033712921991138955
2188	135-139	-0.004592011958585829
2188	140-144	-0.03066067008547435
2188	145-149	-0.030754721087703274
2188	150-151	-0.09583298339017432
2189	1	0.034586755869497665
2189	2	0.1369412295332424
2189	3	-0.03455993143485614
2189	4	0.048972342307806116
2189	5	-0.09126360881547413
2189	6	-0.01583152841778457
2189	7	-0.007910257499240458
2189	8	0.069664733694637
2189	9	-0.011183401652253622
2189	10-14	0.028109178731028805
2189	15-19	-0.02209689586810981
2189	20-24	0.049216127657693676
2189	25-29	0.08882574125895104
2189	30-34	0.12243984468231162
2189	35-39	0.048873989524985006
2189	40-44	0.04556505421934531
2189	45-49	0.07174272200437315
2189	50-54	0.06475016064845107
2189	55-59	0.07839649939138837
2189	60-64	0.08694885722892565
2189	65-69	0.09172748183694068
2189	70-74	0.09463896797296201
2189	75-79	0.10667130836295513
2189	80-84	0.04841084103890125
2189	85-89	0.024530528013549713
2189	90-94	0.08642414903412288
2189	95-99	0.07808959241995694
2189	100-104	0.08569287087924238
2189	105-109	0.0680864691000238
2189	110-114	0.05337034376331218
2189	115-119	-0.004605239467544209
2189	120-124	0.010869097705999309
2189	125-129	-0.031023849678817328
2189	130-134	0.021390143745009027
2189	135-139	-0.017819426192396293
2189	140-144	0.04208588794237045
2189	145-149	-0.00841886450894691
2189	150-151	-0.10728676382702673
2190	1	-0.14335521907383253
2190	2	0.029750868392042662
2190	3	-0.13528071996429247
2190	4	-0.2750348856871696
2190	5	-0.07321660386561746
2190	6	-0.18428173253107616
2190	7	-0.12897055495019316
2190	8	0.0718078514425855
2190	9	-0.059182344457440195
2190	10-14	-0.1490985054664904
2190	15-19	-0.03970263689559772
2190	20-24	0.017732406446860693
2190	25-29	-0.04173781827002898
2190	30-34	-0.019680462938396204
2190	35-39	-0.03518678768556782
2190	40-44	-0.010523727162535579
2190	45-49	0.04130700260916598
2190	50-54	-0.00780213171186972
2190	55-59	-0.012609588097234337
2190	60-64	-0.06084238126906172
2190	65-69	-0.0728995840739941
2190	70-74	-0.015364450673317265
2190	75-79	-0.1267722451905584
2190	80-84	0.008567236923880728
2190	85-89	-0.05615641879058586
2190	90-94	-0.06361018106920824
2190	95-99	0.03419187601820539
2190	100-104	0.01418053646094819
2190	105-109	-0.00491168368186834
2190	110-114	-0.02164394847636686
2190	115-119	-0.05559650324626375
2190	120-124	-0.14344342401964383
2190	125-129	-0.04316665141745091
2190	130-134	-0.023419977746208076
2190	135-139	0.006250141822860655
2190	140-144	0.023190828891721083
2190	145-149	-0.05896771524051303
2190	150-151	-0.0817991758112484
2191	1	-0.3583180740029661
2191	2	-0.35005748127296954
2191	3	-0.3596266932563026
2191	4	-0.04356184434903554
2191	5	0.026841506521328995
2191	6	-0.1012636385517709
2191	7	-0.025630916829783246
2191	8	-0.08113640816272039
2191	9	0.027578742092849495
2191	10-14	-0.047628654502538836
2191	15-19	-0.01888772417512996
2191	20-24	-0.04102858894988515
2191	25-29	0.0032624096138462733
2191	30-34	0.05403142348428247
2191	35-39	0.06654285089061318
2191	40-44	0.09604274656245337
2191	45-49	0.011426869524981953
2191	50-54	0.03245355399069183
2191	55-59	0.0384660237709582
2191	60-64	0.07056343432731182
2191	65-69	0.04833805322603979
2191	70-74	0.07894073140590052
2191	75-79	0.07712172044455201
2191	80-84	0.004228328031850026
2191	85-89	0.016412060312461563
2191	90-94	0.10893209138875193
2191	95-99	-0.079612189430037
2191	100-104	0.06451210749234804
2191	105-109	0.058841107895545974
2191	110-114	-0.02247914286130026
2191	115-119	0.022199631843292877
2191	120-124	0.08419775003805796
2191	125-129	0.05084456046897401
2191	130-134	0.09693574897545432
2191	135-139	0.04146161805457638
2191	140-144	0.0428674616796485
2191	145-149	0.0895886404406312
2191	150-151	-0.20875897709651525
2192	1	0.0033578278403041395
2192	2	-0.20655131820613093
2192	3	-0.06890804573849607
2192	4	-0.0669079938458168
2192	5	0.0028422981078932708
2192	6	-0.07074232225639321
2192	7	-0.05917439754899334
2192	8	-0.2387469475724231
2192	9	-0.03095060315197884
2192	10-14	-0.12753479495260933
2192	15-19	-0.03476695068196989
2192	20-24	-0.02421020152480935
2192	25-29	-0.04220745355477362
2192	30-34	-0.00807956826059808
2192	35-39	-0.03687341055912441
2192	40-44	-0.03745776231462372
2192	45-49	0.09921608133092263
2192	50-54	0.05405368969125135
2192	55-59	-0.0016730692969986194
2192	60-64	0.020722317059416184
2192	65-69	0.030904489955659642
2192	70-74	-0.0016891453327616546
2192	75-79	0.03645198166812236
2192	80-84	-0.07685727640103579
2192	85-89	-0.057365503862598644
2192	90-94	-0.05332166864744892
2192	95-99	0.015738370334752005
2192	100-104	0.013371657418844052
2192	105-109	-0.016020364455464176
2192	110-114	0.07697522782737565
2192	115-119	0.01762708858873907
2192	120-124	-0.007269512203258444
2192	125-129	-0.028850113284278223
2192	130-134	0.004316162862139095
2192	135-139	-0.004801527936606931
2192	140-144	-0.024036869429700403
2192	145-149	-0.06525078057033795
2192	150-151	-0.3324754760222177
2193	1	-0.05023435451645497
2193	2	-0.05397684362137056
2193	3	-0.2904710938504991
2193	4	0.0071166027609095295
2193	5	-0.016395639566518128
2193	6	-0.1021172403077486
2193	7	-0.031220899757748555
2193	8	-0.15959571242186144
2193	9	-0.0681770834619897
2193	10-14	-0.17856118670660237
2193	15-19	-0.06615065568744427
2193	20-24	-0.09584035313409345
2193	25-29	-0.15914918163285563
2193	30-34	-0.20264634739569942
2193	35-39	-0.219756286639047
2193	40-44	-0.22634212805785836
2193	45-49	-0.1502120458465086
2193	50-54	-0.27263812505505314
2193	55-59	-0.21196410282815492
2193	60-64	-0.2202714325329822
2193	65-69	-0.2042355006395553
2193	70-74	-0.1121208387778978
2193	75-79	-0.1506217223419597
2193	80-84	-0.18014078267031408
2193	85-89	-0.18191343909999347
2193	90-94	-0.31954605862345176
2193	95-99	-0.20823944260609295
2193	100-104	-0.14142042471171834
2193	105-109	-0.25091212359681236
2193	110-114	-0.24008828194296683
2193	115-119	-0.21525630235177573
2193	120-124	-0.1851152668344298
2193	125-129	-0.32618800942660187
2193	130-134	-0.32011356038312044
2193	135-139	-0.22138841409405785
2193	140-144	-0.3856711055996911
2193	145-149	-0.35478146797787957
2193	150-151	-0.6951817205947322
2194	1	0.06927674770950176
2194	2	-0.19597503748464362
2194	3	0.09434219159493296
2194	4	-0.08690729063565783
2194	5	-0.16139946554316964
2194	6	0.08413268213867298
2194	7	-0.2035153138318222
2194	8	0.08707844534625053
2194	9	0.043800636255923564
2194	10-14	-0.10496456183844316
2194	15-19	-0.011206597670465612
2194	20-24	-0.07575831867961824
2194	25-29	-0.07615843980700276
2194	30-34	0.04876512777681796
2194	35-39	0.05952263739980879
2194	40-44	-0.041069449667382685
2194	45-49	0.004631502729608883
2194	50-54	0.013605041612763102
2194	55-59	0.014157597697824542
2194	60-64	-0.046698659699487166
2194	65-69	-0.0681018740962358
2194	70-74	0.008068598769064295
2194	75-79	6.051408397311775E-4
2194	80-84	-0.0063281107598740505
2194	85-89	-0.0163599133418586
2194	90-94	0.023969565837980156
2194	95-99	-0.023717345005778157
2194	100-104	-0.05908430404523557
2194	105-109	-0.005387826921619876
2194	110-114	-0.03981391460784067
2194	115-119	0.013461271634348293
2194	120-124	-0.084833592228577
2194	125-129	-0.06822425624689998
2194	130-134	-0.054178264197382475
2194	135-139	-0.11759924953570078
2194	140-144	-0.043527042067793786
2194	145-149	-0.10046473225979469
2194	150-151	-0.46445395779149834
2195	1	-0.11636820334022246
2195	2	-0.07420117942656645
2195	3	-0.1442467093119646
2195	4	-0.22786743707047208
2195	5	-0.15580277141997811
2195	6	-0.12307257620228995
2195	7	-0.4149472133242966
2195	8	-0.025454488619416793
2195	9	-0.18742214988824202
2195	10-14	-0.161824533549904
2195	15-19	-0.1344081951411411
2195	20-24	-0.11325006785452985
2195	25-29	-0.030387577006443678
2195	30-34	-0.08616012945479667
2195	35-39	-0.09939685118770569
2195	40-44	-0.01668805354457703
2195	45-49	-0.04853209934488234
2195	50-54	-0.028607011525323855
2195	55-59	-0.048711748060270565
2195	60-64	-0.032623168116714396
2195	65-69	-0.060762383844689793
2195	70-74	-0.0413919775406697
2195	75-79	-0.0531220133882897
2195	80-84	0.051128693744104226
2195	85-89	-0.08402278046891354
2195	90-94	-0.10170478310951836
2195	95-99	0.02006000751939041
2195	100-104	-5.913623140969548E-4
2195	105-109	-0.03039268034814313
2195	110-114	-0.1054266943732145
2195	115-119	-0.11618900431762569
2195	120-124	-0.05091285561709924
2195	125-129	-0.1717314809189503
2195	130-134	-0.044307226673467426
2195	135-139	-0.10957085005710354
2195	140-144	-0.04253749773521065
2195	145-149	-0.19706955240568647
2195	150-151	-0.23677833308617124
2196	1	0.11801060366799732
2196	2	0.07931400430657476
2196	3	-0.23857191364447772
2196	4	-0.3339209954464408
2196	5	-0.2975508388441739
2196	6	-0.20347658975800442
2196	7	-0.12147256384592708
2196	8	-0.022774354834226074
2196	9	-0.07275229364086755
2196	10-14	-0.21388114860737772
2196	15-19	-0.09501687345863985
2196	20-24	-0.04139590257222636
2196	25-29	-0.008718363105181481
2196	30-34	-0.018191050667724085
2196	35-39	-0.0530925563286857
2196	40-44	7.815457643474133E-4
2196	45-49	-0.05824481558295247
2196	50-54	-0.019704980382606152
2196	55-59	0.03720536714117628
2196	60-64	-0.10744763042872307
2196	65-69	-0.009339254954625176
2196	70-74	-0.0695355972717735
2196	75-79	-0.17293949849250367
2196	80-84	-0.03689265872671399
2196	85-89	-0.14958195383591288
2196	90-94	-0.12205829497077048
2196	95-99	-0.17165372761250808
2196	100-104	-0.1237202523843095
2196	105-109	-0.1781079216709216
2196	110-114	-0.054725651114523544
2196	115-119	-0.17466686552656085
2196	120-124	-0.24460235879560344
2196	125-129	-0.21324032979040908
2196	130-134	-0.25656053254095923
2196	135-139	-0.23424580077364254
2196	140-144	-0.19047645270453728
2196	145-149	-0.29963229190111207
2196	150-151	-0.6615297008403971
2197	1	-0.3323735248025983
2197	2	-0.13145806790610948
2197	3	-0.08732241223108872
2197	4	-0.20630016406410334
2197	5	-0.3136472380371842
2197	6	-0.3094602072134549
2197	7	-0.16736276495697666
2197	8	-0.31197771458542434
2197	9	-0.2899626364950407
2197	10-14	-0.2413002330578351
2197	15-19	-0.14990013193171592
2197	20-24	-0.12289010162535874
2197	25-29	-0.1268339658313664
2197	30-34	-0.116548749712166
2197	35-39	-0.19642825975491718
2197	40-44	-0.11803121111615411
2197	45-49	-0.15113569303758823
2197	50-54	-0.15234636220457531
2197	55-59	-0.1129377055397498
2197	60-64	-0.16006195850737726
2197	65-69	-0.15049042641639687
2197	70-74	-0.08348099264372877
2197	75-79	-0.22993271771454005
2197	80-84	-0.15182540011489465
2197	85-89	-0.20084764124956678
2197	90-94	-0.22861824964996913
2197	95-99	-0.26132937172861403
2197	100-104	-0.2716874641723379
2197	105-109	-0.24441098140304973
2197	110-114	-0.2912054272852629
2197	115-119	-0.14605059512786056
2197	120-124	-0.276527510105808
2197	125-129	-0.21425542323566305
2197	130-134	-0.2931316439989189
2197	135-139	-0.3317947778762331
2197	140-144	-0.2748159193758255
2197	145-149	-0.3564405282629508
2197	150-151	-0.8475227408602777
2198	1	-0.127209656878712
2198	2	0.06890600728154794
2198	3	-0.2195621564239545
2198	4	-0.47154325583968415
2198	5	-0.45801373130224476
2198	6	-0.43565475790330765
2198	7	-0.8398973600540103
2198	8	-0.37727489493445177
2198	9	-0.10424338346278716
2198	10-14	-0.2804639964407869
2198	15-19	-0.1925619260815239
2198	20-24	-0.22900370126536274
2198	25-29	-0.26920781786957093
2198	30-34	-0.23636084873516694
2198	35-39	-0.2295813735977248
2198	40-44	-0.20288936496859833
2198	45-49	-0.1901467357425588
2198	50-54	-0.2447969154761367
2198	55-59	-0.24937181406687614
2198	60-64	-0.2045364016564264
2198	65-69	-0.31523785777730495
2198	70-74	-0.358016410432505
2198	75-79	-0.3224132696907063
2198	80-84	-0.29034487313765567
2198	85-89	-0.24343307506037348
2198	90-94	-0.2374833213855112
2198	95-99	-0.2726052484521091
2198	100-104	-0.2693566557299789
2198	105-109	-0.43082111369279374
2198	110-114	-0.4030224170061558
2198	115-119	-0.33958041997632904
2198	120-124	-0.43349164120014194
2198	125-129	-0.3117003062975243
2198	130-134	-0.36319225501798513
2198	135-139	-0.4498496800509173
2198	140-144	-0.5101603022320162
2198	145-149	-0.4504164702109179
2198	150-151	-1.129160579226351
2201	1	-0.4744853725232048
2201	2	0.007515589535401546
2201	3	-0.05006634104888974
2201	4	-0.29893056148245734
2201	5	-0.08951840542681566
2201	6	-0.28664947687877884
2201	7	-0.3702897159003484
2201	8	-0.40238503235252665
2201	9	-0.2145057632269456
2201	10-14	-0.14830004987981482
2201	15-19	-0.13914454207900206
2201	20-24	-0.14308863542169092
2201	25-29	-0.20947453547604056
2201	30-34	-0.20933441973449618
2201	35-39	-0.22365771166288795
2201	40-44	-0.2544372583293111
2201	45-49	-0.23128317083212124
2201	50-54	-0.2992585653684827
2201	55-59	-0.2703672891800011
2201	60-64	-0.21761010119915625
2201	65-69	-0.19924602406391756
2201	70-74	-0.23606844066209476
2201	75-79	-0.25516732199155
2201	80-84	-0.32488014695897505
2201	85-89	-0.1718091699675952
2201	90-94	-0.254970317807782
2201	95-99	-0.30312264558754265
2201	100-104	-0.29432670869940836
2201	105-109	-0.33624755542840745
2201	110-114	-0.4580686010978283
2201	115-119	-0.3867455803372124
2201	120-124	-0.3719958417437681
2201	125-129	-0.32223847731994226
2201	130-134	-0.3607070295496868
2201	135-139	-1.0803917511517298
2201	140-144	-0.28962917522875387
2201	145-149	-0.47202258617059556
2201	150-151	-0.4419588058845818
2202	1	-0.18676354074630552
2202	2	-0.09179123630459429
2202	3	-0.21962765166151854
2202	4	-0.0375718117632573
2202	5	-0.4459158252785542
2202	6	-0.2778018789197958
2202	7	-0.16419235060398307
2202	8	-0.2752613842025937
2202	9	-0.14514983755061905
2202	10-14	-0.07669708463479452
2202	15-19	-0.08482600287936037
2202	20-24	-0.06668030449522178
2202	25-29	-0.09109258367731599
2202	30-34	-0.10250729608635112
2202	35-39	-0.15133140634534215
2202	40-44	-0.17021659788837695
2202	45-49	-0.10511520446389966
2202	50-54	-0.11860069174440468
2202	55-59	-0.066393090662622
2202	60-64	-0.09209230651991618
2202	65-69	-0.16614824157939978
2202	70-74	-0.14545068128337846
2202	75-79	-0.181645291247996
2202	80-84	-0.16677033020084053
2202	85-89	-0.10747618963961969
2202	90-94	-0.14622412866109613
2202	95-99	-0.20514889634971922
2202	100-104	-0.17785419498034116
2202	105-109	-0.1664224535382317
2202	110-114	-0.15770532649174385
2202	115-119	-0.19105032023644952
2202	120-124	-0.18645109029163365
2202	125-129	-0.23964805981087522
2202	130-134	-0.19244991328255168
2202	135-139	-0.4190856313224671
2202	140-144	-0.29062400851395154
2202	145-149	-0.39723807989672366
2202	150-151	-0.4907457511045621
2203	1	-0.042311591329813325
2203	2	-0.3406373468528301
2203	3	-0.25720879917174244
2203	4	0.00862129116742949
2203	5	-0.20356151554835833
2203	6	-0.011769382390845351
2203	7	-0.1772885268207247
2203	8	-0.26702467738432745
2203	9	-0.19070501785757443
2203	10-14	-0.16775115795837792
2203	15-19	-0.11662832191572647
2203	20-24	-0.08535267494063703
2203	25-29	-0.25083216114739315
2203	30-34	-0.26170276308323537
2203	35-39	-0.173771272756845
2203	40-44	-0.23226770674799724
2203	45-49	-0.3507829593515197
2203	50-54	-0.39225448738402235
2203	55-59	-0.28041237844077926
2203	60-64	-0.2622562901590797
2203	65-69	-0.2441699309486154
2203	70-74	-0.28353841440657845
2203	75-79	-0.3660387018825375
2203	80-84	-0.29898917518564616
2203	85-89	-0.3338036315698929
2203	90-94	-0.3102227777661213
2203	95-99	-0.303148821300006
2203	100-104	-0.3359014012544961
2203	105-109	-0.2777812287267807
2203	110-114	-0.23726178264394804
2203	115-119	-0.380397012420012
2203	120-124	-0.3659249917513492
2203	125-129	-0.22761008465234056
2203	130-134	-0.3717174280110598
2203	135-139	-0.5109014593085064
2203	140-144	-0.34213063165177715
2203	145-149	-0.362707703522382
2203	150-151	-0.5406444339819743
2204	1	-0.08082729043051273
2204	2	0.024860334022783093
2204	3	-0.14609615576834045
2204	4	-0.009073620243093217
2204	5	-0.013091454241347833
2204	6	0.012186475332754299
2204	7	-0.14356890260008726
2204	8	-0.0037829904530894964
2204	9	-0.0021104823183577537
2204	10-14	0.010115492772449386
2204	15-19	0.05211751216459959
2204	20-24	0.015014921980679219
2204	25-29	-0.0066338028453643005
2204	30-34	-0.06667413220172591
2204	35-39	-0.08815106978940435
2204	40-44	-0.0010907683599370444
2204	45-49	-0.009706340139942427
2204	50-54	-0.10015851072389381
2204	55-59	-0.07213462901040657
2204	60-64	-0.03136497105460734
2204	65-69	-0.049577390453954706
2204	70-74	-0.07652572549409342
2204	75-79	-0.04155680821443042
2204	80-84	-0.08170399873453249
2204	85-89	-0.10409830670094067
2204	90-94	-0.11827926418924761
2204	95-99	-0.0693878251874267
2204	100-104	-0.036149479376888394
2204	105-109	-0.026321030785275923
2204	110-114	-0.0577040941375202
2204	115-119	-0.0712907525463109
2204	120-124	-0.13412532977503133
2204	125-129	-0.08668332362710629
2204	130-134	-0.1469902143466939
2204	135-139	-0.12165447371051386
2204	140-144	-1.8109535400344825
2204	145-149	-0.24690195528106784
2204	150-151	-0.1657323492523446
2205	1	-0.12017359707220976
2205	2	-0.20901835507552846
2205	3	-0.23715230594022785
2205	4	0.15114803703630741
2205	5	-0.151945129719131
2205	6	-0.038117378835586635
2205	7	-0.15036349901618706
2205	8	-0.043062054125307725
2205	9	-0.019810665784682158
2205	10-14	-0.12355986275564135
2205	15-19	-0.13416262968749493
2205	20-24	-0.028475996779881996
2205	25-29	-0.09963877653272846
2205	30-34	-0.11956225594713032
2205	35-39	-0.06986281598999255
2205	40-44	-0.2035929709492521
2205	45-49	-0.07616256687713019
2205	50-54	-0.0076816999968087885
2205	55-59	-0.10442898205280926
2205	60-64	-0.06592602346820797
2205	65-69	-0.04083152532348322
2205	70-74	-0.16171034183092559
2205	75-79	-0.07439216151128392
2205	80-84	-0.8243818124516338
2205	85-89	-0.11819121050453418
2205	90-94	-0.03695561690001625
2205	95-99	-0.10725784299916796
2205	100-104	-0.09486237252857421
2205	105-109	-0.06424239777371099
2205	110-114	-0.04488697285488996
2205	115-119	0.024887478000792385
2205	120-124	-0.0669129252810663
2205	125-129	-0.1294663573089636
2205	130-134	-0.14788882493883193
2205	135-139	-0.06919884451880876
2205	140-144	-0.1161409530675499
2205	145-149	-0.13027574901478545
2205	150-151	-0.15994334087982764
2206	1	-0.3424136179423911
2206	2	-0.27721870581059704
2206	3	-0.05446800030489385
2206	4	-0.05989409160062564
2206	5	-0.28940459647672867
2206	6	-0.07687368051046661
2206	7	-0.2010926969099458
2206	8	-0.0998478776547671
2206	9	-0.014980621260093585
2206	10-14	-0.10476632122389873
2206	15-19	-0.07002342188497579
2206	20-24	-0.006512872018731741
2206	25-29	0.004684082804814693
2206	30-34	-0.034740815797498215
2206	35-39	0.010771771919174
2206	40-44	-0.011319364030363488
2206	45-49	-0.019871037228263333
2206	50-54	-0.06570752990326412
2206	55-59	-0.050239116755520286
2206	60-64	-0.04562641119904498
2206	65-69	-0.0707326436633906
2206	70-74	-0.02824733263385326
2206	75-79	-0.07796694367490176
2206	80-84	-0.056276582776611406
2206	85-89	-0.12510888387544128
2206	90-94	-0.01574735822565998
2206	95-99	-0.07654205511531842
2206	100-104	-0.09954229817090976
2206	105-109	-0.014734288836827147
2206	110-114	-0.07308918482000593
2206	115-119	-0.10813310766117468
2206	120-124	-0.015431302257951529
2206	125-129	-0.030501399541336127
2206	130-134	-0.09135625074326015
2206	135-139	-0.04588220885992911
2206	140-144	-0.04688488824183423
2206	145-149	-0.10771275896397725
2206	150-151	-0.2381622962873493
2207	1	-0.3129313079265401
2207	2	0.07456973214735285
2207	3	-0.08453349661138532
2207	4	0.07568326282710558
2207	5	0.04755446085497539
2207	6	-0.11720026483322243
2207	7	0.021549884661368424
2207	8	-0.033466324285740257
2207	9	0.06790959018231746
2207	10-14	-0.002698551986227926
2207	15-19	0.0075242049954198365
2207	20-24	-0.056447973852030486
2207	25-29	-0.010838242762673644
2207	30-34	-0.01608274240575014
2207	35-39	-0.11016730754368353
2207	40-44	-0.0820141033909465
2207	45-49	0.004138891892168317
2207	50-54	-0.03571979176886231
2207	55-59	-0.041785607170325534
2207	60-64	-0.05998176604547467
2207	65-69	-0.0766153484514902
2207	70-74	-0.021273620877416022
2207	75-79	-0.03544817703914305
2207	80-84	-0.06004007830551217
2207	85-89	-0.09531673745081548
2207	90-94	-0.10242857962709451
2207	95-99	-0.015870344136466485
2207	100-104	-0.09038537619824183
2207	105-109	-0.13759878026847616
2207	110-114	-0.10238128638413713
2207	115-119	-0.14332226936826942
2207	120-124	-0.15943225928160842
2207	125-129	-0.041942019214154413
2207	130-134	-0.06021709352221194
2207	135-139	-0.056874821833588385
2207	140-144	-0.15227233328773337
2207	145-149	-0.18295096813346134
2207	150-151	-0.3509071597619382
2208	1	0.10160006868280647
2208	2	-0.34737888884241386
2208	3	-0.0709414675606368
2208	4	-0.1913225293159897
2208	5	-0.11875807478321576
2208	6	-0.07598901667140012
2208	7	-0.30516600021604035
2208	8	-0.15803641521938516
2208	9	0.07346764666321803
2208	10-14	-0.08417629875253141
2208	15-19	-0.025142281604615846
2208	20-24	-0.1054188930921498
2208	25-29	-0.00824348270144526
2208	30-34	-0.05032871341501277
2208	35-39	-0.02588652365364652
2208	40-44	-0.015891838152803928
2208	45-49	-0.10464115672581897
2208	50-54	-0.05187476911047639
2208	55-59	-0.020999316242686916
2208	60-64	-0.07902081049191167
2208	65-69	0.010641936744022473
2208	70-74	-0.002430849051833661
2208	75-79	-0.013375009967326434
2208	80-84	-0.0710145388559269
2208	85-89	-0.06978569096362008
2208	90-94	-0.0484962246557572
2208	95-99	-0.04410599132592807
2208	100-104	0.04069292277237935
2208	105-109	-0.06649467174833035
2208	110-114	-0.01789642698616234
2208	115-119	-0.05729663988535805
2208	120-124	-0.023467552340036946
2208	125-129	-0.04279973656958447
2208	130-134	-0.05730001420287323
2208	135-139	-0.1357235958799805
2208	140-144	-0.1472208642441828
2208	145-149	-0.12269407308229319
2208	150-151	-0.2827804528803952
2209	1	-0.03299610774139694
2209	2	-0.03310210307597572
2209	3	-0.033873927067297416
2209	4	0.09560920589584043
2209	5	0.014529698068578512
2209	6	0.09182542366480817
2209	7	0.03288985226145513
2209	8	0.18863504113893015
2209	9	-0.12308786411066563
2209	10-14	0.03981012656040406
2209	15-19	0.08417775741384759
2209	20-24	0.06598664776333862
2209	25-29	0.0583957308545493
2209	30-34	0.03818478825845517
2209	35-39	0.03616918863774998
2209	40-44	0.05581510281132296
2209	45-49	0.0967887414640245
2209	50-54	0.11989233505363472
2209	55-59	0.03116509868479511
2209	60-64	0.07980069171893689
2209	65-69	0.07790906719302626
2209	70-74	0.02173957051346065
2209	75-79	0.05390613909138864
2209	80-84	0.0161274755014702
2209	85-89	0.06249858307683098
2209	90-94	0.010156470129906836
2209	95-99	0.014923453595535818
2209	100-104	-0.008955151713166742
2209	105-109	-9.267136172397272E-4
2209	110-114	0.027153543516341472
2209	115-119	0.03875595326538672
2209	120-124	0.07754529221110573
2209	125-129	0.05118920041092423
2209	130-134	0.0689428231637379
2209	135-139	0.020787756273335845
2209	140-144	0.09073160098674293
2209	145-149	0.01379052689083693
2209	150-151	0.028067614595848056
2210	1	-0.06465544585757499
2210	2	-0.004740612680237177
2210	3	-0.21901625523207002
2210	4	-0.017420185448756342
2210	5	-0.08003174604157692
2210	6	-0.07582095448839254
2210	7	0.045687815695849565
2210	8	-0.06105253118229115
2210	9	-0.11140075464526689
2210	10-14	-0.10683648302071447
2210	15-19	-0.04488958810802046
2210	20-24	-0.13644797385202878
2210	25-29	-0.10738996690059821
2210	30-34	-0.1550482596471241
2210	35-39	-0.11154661788851428
2210	40-44	-0.0958072068392184
2210	45-49	-0.08068869431473047
2210	50-54	-0.13296117107920224
2210	55-59	-0.11213043475653706
2210	60-64	-0.13584383501098785
2210	65-69	-0.14902914155494784
2210	70-74	-0.1585150001877622
2210	75-79	-0.11682748738396498
2210	80-84	-0.0731435265813829
2210	85-89	-0.13462708227840636
2210	90-94	-0.19898030376503328
2210	95-99	-0.1000082751709499
2210	100-104	-0.12279916930169321
2210	105-109	-0.09897809061330776
2210	110-114	-0.24720887259103108
2210	115-119	-0.12401192454068166
2210	120-124	-0.09046674204022054
2210	125-129	-0.1653902950762287
2210	130-134	-0.159527438349798
2210	135-139	-0.18032309769565558
2210	140-144	-0.18951371259807104
2210	145-149	-0.24019234744380213
2210	150-151	-0.1543554356240051
2211	1	-0.40793674638378263
2211	2	-0.06999769002391787
2211	3	-0.02493682435927269
2211	4	-0.026597949507902285
2211	5	0.0069600521769572765
2211	6	-0.2619396598416017
2211	7	-0.02896897355658723
2211	8	0.03509939285568464
2211	9	-0.12421787549660479
2211	10-14	-0.08148386521197182
2211	15-19	-0.10092039623337712
2211	20-24	-0.0758947210666534
2211	25-29	-0.03771245271651935
2211	30-34	-0.11900980828457364
2211	35-39	-0.18820358352333955
2211	40-44	-0.14987958241614052
2211	45-49	-0.17076248095082036
2211	50-54	-0.1716488860452472
2211	55-59	-0.12388161798844521
2211	60-64	-0.13714318533582315
2211	65-69	-0.12213670542006838
2211	70-74	-0.11649600968301854
2211	75-79	-0.14811243314638034
2211	80-84	-0.1689197561136666
2211	85-89	-0.1519049139508084
2211	90-94	-0.10837972170312327
2211	95-99	-0.14606054315459716
2211	100-104	-0.17324335897156118
2211	105-109	-0.15270240492674247
2211	110-114	-0.20905030481610254
2211	115-119	-0.16615144301673013
2211	120-124	-0.14248308680902255
2211	125-129	-0.26898908391710563
2211	130-134	-0.30384821913588667
2211	135-139	-0.2135388427643008
2211	140-144	-0.28795037661900125
2211	145-149	-0.29077529126601576
2211	150-151	-0.2788005659999939
2212	1	0.024353895625530697
2212	2	-0.0099937553396785
2212	3	0.072184298337298
2212	4	0.1009513979902934
2212	5	0.05693054204514425
2212	6	0.11047820362485794
2212	7	0.06185665435344134
2212	8	-0.1209764153940327
2212	9	-0.03713019761608649
2212	10-14	0.04095039277216017
2212	15-19	-0.018987154709336096
2212	20-24	-0.0338854089806091
2212	25-29	-0.012307508129985933
2212	30-34	0.0361938116249334
2212	35-39	0.001067844111254601
2212	40-44	0.030551921289017514
2212	45-49	0.02466016971479945
2212	50-54	9.657116332846272E-4
2212	55-59	0.028889055498339644
2212	60-64	0.008453247217133253
2212	65-69	-0.06029658475641497
2212	70-74	-0.015269699761049083
2212	75-79	0.006127189123937171
2212	80-84	0.00730163545298268
2212	85-89	-0.08893685047122801
2212	90-94	-0.10228096112865614
2212	95-99	-0.041293017415206634
2212	100-104	-0.024249982356700173
2212	105-109	-0.011447240653673418
2212	110-114	0.006570391623007765
2212	115-119	-0.07545697124809436
2212	120-124	0.0066939084037827
2212	125-129	-0.03359004135693766
2212	130-134	-0.12819079897717955
2212	135-139	-0.03693709838761805
2212	140-144	-0.10162996216559606
2212	145-149	-0.1722232550669176
2212	150-151	-0.06540952396445476
2213	1	-0.17896212230658648
2213	2	-0.23008910864501786
2213	3	-0.02033687151967456
2213	4	-0.05260727275616972
2213	5	-0.2199583784700465
2213	6	-0.042482729983625234
2213	7	-0.3171001520224195
2213	8	0.049703154804497274
2213	9	-0.04812856095487916
2213	10-14	0.01428163876946087
2213	15-19	0.03752860704971539
2213	20-24	-0.035588105913660684
2213	25-29	0.008850678734027895
2213	30-34	-0.009968288994159025
2213	35-39	-0.009260484359536747
2213	40-44	-0.0030676617181626398
2213	45-49	0.007452171422613674
2213	50-54	0.014789379177571504
2213	55-59	-0.04511649491794145
2213	60-64	-0.0093405334702652
2213	65-69	-0.013410652926914679
2213	70-74	-0.041138624545794755
2213	75-79	-0.08357436926218043
2213	80-84	0.005286407387806946
2213	85-89	-0.0022279626892682813
2213	90-94	-0.06701845490222524
2213	95-99	-0.06171627223623943
2213	100-104	-0.12764142902289421
2213	105-109	-0.124777063467306
2213	110-114	-0.17214504280380538
2213	115-119	-0.15244039115843577
2213	120-124	-0.16557165766752036
2213	125-129	-0.15499557754137783
2213	130-134	-0.17954211186410873
2213	135-139	-0.12064591501040667
2213	140-144	-0.08869493049976285
2213	145-149	-0.10237283166977562
2213	150-151	-0.201596814934355
2214	1	-0.04262012205606425
2214	2	0.0604822636864597
2214	3	-0.0020271887896825547
2214	4	-0.23558671194160752
2214	5	0.009455217793579607
2214	6	0.09036912120546958
2214	7	-0.17735675957749208
2214	8	-0.07484563463057015
2214	9	-0.020568122181011006
2214	10-14	-0.03152950236470531
2214	15-19	-0.05464568566900141
2214	20-24	0.026781630857811933
2214	25-29	-0.13115783906208378
2214	30-34	-0.11447635047976235
2214	35-39	-0.05997386767825219
2214	40-44	-0.035470789681944837
2214	45-49	-0.026088189688991292
2214	50-54	-0.013095737942116159
2214	55-59	0.013033568607632162
2214	60-64	-0.00884635813967094
2214	65-69	-0.037675062496909106
2214	70-74	0.041922342116698985
2214	75-79	0.01358462363369739
2214	80-84	0.05373620428489545
2214	85-89	0.09011639963917872
2214	90-94	-0.009476519072009637
2214	95-99	-0.03703098332906052
2214	100-104	-0.004481255088059299
2214	105-109	-0.038910807181849805
2214	110-114	-0.009462867544776543
2214	115-119	0.02096704938699645
2214	120-124	-0.037043697464952174
2214	125-129	-0.0177368047482247
2214	130-134	-0.061899179308596786
2214	135-139	-0.014721752027028856
2214	140-144	-4.8091192523713744E-4
2214	145-149	-0.16513767965575
2214	150-151	-0.07382557860129424
2215	1	-0.18890175942535592
2215	2	-0.0285861960920073
2215	3	-0.11650919610654853
2215	4	-0.03825815356147899
2215	5	-0.18437560388932894
2215	6	0.040387938583677396
2215	7	-0.020676520746356175
2215	8	-0.030351752539360177
2215	9	-0.10991762524222537
2215	10-14	-0.0485306731464874
2215	15-19	-0.15700276229016197
2215	20-24	-0.03777651553652106
2215	25-29	-0.10850630699358277
2215	30-34	-0.13933393318752962
2215	35-39	-0.16384746498357572
2215	40-44	-0.14105235101651203
2215	45-49	-0.12275594852881255
2215	50-54	-0.16373382445475215
2215	55-59	-0.06607983722651056
2215	60-64	-0.09030605799379288
2215	65-69	-0.14963380200387633
2215	70-74	-0.20697682386649774
2215	75-79	-0.19229766792644654
2215	80-84	-0.25257537393314067
2215	85-89	-0.22463649444577527
2215	90-94	-0.20995888395384554
2215	95-99	-0.18652263585661188
2215	100-104	-0.14770091197873825
2215	105-109	-0.2153815018109384
2215	110-114	-0.22117082461750215
2215	115-119	-0.19362146220360898
2215	120-124	-0.25590184086798473
2215	125-129	-0.1983830790812462
2215	130-134	-0.1864998578472452
2215	135-139	-0.24738051191658172
2215	140-144	-0.2781466665925407
2215	145-149	-0.3312119989083939
2215	150-151	-0.29463238151830495
2216	1	-0.002943099361935708
2216	2	0.09397527124602334
2216	3	-0.019712237516159803
2216	4	0.06907143112827185
2216	5	0.10188997033125702
2216	6	0.07184232813217761
2216	7	0.07011046675563648
2216	8	0.044334141619756906
2216	9	-0.01890988581779851
2216	10-14	-0.07312850798403758
2216	15-19	-0.018511284349145285
2216	20-24	-0.01877750133183298
2216	25-29	-0.06502535271062015
2216	30-34	-0.08830988571482834
2216	35-39	-0.05696435105696196
2216	40-44	-0.04966933332393353
2216	45-49	-0.011439032240005531
2216	50-54	-0.06368850132567161
2216	55-59	-0.021848878287059392
2216	60-64	-0.044244513737517366
2216	65-69	-7.10140088202138E-4
2216	70-74	-0.03786043172554088
2216	75-79	-0.060523670985254796
2216	80-84	-0.0019479900710663856
2216	85-89	0.01749911483987887
2216	90-94	-0.0751909390645551
2216	95-99	-0.029664597968682926
2216	100-104	-0.0520010904428716
2216	105-109	-0.054487566901023854
2216	110-114	-0.05448159986376311
2216	115-119	-0.13492849294537734
2216	120-124	-0.07632622264187461
2216	125-129	-0.07244962612796257
2216	130-134	-0.16008192340920147
2216	135-139	-0.11500717350595835
2216	140-144	-0.07608470566700731
2216	145-149	-0.09373811834485224
2216	150-151	-0.28773526364161484
2217	1	-0.34357294913125713
2217	2	-0.003031024436381813
2217	3	-0.06845609227557503
2217	4	-0.0058095350777378485
2217	5	0.08816263777917044
2217	6	-0.03985412777516473
2217	7	0.24164300265933036
2217	8	0.061223039892929876
2217	9	-0.07997343033274262
2217	10-14	0.029188542441239917
2217	15-19	0.011877471400197237
2217	20-24	0.03158345347227964
2217	25-29	-0.036134328896821444
2217	30-34	0.04127939930820901
2217	35-39	-0.0626771285825356
2217	40-44	-0.007580813706674405
2217	45-49	0.0024132989924225967
2217	50-54	0.059228556841638635
2217	55-59	0.015269536144089102
2217	60-64	-0.07958310461668816
2217	65-69	0.004883269328217921
2217	70-74	-0.008420427221082605
2217	75-79	0.023189972240651002
2217	80-84	0.04251775670103086
2217	85-89	0.020265977520800504
2217	90-94	-0.010154463520599677
2217	95-99	0.016831532773181834
2217	100-104	-0.007932298939401505
2217	105-109	-0.010868094978206955
2217	110-114	0.003086486058755611
2217	115-119	0.02883835917821642
2217	120-124	0.04960600639568469
2217	125-129	-5.888983062547481E-4
2217	130-134	-0.04633087207597697
2217	135-139	0.01641486243820367
2217	140-144	-0.009173249918021043
2217	145-149	-0.0023049620225918943
2217	150-151	0.09950023147914777
2218	1	-0.27008944302496474
2218	2	-0.04742783989647137
2218	3	-0.026571823633958047
2218	4	0.04581651137466736
2218	5	-0.17266405520133077
2218	6	-0.2932733347525769
2218	7	-0.325315450483302
2218	8	-0.14964980840286302
2218	9	-0.06550082112502054
2218	10-14	-0.056970309653081586
2218	15-19	-0.08317036389782828
2218	20-24	-0.08192763971901229
2218	25-29	-0.14708647237795702
2218	30-34	-0.1602186501434133
2218	35-39	-0.16391069569873196
2218	40-44	-0.1617487624654288
2218	45-49	-0.11273887207580913
2218	50-54	-0.10505239286143819
2218	55-59	-0.15549084172823768
2218	60-64	-0.1323811070287917
2218	65-69	-0.13359427726035022
2218	70-74	-0.1280221828914634
2218	75-79	-0.12940140997841354
2218	80-84	-0.12891772665653178
2218	85-89	-0.10672119448466333
2218	90-94	-0.1791300277295349
2218	95-99	-0.16697824366532643
2218	100-104	-0.1324867144645694
2218	105-109	-0.20490461603458243
2218	110-114	-0.09837400251559814
2218	115-119	-0.7804809825514809
2218	120-124	-0.1955348115260236
2218	125-129	-0.11255681240432125
2218	130-134	-0.14106803435523574
2218	135-139	-0.16635367838184578
2218	140-144	-0.22386698022243223
2218	145-149	-0.1183286020323564
2218	150-151	-0.1319907797289872
2219	1	-0.11379698387517578
2219	2	0.19846960229595823
2219	3	0.0750250086548121
2219	4	-0.06356071351108739
2219	5	-0.02728322490465729
2219	6	0.10331625514946552
2219	7	0.1717879455472371
2219	8	-0.03791012748874323
2219	9	0.06277324622040936
2219	10-14	-0.01439671963880329
2219	15-19	0.006739325468664958
2219	20-24	0.015957162491929466
2219	25-29	-0.0053873698727571195
2219	30-34	0.03510034805739082
2219	35-39	0.03542784467100546
2219	40-44	0.08304432973558562
2219	45-49	0.09185206459451933
2219	50-54	0.006522308938109234
2219	55-59	0.13288760015905865
2219	60-64	0.024069597394145603
2219	65-69	0.05031871589709169
2219	70-74	0.09471252830739729
2219	75-79	0.056535663676477554
2219	80-84	0.05770339305503569
2219	85-89	0.02497759237171948
2219	90-94	0.05312184599690539
2219	95-99	0.03716096447701034
2219	100-104	0.061572494238923525
2219	105-109	0.07301729244829858
2219	110-114	0.06961121109097235
2219	115-119	0.018296544655683533
2219	120-124	0.10787693131138099
2219	125-129	0.03675658127639281
2219	130-134	0.056533736083899555
2219	135-139	0.07888048043160012
2219	140-144	-0.0026142752874420694
2219	145-149	0.04788729474346809
2219	150-151	-0.01113656388832851
2220	1	-0.09499568339271747
2220	2	-0.16031178715955008
2220	3	-0.16772243458832037
2220	4	7.449416382812046E-4
2220	5	0.09338038316835906
2220	6	-0.08972880921327686
2220	7	-0.02151053188576668
2220	8	0.05241353112764813
2220	9	0.04580849430762868
2220	10-14	-0.11741999326225994
2220	15-19	-0.008719985721192813
2220	20-24	-0.10823752001072506
2220	25-29	-0.005000845321625036
2220	30-34	0.015095753205017104
2220	35-39	0.019070170223251637
2220	40-44	-0.034980997647636514
2220	45-49	0.03517107962526467
2220	50-54	0.017071533034624053
2220	55-59	-0.037059002086841986
2220	60-64	-0.010822319146626569
2220	65-69	-0.03127138149986308
2220	70-74	0.031508523823944756
2220	75-79	0.0229085846798327
2220	80-84	0.028116442435774047
2220	85-89	0.040874667678558296
2220	90-94	0.0010151061839067665
2220	95-99	0.011190301913217127
2220	100-104	0.011567690529631136
2220	105-109	0.03446731646684498
2220	110-114	0.0398460358948185
2220	115-119	0.0734509247335211
2220	120-124	-0.013840429572503865
2220	125-129	-0.04522505323790682
2220	130-134	0.05111459504281868
2220	135-139	0.030274182699088215
2220	140-144	-0.049335848119334
2220	145-149	-0.03028701724700511
2220	150-151	-0.058036082821210755
2221	1	-0.3344766146776337
2221	2	-0.2866507122210393
2221	3	-0.23561589585840892
2221	4	-0.018407036936167742
2221	5	-0.07188594301257467
2221	6	0.0800901718342999
2221	7	0.005791634754061192
2221	8	-0.16930956891653182
2221	9	0.02904019113494627
2221	10-14	-0.010813551558399581
2221	15-19	-0.006134275937810685
2221	20-24	-0.09732986541245481
2221	25-29	-0.07806792816811736
2221	30-34	-0.10194766354319285
2221	35-39	-0.08378129459482864
2221	40-44	-0.07752877781551604
2221	45-49	-0.08570053082823392
2221	50-54	-0.058522906340606085
2221	55-59	-0.04292020116365336
2221	60-64	-0.11081887850661332
2221	65-69	-0.07618467049022115
2221	70-74	-0.02765507035119441
2221	75-79	-0.0930420847998974
2221	80-84	-0.048108872692438354
2221	85-89	-0.008259323229886206
2221	90-94	-0.0054923827131503344
2221	95-99	-0.04888822725445863
2221	100-104	-0.06697303770248197
2221	105-109	-0.03804485995816265
2221	110-114	-0.11662161039087238
2221	115-119	-0.09635099073958742
2221	120-124	-0.08981416510288653
2221	125-129	-0.2625683561697443
2221	130-134	-0.07996553195808787
2221	135-139	-0.08658646725157126
2221	140-144	-0.21594650116657732
2221	145-149	-0.14924342984304673
2221	150-151	-0.13416918879705264
2222	1	-0.10401831970320785
2222	2	0.08022507400959
2222	3	-0.07266928129889294
2222	4	-0.008140058927253335
2222	5	-0.10368674900692554
2222	6	7.019634138316633E-4
2222	7	-0.08900110519996929
2222	8	0.02512894810263333
2222	9	-0.0015981620840506139
2222	10-14	-0.02203487890876943
2222	15-19	0.05457664928924544
2222	20-24	0.007190084268785313
2222	25-29	-0.006033249681820507
2222	30-34	-0.07628184432898877
2222	35-39	-0.028502194154434335
2222	40-44	-0.07772875220904041
2222	45-49	-0.03050597240786601
2222	50-54	0.01701538855252238
2222	55-59	-0.059363624058690334
2222	60-64	-0.032282593518708325
2222	65-69	0.025017004904995588
2222	70-74	0.02001362247879257
2222	75-79	-0.03543970461686996
2222	80-84	-0.07668895288541933
2222	85-89	-0.043067874167476816
2222	90-94	0.005615138071789261
2222	95-99	-0.06276124757909685
2222	100-104	-0.05696618898595318
2222	105-109	-0.03190418284974328
2222	110-114	-0.005996751378908982
2222	115-119	0.03454606918973013
2222	120-124	-0.06246482162450917
2222	125-129	0.05551286513728115
2222	130-134	0.00985548689519078
2222	135-139	0.006920258513218869
2222	140-144	0.002142645954840816
2222	145-149	-0.020055094203101476
2222	150-151	-0.05345594679348409
2223	1	-0.32696946651222447
2223	2	-0.36736095225663945
2223	3	-0.09065404040040193
2223	4	-0.15309904652583128
2223	5	-0.0622710832257809
2223	6	0.07679004965420688
2223	7	0.06790614815398754
2223	8	-0.011247991827602277
2223	9	0.04356744653333067
2223	10-14	0.04809320949343743
2223	15-19	-3.2828670484263967E-5
2223	20-24	0.003564862369451305
2223	25-29	-0.03144971367695604
2223	30-34	0.032899695309410504
2223	35-39	-0.028337562517720016
2223	40-44	0.016844639826281593
2223	45-49	-0.023292113417355154
2223	50-54	-0.10448109639573744
2223	55-59	-0.05850886990444337
2223	60-64	-0.041917701630978854
2223	65-69	-0.07637612796021642
2223	70-74	-0.10054662396977676
2223	75-79	-0.05399651708231801
2223	80-84	-0.029228479029015375
2223	85-89	-0.08133225760952456
2223	90-94	-0.013711618310800588
2223	95-99	-0.03745620095425295
2223	100-104	-0.06095892191269314
2223	105-109	-0.025413705293274802
2223	110-114	0.05959315786581243
2223	115-119	-0.07571389081642366
2223	120-124	-0.04475112269253856
2223	125-129	-0.027414917282889917
2223	130-134	-0.05505926634443625
2223	135-139	-0.024392179905817102
2223	140-144	-0.005748031986605895
2223	145-149	-0.08757900944275576
2223	150-151	0.02425766899119708
2224	1	-0.23769409431858435
2224	2	-0.12538398227060554
2224	3	-0.11441083981897293
2224	4	0.07211927300993182
2224	5	-0.07943003347504174
2224	6	0.05826837668494278
2224	7	0.03624555695944309
2224	8	0.08796390019933398
2224	9	-0.019061018473081504
2224	10-14	-0.1460959137080522
2224	15-19	-0.10239942379421052
2224	20-24	-0.09038919116284205
2224	25-29	-0.20402037652799976
2224	30-34	-0.14470111778182115
2224	35-39	-0.14436772411392695
2224	40-44	-0.16096342067861968
2224	45-49	-0.11327837262992801
2224	50-54	-0.13581236293294552
2224	55-59	-0.10708993487224916
2224	60-64	-0.12758185861663662
2224	65-69	-0.08517818112911613
2224	70-74	-0.13597855029190953
2224	75-79	-0.09911399513679697
2224	80-84	-0.12346983993477068
2224	85-89	-0.18179671893658877
2224	90-94	-0.2039374896016426
2224	95-99	-0.200512788015196
2224	100-104	-0.1740558228541076
2224	105-109	-0.11770523710717384
2224	110-114	-0.18828269809439035
2224	115-119	-0.16459975143259697
2224	120-124	-0.13990437221842456
2224	125-129	-0.17028730965618877
2224	130-134	-0.14246657280941832
2224	135-139	-0.14498405580720686
2224	140-144	-0.19114759364413203
2224	145-149	-0.19829001002191404
2224	150-151	-0.14307332500146686
2225	1	-0.3072720113289975
2225	2	-0.01573270799470805
2225	3	-0.05003928192470397
2225	4	0.071662183665687
2225	5	0.05783055204526022
2225	6	0.044421914110529315
2225	7	-0.13992336542455774
2225	8	-0.009775179824750069
2225	9	-0.059619336384294286
2225	10-14	-0.03054595718728592
2225	15-19	-0.04718080130540869
2225	20-24	0.004906133147628111
2225	25-29	-0.1097797022654774
2225	30-34	-0.010273371343771487
2225	35-39	0.0451861120920114
2225	40-44	-0.0015306574062989853
2225	45-49	0.06589396120136826
2225	50-54	0.018639241339165835
2225	55-59	0.014415561348400274
2225	60-64	-0.07168986548412448
2225	65-69	-0.01966724443040846
2225	70-74	0.037030881356514556
2225	75-79	-0.057249070612286346
2225	80-84	-0.028114313613109232
2225	85-89	-0.06254322387538025
2225	90-94	-0.025911223687131724
2225	95-99	-0.07154224240660056
2225	100-104	-0.05586366695319356
2225	105-109	-0.01035167292513961
2225	110-114	-0.07405272641163663
2225	115-119	-0.06771910749404952
2225	120-124	-0.08442710405191178
2225	125-129	-0.03933232738233272
2225	130-134	-0.06670122687082625
2225	135-139	-0.01568797339734118
2225	140-144	-0.04398043272638574
2225	145-149	-0.08207114226566148
2225	150-151	-0.03455362556558583
2226	1	-0.1047370484416561
2226	2	-0.09330350050501579
2226	3	-0.2657677356956185
2226	4	0.03885726333712114
2226	5	0.03831466826154184
2226	6	-0.01792845455923242
2226	7	0.02346244522578189
2226	8	0.029764344685439426
2226	9	0.05565786887780888
2226	10-14	-0.08449267546680517
2226	15-19	-0.018992101354278645
2226	20-24	-0.1144107426730443
2226	25-29	-0.15434602050896729
2226	30-34	-0.1233456557313346
2226	35-39	-0.12437522412771074
2226	40-44	-0.19401421672787222
2226	45-49	-0.13292454845010582
2226	50-54	-0.10441046697357592
2226	55-59	-0.13630690034460713
2226	60-64	-0.07297017734516231
2226	65-69	-0.17261455509304113
2226	70-74	-0.13425409859254245
2226	75-79	-0.11959234160435273
2226	80-84	-0.14983238839533186
2226	85-89	-0.11020467556885905
2226	90-94	-0.15999126911226114
2226	95-99	-0.14778658815085777
2226	100-104	-0.14332561930594778
2226	105-109	-0.14787900580896007
2226	110-114	-0.16665012156391867
2226	115-119	-0.1332585173494465
2226	120-124	-0.20233481786262786
2226	125-129	-0.03141131907531758
2226	130-134	-0.022079219156204033
2226	135-139	-0.22168824092518946
2226	140-144	-0.19760256874518944
2226	145-149	-0.2173130229318616
2226	150-151	-0.3036839143591692
2227	1	0.17699903862088462
2227	2	0.14645180856550155
2227	3	-0.027368936746675843
2227	4	0.1708963794608067
2227	5	0.05730307781831101
2227	6	0.14032832747910362
2227	7	0.002359355237800287
2227	8	0.01630579713484792
2227	9	0.165951840877419
2227	10-14	0.06005146951174822
2227	15-19	0.04551658037880202
2227	20-24	0.11030984424640877
2227	25-29	0.12244980149449702
2227	30-34	0.08768742986472944
2227	35-39	0.12124955260479453
2227	40-44	0.07585616347063961
2227	45-49	0.09543307023940883
2227	50-54	0.07936892322526035
2227	55-59	0.029929931569029122
2227	60-64	0.0641217682223072
2227	65-69	0.06630608360055845
2227	70-74	0.08381480747698333
2227	75-79	0.0865370896791191
2227	80-84	0.05251302170308492
2227	85-89	0.06792573109046884
2227	90-94	0.07598630270729956
2227	95-99	0.03030502204578056
2227	100-104	0.10783229800705385
2227	105-109	0.02434177065306642
2227	110-114	0.07295737844803085
2227	115-119	0.09324779971191077
2227	120-124	0.0685426310786994
2227	125-129	0.012586601762137661
2227	130-134	0.03771050128387543
2227	135-139	0.06778937973146526
2227	140-144	-0.01407071090689982
2227	145-149	0.056185099742826594
2227	150-151	0.03933419088443202
2228	1	0.05650584082095378
2228	2	0.18341917720368883
2228	3	0.04854283991323172
2228	4	0.07048401969682772
2228	5	0.11252946720929202
2228	6	0.07605003876191319
2228	7	0.09445507825621036
2228	8	0.14961707259075752
2228	9	0.014781854295961239
2228	10-14	0.09131483444095068
2228	15-19	-0.01749542278282945
2228	20-24	0.02946690654561479
2228	25-29	0.02476118111261627
2228	30-34	0.03477466672752172
2228	35-39	-0.018674184326428644
2228	40-44	0.010723336243053438
2228	45-49	-0.002987544889435867
2228	50-54	-0.006571835034698381
2228	55-59	-0.009568374263437818
2228	60-64	0.009650248414132534
2228	65-69	0.052535432423418627
2228	70-74	-0.05336885090368071
2228	75-79	-0.01119728037444645
2228	80-84	0.023556747360274244
2228	85-89	8.305697309651805E-4
2228	90-94	-0.061870529413880604
2228	95-99	0.0695892847714461
2228	100-104	-0.01830935032911185
2228	105-109	-0.04697379791935674
2228	110-114	-0.011893557275719502
2228	115-119	-0.01786998322632627
2228	120-124	-0.005462364622054849
2228	125-129	0.009648819273238018
2228	130-134	0.04196031900001884
2228	135-139	0.05737070896366703
2228	140-144	-0.027996584184393214
2228	145-149	-0.03250390665191105
2228	150-151	-0.11406200739954642
2229	1	-0.33722112060584664
2229	2	-0.06824120333107686
2229	3	0.01848163530063829
2229	4	0.03713345127285095
2229	5	-0.044975212318227875
2229	6	-0.06182534218035585
2229	7	-0.04665622435590677
2229	8	0.043847058174740994
2229	9	7.666526788057126E-4
2229	10-14	0.018922643941095885
2229	15-19	-0.05022232141511296
2229	20-24	0.010766966801618594
2229	25-29	-0.010420849501720397
2229	30-34	0.017597293595827068
2229	35-39	-0.0033416339204634937
2229	40-44	-0.03686475310686177
2229	45-49	-0.012557963595256183
2229	50-54	-0.03623168916437436
2229	55-59	0.035130632915183924
2229	60-64	-0.03970837908478586
2229	65-69	-0.005450359983250053
2229	70-74	-0.020867478108677062
2229	75-79	-0.0029623807855543305
2229	80-84	0.03070864195099432
2229	85-89	0.04562042855019399
2229	90-94	0.015181815827702394
2229	95-99	-0.021533841914489926
2229	100-104	0.05965231295066076
2229	105-109	-0.0656507575424854
2229	110-114	0.09530336231924252
2229	115-119	-0.02216459371994972
2229	120-124	-0.009791712507684736
2229	125-129	0.07511597707318174
2229	130-134	-0.04464641230491395
2229	135-139	0.0011867183587952468
2229	140-144	-0.029943481400458438
2229	145-149	-0.08067611860879254
2229	150-151	-0.026001382634184722
2230	1	-0.09227008041992946
2230	2	-0.04868551986390912
2230	3	0.10045385307733312
2230	4	0.05318845087611379
2230	5	-0.1419130889645146
2230	6	-0.02678891650903381
2230	7	0.0014657387705838687
2230	8	0.20590599285329603
2230	9	0.20562457440496473
2230	10-14	0.023453763447150777
2230	15-19	-0.010605823147962212
2230	20-24	-0.013235647616134827
2230	25-29	0.0412929793426855
2230	30-34	0.008340318116751178
2230	35-39	-0.02895970030031947
2230	40-44	0.00814196449432103
2230	45-49	0.06538288654776636
2230	50-54	0.07014767845315362
2230	55-59	0.07181532525711276
2230	60-64	-0.02884778645653796
2230	65-69	0.06109679300457316
2230	70-74	0.011202713090803229
2230	75-79	0.024554097174124934
2230	80-84	0.002098250716286998
2230	85-89	-0.04126323658377373
2230	90-94	0.04132330370575943
2230	95-99	0.09704775575835356
2230	100-104	-0.04426944817709
2230	105-109	-0.04565745497069429
2230	110-114	-0.01245207127200132
2230	115-119	-0.033744420205458425
2230	120-124	-0.047001978131994804
2230	125-129	0.012995582059403432
2230	130-134	-0.11160294223018496
2230	135-139	-0.08511031661711144
2230	140-144	-0.08407322591643407
2230	145-149	-0.08677050931093078
2230	150-151	-0.14500984049082177
2231	1	-0.35486734155717414
2231	2	0.027858944213477344
2231	3	-0.027571615113913595
2231	4	-0.10773433644574482
2231	5	0.09930132218542553
2231	6	-0.05257491688117
2231	7	0.07452380956053162
2231	8	0.018433919990805236
2231	9	-0.1367373449991831
2231	10-14	-0.06900315915545718
2231	15-19	-0.09063179114160391
2231	20-24	-0.11437446365490445
2231	25-29	-0.05913796440102459
2231	30-34	-0.0666724146207116
2231	35-39	-0.10493183631719205
2231	40-44	-0.06327979673866935
2231	45-49	-0.05680412918378153
2231	50-54	-0.05531304291923789
2231	55-59	-0.07474248951993445
2231	60-64	-0.09427137577108624
2231	65-69	-0.10719536322170597
2231	70-74	-0.0865363601832172
2231	75-79	-0.08504767712435068
2231	80-84	-0.00928963803965388
2231	85-89	-0.07369769524210312
2231	90-94	-0.047844701878986484
2231	95-99	-0.06991340497836518
2231	100-104	-0.08260374806666704
2231	105-109	-0.037832831282507584
2231	110-114	-0.044177571108342306
2231	115-119	-8.59052871071242E-4
2231	120-124	-0.053641200939274825
2231	125-129	-0.009500958031402718
2231	130-134	0.024836590508911627
2231	135-139	0.011138584972073318
2231	140-144	-0.07150428238731621
2231	145-149	-0.10515400170728384
2231	150-151	-0.035270620535676755
2232	1	-0.26341384080085817
2232	2	-0.06478632632096293
2232	3	-0.24881477659332063
2232	4	0.14955312004251908
2232	5	0.05408417472144578
2232	6	-0.08385752540097258
2232	7	-0.06217380177692178
2232	8	-0.056221558779789405
2232	9	0.0643427974739268
2232	10-14	-0.07718808299813418
2232	15-19	-0.04396402797483745
2232	20-24	-0.025218220479942488
2232	25-29	-0.05797747183880375
2232	30-34	-0.14680625953425874
2232	35-39	-0.14914919139717853
2232	40-44	-0.08314622145629613
2232	45-49	-0.07260020173613668
2232	50-54	-0.09121389414484327
2232	55-59	-0.05820978460698001
2232	60-64	-0.08025379042608449
2232	65-69	-0.15720116029189057
2232	70-74	-0.034539606542523416
2232	75-79	-0.034291226872653624
2232	80-84	-0.08924714416702528
2232	85-89	-0.060885900496138845
2232	90-94	-0.11960110629338772
2232	95-99	-0.11524164048501717
2232	100-104	-0.06426990692796153
2232	105-109	-0.10008311911378343
2232	110-114	-0.06763440450593095
2232	115-119	-0.004852829783636992
2232	120-124	-0.15808229596539292
2232	125-129	-0.1174440227132294
2232	130-134	-0.022291702698808535
2232	135-139	-0.0585837218843821
2232	140-144	-0.09607954588438616
2232	145-149	-0.03379018027861491
2232	150-151	-0.11472283784760862
2233	1	-0.244886460571351
2233	2	-0.10814511436059604
2233	3	0.06164685301724404
2233	4	0.06065600986881492
2233	5	0.1616695163493418
2233	6	0.04329000600187527
2233	7	0.29429127809241606
2233	8	0.303589226562913
2233	9	-0.027806188292082368
2233	10-14	0.01006995319606574
2233	15-19	0.02836862308122079
2233	20-24	0.05239892947763991
2233	25-29	0.08831564466707675
2233	30-34	0.10029473224759045
2233	35-39	0.05601869036645013
2233	40-44	0.07100179652150729
2233	45-49	0.0730157311138413
2233	50-54	0.056327427864559354
2233	55-59	0.042847678152618585
2233	60-64	0.016202254966138696
2233	65-69	-0.004467024579035694
2233	70-74	-0.041575239110066775
2233	75-79	0.0025619333847615167
2233	80-84	0.007831931635458034
2233	85-89	0.00803777693817409
2233	90-94	-0.00683367437701321
2233	95-99	-0.020173204991046134
2233	100-104	3.6268016501139755E-5
2233	105-109	0.025098274152711042
2233	110-114	-0.06824081362297818
2233	115-119	0.06730610194976094
2233	120-124	-0.03887759803728841
2233	125-129	-0.027042417418002174
2233	130-134	0.02558030262000699
2233	135-139	-0.09267024107727906
2233	140-144	-0.11775907394688545
2233	145-149	-0.11505918920719438
2233	150-151	-0.11242400576154665
2234	1	-0.31415442659201886
2234	2	-0.044605380546094864
2234	3	-0.2450290606528398
2234	4	-0.019814741709346606
2234	5	-0.023687894653370734
2234	6	-0.2302439927610962
2234	7	-0.10203965279305294
2234	8	-0.1978465821168598
2234	9	-0.017915440682763517
2234	10-14	-0.12399632108669323
2234	15-19	-0.0204157301161203
2234	20-24	-0.10333533783032323
2234	25-29	-0.08536981128315801
2234	30-34	-0.08725877387377068
2234	35-39	-0.010673207799221984
2234	40-44	-0.02676876186520616
2234	45-49	-0.13376745052363503
2234	50-54	-0.07730295522460295
2234	55-59	-0.11348505303440248
2234	60-64	-0.05325174221475493
2234	65-69	-0.0557390671916238
2234	70-74	-0.12479826987681264
2234	75-79	-0.12275760309213979
2234	80-84	-0.02762800790441844
2234	85-89	-0.12743709692137628
2234	90-94	-0.08207427717798765
2234	95-99	-0.06590795647100833
2234	100-104	-0.07220110447066475
2234	105-109	-0.05930368135665276
2234	110-114	-0.17983168691243634
2234	115-119	-0.10691180682267998
2234	120-124	-0.07171455277266148
2234	125-129	-0.17107636128541515
2234	130-134	-0.040704618286063976
2234	135-139	-0.12220773406190233
2234	140-144	-0.16525921203820104
2234	145-149	-0.1582020520003553
2234	150-151	-0.26048107804842147
2235	1	0.15943101837299167
2235	2	-0.0026447700542817643
2235	3	-0.12843468034787264
2235	4	-0.0035927707978729018
2235	5	0.155068614226046
2235	6	0.17481094349296455
2235	7	-0.04898822936619496
2235	8	-0.038590130541820145
2235	9	-0.04861125387326126
2235	10-14	-0.04611594776595496
2235	15-19	-0.045049707053529175
2235	20-24	0.016181979827848636
2235	25-29	0.007347838326140277
2235	30-34	-0.01996962980782513
2235	35-39	-0.032930503060356386
2235	40-44	-0.012635708011522695
2235	45-49	0.02553650154506215
2235	50-54	0.03413209820654117
2235	55-59	-6.155951614061905E-4
2235	60-64	-0.020912743342890394
2235	65-69	0.05823339633034408
2235	70-74	-0.0052262714178183955
2235	75-79	-0.009777678954847602
2235	80-84	-0.03639737229533324
2235	85-89	-0.030294721095806665
2235	90-94	-0.06070844466970726
2235	95-99	-0.039240847939289836
2235	100-104	-0.032192432868910714
2235	105-109	-0.03976496085977743
2235	110-114	-0.01908283610679007
2235	115-119	-0.05187033364458671
2235	120-124	-0.1209488144368649
2235	125-129	-0.1163778858579434
2235	130-134	-0.16289908585938662
2235	135-139	-0.09731858005397243
2235	140-144	-0.05257312816392101
2235	145-149	-0.1170997643820968
2235	150-151	-0.07582567065574608
2236	1	-0.059569444705410035
2236	2	0.07597565209906776
2236	3	-0.060730243106867476
2236	4	-0.023065811323171204
2236	5	-0.023608406398750503
2236	6	0.22031928088318153
2236	7	0.08934951706473271
2236	8	-0.04708385919370528
2236	9	0.15184232548531185
2236	10-14	0.0887847278535645
2236	15-19	-0.006681484522587766
2236	20-24	-0.04635497739083405
2236	25-29	0.01279712332516425
2236	30-34	0.029597174199196274
2236	35-39	0.029172664475076715
2236	40-44	0.0337069620906334
2236	45-49	1.946349037211803E-4
2236	50-54	-0.06287530708996059
2236	55-59	-0.014526945331795105
2236	60-64	-0.04497065584877902
2236	65-69	-0.041284922972110394
2236	70-74	-0.02127965604599069
2236	75-79	-0.07989170706409965
2236	80-84	-0.03441365524020057
2236	85-89	-0.04931339067551477
2236	90-94	-0.05907302590038199
2236	95-99	-0.08624370161047068
2236	100-104	-0.08346194054136902
2236	105-109	-0.03200582495616544
2236	110-114	-0.0050131685337575504
2236	115-119	0.006195740123409621
2236	120-124	-0.11656500555762506
2236	125-129	-0.003611566302183178
2236	130-134	-0.11028704661249833
2236	135-139	-0.019214272633249152
2236	140-144	-0.11447681577202218
2236	145-149	-0.01769543360955339
2236	150-151	0.029874943219979855
2237	1	-0.2885709074816063
2237	2	-0.08660935572806494
2237	3	-0.12246453109413835
2237	4	-0.09094632560448446
2237	5	-0.09471472713168083
2237	6	-0.2697030457008509
2237	7	-0.13184277384809207
2237	8	-0.14970659124903563
2237	9	-0.2733584854572797
2237	10-14	-0.0011857599951312636
2237	15-19	-0.03438903193450216
2237	20-24	-0.1022099315828413
2237	25-29	-0.0515501448761313
2237	30-34	-0.21743980580952638
2237	35-39	-0.06881024413990389
2237	40-44	-0.05206972074356031
2237	45-49	-0.06191227607222771
2237	50-54	-0.055942261179311004
2237	55-59	-0.07711374955074746
2237	60-64	-0.021472311095536156
2237	65-69	-0.10816151085415981
2237	70-74	0.008225822949057715
2237	75-79	-0.09070957859643158
2237	80-84	0.012040010682248692
2237	85-89	0.02201362962370723
2237	90-94	-0.044764508436891504
2237	95-99	-0.08734976571599873
2237	100-104	-0.009206288322829437
2237	105-109	0.07537118636111018
2237	110-114	-1.1209839748715922E-4
2237	115-119	-0.08316654078094388
2237	120-124	-0.08443782101686281
2237	125-129	-0.09070731398612963
2237	130-134	-0.015300519551132652
2237	135-139	-0.05442765831856633
2237	140-144	-0.08989191059585266
2237	145-149	-0.05529802041377252
2237	150-151	-0.07966133106338447
2238	1	-0.19372589842624421
2238	2	0.03495945185218119
2238	3	-0.0775499664074033
2238	4	-0.1630558297909488
2238	5	0.06097439856716136
2238	6	-0.16093641140599146
2238	7	-0.0578670789479645
2238	8	-0.14027589753003866
2238	9	-0.027115801922278138
2238	10-14	-0.026573302975251067
2238	15-19	0.04665666480295272
2238	20-24	0.006519956340731881
2238	25-29	0.022765191484403147
2238	30-34	0.010742823655817801
2238	35-39	-0.01958847978913525
2238	40-44	-0.03620001287720953
2238	45-49	-0.02945893084007878
2238	50-54	-0.0770850733266144
2238	55-59	-7.143689895769967E-4
2238	60-64	-0.05129514109106026
2238	65-69	-0.03988517814202197
2238	70-74	-0.01815754669318892
2238	75-79	-0.08553936415510321
2238	80-84	-0.043140440248222944
2238	85-89	-0.07023551077367785
2238	90-94	-0.08495768936027304
2238	95-99	-0.09681195632467876
2238	100-104	-0.13394027084205362
2238	105-109	-0.04436738945452845
2238	110-114	-0.05495500766019745
2238	115-119	-0.06794671873836933
2238	120-124	-0.08488665169483767
2238	125-129	-0.0620026235743012
2238	130-134	-0.1124154044562502
2238	135-139	-0.05912279467385417
2238	140-144	-0.13668578970028733
2238	145-149	-0.08830098637088213
2238	150-151	-0.13884661151694644
2239	1	-0.019124365244039154
2239	2	-0.020027200155730895
2239	3	-0.16527389564263473
2239	4	0.1109848428063458
2239	5	0.0234857259916339
2239	6	0.04024408991248407
2239	7	-0.021755385780338088
2239	8	-0.13435434181543826
2239	9	0.14012732746752476
2239	10-14	-0.047343921609105166
2239	15-19	0.03987572154484553
2239	20-24	-0.005122867174598866
2239	25-29	0.07398011728807319
2239	30-34	0.04121053403295605
2239	35-39	0.03317486752262511
2239	40-44	0.09877934603818517
2239	45-49	0.0754962901161349
2239	50-54	0.002972400596490843
2239	55-59	-0.013251412729090362
2239	60-64	0.007115454574986302
2239	65-69	0.015288699524511173
2239	70-74	0.03155304271386683
2239	75-79	-0.08618050318376191
2239	80-84	0.016666183947968705
2239	85-89	-0.0100070845849487
2239	90-94	-0.05679601129588008
2239	95-99	-0.07273114450551077
2239	100-104	-0.07174162115268956
2239	105-109	-0.06429005001822219
2239	110-114	0.02663728125511966
2239	115-119	-0.009905131783213506
2239	120-124	-0.025413115007587805
2239	125-129	-0.0034897069087662658
2239	130-134	0.03970217761144568
2239	135-139	-0.0730574997254152
2239	140-144	-0.015342336747536933
2239	145-149	-0.042457368779295734
2239	150-151	-0.08882089520191272
2240	1	-0.2580873013584011
2240	2	0.014224904561146445
2240	3	-0.0055515590087580335
2240	4	-0.019719036023474246
2240	5	0.0684083196398646
2240	6	-0.06990962443913418
2240	7	0.01087664985019643
2240	8	-0.07484563463057015
2240	9	0.016678063088725992
2240	10-14	-0.058987550344191675
2240	15-19	-0.054084990406877864
2240	20-24	-0.07720331046943585
2240	25-29	-9.932650650767982E-5
2240	30-34	-0.04890704454039252
2240	35-39	9.656973824192505E-4
2240	40-44	0.02330609365338887
2240	45-49	-0.010212503838531006
2240	50-54	-0.05263276385424831
2240	55-59	-0.03459348894372738
2240	60-64	-0.0179456412507335
2240	65-69	-0.06955459311487999
2240	70-74	-0.02268577194474375
2240	75-79	-0.01787839050383866
2240	80-84	0.023506719724039726
2240	85-89	0.01712989637513118
2240	90-94	-0.05165682264844662
2240	95-99	-0.09987691228096196
2240	100-104	0.02413022314494384
2240	105-109	-0.028337696524630474
2240	110-114	-0.010952714955571707
2240	115-119	0.03884521831646737
2240	120-124	-0.039366577836609906
2240	125-129	0.011227110506695226
2240	130-134	-0.01949459762730754
2240	135-139	-0.1190751502408105
2240	140-144	-0.15936592934684057
2240	145-149	-0.02928922757516972
2240	150-151	-0.16297612527917948
2241	1	0.2711623124790705
2241	2	0.19589848292847023
2241	3	0.1503526023490238
2241	4	-0.02536201354624268
2241	5	0.08612175052150661
2241	6	0.08251569267402203
2241	7	0.20961441911571654
2241	8	0.04149817040266157
2241	9	0.11037962369933041
2241	10-14	0.0990363795595357
2241	15-19	0.053025539995140036
2241	20-24	-0.015527676175494776
2241	25-29	0.1708455611343922
2241	30-34	0.04140007302343918
2241	35-39	0.04663323781790041
2241	40-44	0.014479676078458681
2241	45-49	0.04138367971243184
2241	50-54	-0.009184542095511006
2241	55-59	0.06561994870082799
2241	60-64	0.02302681203781276
2241	65-69	0.027236267750289755
2241	70-74	0.043941399289600724
2241	75-79	0.059927611178771656
2241	80-84	0.03156703411850259
2241	85-89	0.09500082205608607
2241	90-94	0.08329203617702063
2241	95-99	0.08560554065589798
2241	100-104	0.017560996579121024
2241	105-109	0.0682627206120543
2241	110-114	0.057305130703859675
2241	115-119	0.11775709210421326
2241	120-124	0.017528486045897296
2241	125-129	0.07814319353366983
2241	130-134	0.09205240599491304
2241	135-139	0.08692112203961955
2241	140-144	0.09324036341169517
2241	145-149	0.02334682201594518
2241	150-151	0.1146470071414285
2242	1	0.014320450809471197
2242	2	-0.09695027707880399
2242	3	0.035395000678434485
2242	4	0.21131929096687685
2242	5	0.06696398686120375
2242	6	-0.06343483985340015
2242	7	0.05182320953738895
2242	8	-0.03736437526025327
2242	9	0.10668251141401441
2242	10-14	0.0713851753808541
2242	15-19	-0.04574300755214722
2242	20-24	0.00691726660466685
2242	25-29	0.05993329454559415
2242	30-34	-0.06079615493025159
2242	35-39	0.03250597120155163
2242	40-44	0.019180683830825274
2242	45-49	-0.0074468536965781595
2242	50-54	-0.02512124488845302
2242	55-59	0.01082885482944107
2242	60-64	-0.035693909973510074
2242	65-69	-0.014142738602572535
2242	70-74	-0.011925218155695916
2242	75-79	0.04626096838814675
2242	80-84	-0.05089234448012547
2242	85-89	-0.0347562484645394
2242	90-94	-0.043418084874474516
2242	95-99	-0.027246194672734703
2242	100-104	-0.051005835199511296
2242	105-109	-0.03151413028577821
2242	110-114	0.0035603581781984417
2242	115-119	-0.027965332452104974
2242	120-124	-0.058189034740031786
2242	125-129	-0.061014790520815154
2242	130-134	-0.07133461168621125
2242	135-139	-0.09245549303644651
2242	140-144	-0.06952293875423265
2242	145-149	-0.12406271994986184
2242	150-151	-0.010225577476155934
2243	1	-0.08398686673457689
2243	2	0.11738045751472015
2243	3	0.03576976432182022
2243	4	-0.009961605740308244
2243	5	-0.14632763035748297
2243	6	-0.03727520189779909
2243	7	-0.07004311340666192
2243	8	-0.04732968123205694
2243	9	-0.022764257953035383
2243	10-14	-0.07663567510548575
2243	15-19	-0.009669167757927255
2243	20-24	-0.0025494901566958106
2243	25-29	-0.0068302806995532706
2243	30-34	-0.016030637728029262
2243	35-39	-0.02823299456435535
2243	40-44	0.03557034716815366
2243	45-49	-0.05573231002809109
2243	50-54	-0.05308996915893971
2243	55-59	-1.547164683336831
2243	60-64	-0.04595448427039628
2243	65-69	-0.0649357044025578
2243	70-74	-0.015848879937195193
2243	75-79	0.016556974884046838
2243	80-84	-0.06184793498837848
2243	85-89	-0.01907295781262519
2243	90-94	-0.03002766633162679
2243	95-99	-0.10755350086030546
2243	100-104	-0.05307725606476055
2243	105-109	-0.03858467102429586
2243	110-114	-0.0654092121496177
2243	115-119	-0.04095941005088832
2243	120-124	-0.001755308283414081
2243	125-129	0.005421718271932718
2243	130-134	0.032611195219658384
2243	135-139	-0.07901169906559602
2243	140-144	-0.08445897341418629
2243	145-149	-0.08989903908949515
2243	150-151	0.046145120549518026
2244	1	-0.215434314330885
2244	2	-0.03205973900514891
2244	3	0.05790854270959045
2244	4	-0.007805284869853324
2244	5	-0.06349792049692837
2244	6	-0.17122045668376984
2244	7	0.05811615140633819
2244	8	0.05682089220333353
2244	9	0.026754012253519477
2244	10-14	0.04546991852303961
2244	15-19	0.03300285253297375
2244	20-24	-0.033714523059181545
2244	25-29	-0.05867726728934031
2244	30-34	-0.051115603104349816
2244	35-39	-0.01712147036495537
2244	40-44	0.007071110693011917
2244	45-49	0.00998893524032951
2244	50-54	-0.07112264995048179
2244	55-59	0.11656492559248477
2244	60-64	0.0051467402609830515
2244	65-69	0.015246384915400313
2244	70-74	-0.008509127211837608
2244	75-79	-0.010102090958106658
2244	80-84	-0.03528856112006906
2244	85-89	-0.012965309758342869
2244	90-94	-0.09444245103689752
2244	95-99	-0.04457185712693246
2244	100-104	0.001507679706897136
2244	105-109	0.0052605200083917225
2244	110-114	-0.05713587989031055
2244	115-119	-0.049270195648425386
2244	120-124	-0.1608708587166774
2244	125-129	-0.04200522362167902
2244	130-134	-0.06687313289911856
2244	135-139	-0.047378499435176025
2244	140-144	-0.13308056664063628
2244	145-149	-0.1483692079186767
2244	150-151	-0.027841745996802558
2245	1	0.09401080318140487
2245	2	0.24871335810480844
2245	3	-0.04253059220066291
2245	4	-0.09320252549260744
2245	5	0.15398402889506713
2245	6	0.06785056235434439
2245	7	-0.05913293660347563
2245	8	0.1523817921184829
2245	9	2.1973568760103035E-4
2245	10-14	0.05193056615495095
2245	15-19	0.10624227783348772
2245	20-24	-0.018549400430231344
2245	25-29	0.022008364486964638
2245	30-34	0.012081783919029476
2245	35-39	0.051354375875547476
2245	40-44	0.06942357991438541
2245	45-49	0.03026321206074556
2245	50-54	0.03564613550696549
2245	55-59	-0.04788543917010202
2245	60-64	0.04022609864315996
2245	65-69	0.018663560401265045
2245	70-74	-0.12578286088994162
2245	75-79	0.06989935563547789
2245	80-84	0.09231277912208924
2245	85-89	-0.02049456142074746
2245	90-94	-0.007809712347274456
2245	95-99	0.014951717995145941
2245	100-104	0.04910435870309726
2245	105-109	0.019249079864216867
2245	110-114	0.0029315072603282033
2245	115-119	0.06085040069638126
2245	120-124	0.042279634565026925
2245	125-129	0.026390792084569625
2245	130-134	-0.027106811338782677
2245	135-139	-0.08386533978683275
2245	140-144	-0.09209749915236642
2245	145-149	0.06833693869759827
2245	150-151	-0.003347434257229054
2246	1	-0.18023801701021824
2246	2	-0.1813667559512666
2246	3	-0.07040522302165186
2246	4	-0.2197606955890734
2246	5	-0.14452075359710648
2246	6	0.07263101392608462
2246	7	-0.10340040790240579
2246	8	0.00525434832687921
2246	9	-0.02141609293987301
2246	10-14	-0.016284872499774394
2246	15-19	-0.036595547319521415
2246	20-24	-0.02014052625787599
2246	25-29	-0.05584307148505019
2246	30-34	-0.04986846074921658
2246	35-39	-0.036398063664805136
2246	40-44	0.00393601874731786
2246	45-49	-0.013970521276043257
2246	50-54	-0.005889649179536605
2246	55-59	-0.060903939272812124
2246	60-64	0.00787030462429783
2246	65-69	-0.010325511491885209
2246	70-74	-0.07269780993609487
2246	75-79	-0.012560032972785962
2246	80-84	0.04606456294880701
2246	85-89	-0.003186986840127304
2246	90-94	-0.018849644218363437
2246	95-99	0.035523168333007504
2246	100-104	0.051168904322125286
2246	105-109	0.005000776625230685
2246	110-114	0.06455389511901188
2246	115-119	-0.0015180314542675433
2246	120-124	-0.058254051021648934
2246	125-129	0.0616687289537623
2246	130-134	0.072283048499024
2246	135-139	0.03617977113351856
2246	140-144	-0.0649144965553532
2246	145-149	-0.025417593140559802
2246	150-151	-0.03527062053566965
2247	1	-0.18130552971918945
2247	2	-0.1987267399793211
2247	3	0.11364429001055498
2247	4	0.08286693397586475
2247	5	-1.1589193236005713E-4
2247	6	0.0721393604901408
2247	7	-0.0611888366622253
2247	8	0.11027532508742866
2247	9	0.17594609130521377
2247	10-14	-0.00490567595927871
2247	15-19	-0.0033510828346976496
2247	20-24	-0.027085606396013873
2247	25-29	0.01095497439626314
2247	30-34	-0.08498202318580184
2247	35-39	-0.05665961786009177
2247	40-44	0.02199192327420718
2247	45-49	0.012621138814878918
2247	50-54	0.004855015633701498
2247	55-59	0.017734533830896737
2247	60-64	0.009404480649813252
2247	65-69	0.01031361081165727
2247	70-74	0.0956215094634345
2247	75-79	0.052254014733897236
2247	80-84	-0.04604684408997883
2247	85-89	-0.0432418021237595
2247	90-94	-0.033862186813614414
2247	95-99	-0.03353756988056489
2247	100-104	-0.09109549929003435
2247	105-109	-0.07467641622378807
2247	110-114	0.022502586601049757
2247	115-119	-0.03836107313208714
2247	120-124	-0.03974723781871603
2247	125-129	-0.025256685046940675
2247	130-134	0.01040859940214034
2247	135-139	-0.07389844522386824
2247	140-144	-0.026694825256910804
2247	145-149	-0.10721568655743141
2247	150-151	-0.18622995590714453
2248	1	-0.029229993116324238
2248	2	0.2647830787114813
2248	3	0.022859209913050904
2248	4	0.05983111695758936
2248	5	0.066482766486331
2248	6	0.0179274950278554
2248	7	0.15079821013891603
2248	8	0.03926996943789618
2248	9	-0.036853495900537325
2248	10-14	0.036145407329080115
2248	15-19	0.11412802538738731
2248	20-24	0.06323448707578194
2248	25-29	0.022443821241289186
2248	30-34	0.014825220878798007
2248	35-39	0.05021969320054609
2248	40-44	0.04385044634857849
2248	45-49	0.05696449347986743
2248	50-54	0.04572401869999965
2248	55-59	0.03480084780362347
2248	60-64	0.04547593675780348
2248	65-69	0.027081004810725062
2248	70-74	0.01352171526745849
2248	75-79	-0.034158174558371
2248	80-84	-0.036467763743381454
2248	85-89	-0.018134896716510696
2248	90-94	0.015105531015422002
2248	95-99	0.025623081812433668
2248	100-104	0.035876097381510874
2248	105-109	-0.02785926153863727
2248	110-114	0.039697602229104234
2248	115-119	0.02146562445461342
2248	120-124	-0.0012630704947014237
2248	125-129	0.012987278726797058
2248	130-134	0.03893944331727539
2248	135-139	0.06753103279306316
2248	140-144	0.05016378678173794
2248	145-149	-0.052531717327212846
2248	150-151	-0.06907882932284082
2249	1	-0.3003330140033995
2249	2	-0.092279860783826
2249	3	-0.08958781876537358
2249	4	-0.23535900008656085
2249	5	-0.06507161933619443
2249	6	-0.09811665595272956
2249	7	0.023536602825245723
2249	8	-0.25545637680178856
2249	9	-0.16630642026531461
2249	10-14	-0.18250571528612625
2249	15-19	-0.13779575388089427
2249	20-24	-0.15530706968687014
2249	25-29	-0.14327482060590313
2249	30-34	-0.15719780534163874
2249	35-39	-0.18306513743615227
2249	40-44	-0.14767472191327613
2249	45-49	-0.1858508271886592
2249	50-54	-0.1921092441015162
2249	55-59	-0.16427914686300937
2249	60-64	-0.14800866315292893
2249	65-69	-0.18562921379923836
2249	70-74	-0.17118776130921276
2249	75-79	-0.15399828957352213
2249	80-84	-0.17187202695649262
2249	85-89	-0.27406913401643607
2249	90-94	-0.24022290567116755
2249	95-99	-0.2137852625837624
2249	100-104	-0.1775970242018019
2249	105-109	-0.22198734344055993
2249	110-114	-0.13301064535493623
2249	115-119	-0.2211421587789104
2249	120-124	-0.26624489647630867
2249	125-129	-0.19192173523849476
2249	130-134	-0.2480633798874905
2249	135-139	-0.18463274786653727
2249	140-144	-0.18137900477068314
2249	145-149	-0.14099425913904184
2249	150-151	-0.28984822508745367
2250	1	-0.10783898856055174
2250	2	-0.11311118289634692
2250	3	-0.23525996711695996
2250	4	0.08982765762237221
2250	5	0.10558498104720115
2250	6	-0.005809994198365587
2250	7	-0.042792638453605036
2250	8	0.13233195017116373
2250	9	0.09577683015646699
2250	10-14	0.025900498121970372
2250	15-19	0.0023352102507416816
2250	20-24	0.024779578630898413
2250	25-29	-0.6365589520901551
2250	30-34	-0.04717427487911863
2250	35-39	-0.04397390057968664
2250	40-44	-0.04294544701009073
2250	45-49	0.07851204761259112
2250	50-54	0.020978631635571787
2250	55-59	0.017946849339807613
2250	60-64	0.004453497985103638
2250	65-69	0.053033641234591755
2250	70-74	-0.012573398861277951
2250	75-79	-0.014232990011620927
2250	80-84	0.0014881795704368983
2250	85-89	-0.07456075847209576
2250	90-94	-0.013036454173935397
2250	95-99	-0.039930147975375974
2250	100-104	-0.03084627044549393
2250	105-109	-0.1178764409491393
2250	110-114	-0.03592932898875745
2250	115-119	-6.903046203632357E-5
2250	120-124	-0.07115864547726147
2250	125-129	-0.05346830985856599
2250	130-134	-0.06683823283032098
2250	135-139	-0.10023148091235612
2250	140-144	-0.028635765263672397
2250	145-149	-0.059098004639658086
2250	150-151	-0.140830718764839
2251	1	-0.12164927110357837
2251	2	0.0553617359819043
2251	3	-0.16629118685865762
2251	4	0.06168997329034909
2251	5	0.16907869464976955
2251	6	-0.04072353999040956
2251	7	-0.14986297799970316
2251	8	0.10131812322885025
2251	9	-0.03989766726827071
2251	10-14	0.08753631422742814
2251	15-19	-0.021329659159988523
2251	20-24	-0.009167967085176087
2251	25-29	-0.09152113108139304
2251	30-34	-0.040927527699118116
2251	35-39	-0.05635277572537234
2251	40-44	-0.07350986000977144
2251	45-49	-0.040708994875807036
2251	50-54	-0.05077886076257698
2251	55-59	-0.10284687539148507
2251	60-64	-0.13207131407603612
2251	65-69	-0.12587522382860783
2251	70-74	-0.12105595375022915
2251	75-79	-0.1162190344559022
2251	80-84	-0.11028847822657184
2251	85-89	-0.04989310421428428
2251	90-94	-0.07650137969476134
2251	95-99	-0.02830669341889802
2251	100-104	-0.02773502516770776
2251	105-109	-0.1491808142719151
2251	110-114	-0.08272808763601347
2251	115-119	-0.06315704535720812
2251	120-124	-0.031139480078401505
2251	125-129	-0.038278331842803937
2251	130-134	-0.09625058944801168
2251	135-139	-0.04090617492237669
2251	140-144	-0.07116482489964682
2251	145-149	-0.10244965705555842
2251	150-151	-0.03852240773893101
2252	1	-0.08961089266247768
2252	2	0.08055966171087192
2252	3	-0.09358840312039263
2252	4	-0.0027275317755979245
2252	5	-0.03280253046069248
2252	6	-0.07914759305590024
2252	7	-0.16903878326881738
2252	8	0.053693869202419364
2252	9	0.0991732036586015
2252	10-14	0.022259157838107058
2252	15-19	0.0441036511214179
2252	20-24	-0.011837071755905981
2252	25-29	-0.024612676300627356
2252	30-34	-0.011341999569616235
2252	35-39	0.004689980793280313
2252	40-44	-0.016990200248180543
2252	45-49	-0.018300643057330035
2252	50-54	-0.03572262054315445
2252	55-59	-0.02361299536300976
2252	60-64	-0.02404501743864529
2252	65-69	-0.05722975822773435
2252	70-74	0.014540358925131613
2252	75-79	-0.0016471530228514553
2252	80-84	-0.014759322457024382
2252	85-89	0.018906905444708855
2252	90-94	0.0735630472009916
2252	95-99	0.021457029912362202
2252	100-104	-0.02066570773058629
2252	105-109	-0.017277997263761335
2252	110-114	-0.02679870031868603
2252	115-119	2.106179813665676E-6
2252	120-124	0.001923289359169189
2252	125-129	-0.028895146424140705
2252	130-134	0.023774872758792753
2252	135-139	0.005682955881333385
2252	140-144	0.01859468603279879
2252	145-149	-0.022049720643998683
2252	150-151	-0.07336055570547728
2253	1	0.026395789658266722
2253	2	0.029330307325345473
2253	3	-0.09979246631681349
2253	4	-0.0034316331661941035
2253	5	0.05108650050316754
2253	6	0.17346007301404853
2253	7	-0.034781261506438454
2253	8	0.031813586366219226
2253	9	-0.030652464822566117
2253	10-14	0.01783474411875119
2253	15-19	0.031715186427781816
2253	20-24	0.014929940429702526
2253	25-29	0.010273023466560005
2253	30-34	-0.02262329803886587
2253	35-39	-0.017513391586682303
2253	40-44	-0.06856443146577362
2253	45-49	-0.039694697386060795
2253	50-54	-0.03706280447304522
2253	55-59	-0.03625440516000822
2253	60-64	-0.07818642889623817
2253	65-69	-0.0240424041544145
2253	70-74	-0.026380419704722158
2253	75-79	-0.0039837068450836455
2253	80-84	-0.023932302234037195
2253	85-89	0.009376826698279217
2253	90-94	0.027801770784734003
2253	95-99	-0.060360083072659165
2253	100-104	-7.329959106527895E-4
2253	105-109	0.03934663366422342
2253	110-114	-0.1259133260323253
2253	115-119	0.017998406326277916
2253	120-124	-0.0493666443158034
2253	125-129	-0.005172509232309608
2253	130-134	-0.07401019697049094
2253	135-139	-0.07521909099455115
2253	140-144	-0.08173205686723861
2253	145-149	-0.03801448900460258
2253	150-151	-0.1134996489424509
2254	1	0.0534304091740907
2254	2	0.13996733946613915
2254	3	-0.06695432701251036
2254	4	0.06598586662724415
2254	5	-0.07823019783609197
2254	6	0.14982295824911773
2254	7	0.07355551449951037
2254	8	0.170727905130164
2254	9	0.05907074429914161
2254	10-14	0.10270890754931372
2254	15-19	0.06693025707143363
2254	20-24	0.03395596703467163
2254	25-29	0.11714768264197772
2254	30-34	0.10304604014175567
2254	35-39	0.14380595072514524
2254	40-44	0.12661362356190864
2254	45-49	0.11891721701532276
2254	50-54	0.17748499359355918
2254	55-59	0.18164859409638012
2254	60-64	0.1315678469031596
2254	65-69	0.1913170934907953
2254	70-74	0.131477962514559
2254	75-79	0.19510213963925338
2254	80-84	0.13050742345379973
2254	85-89	0.12289578893904718
2254	90-94	0.18058901361708735
2254	95-99	0.13011698872772115
2254	100-104	0.162706812401332
2254	105-109	0.18061937595952315
2254	110-114	0.17319929067426898
2254	115-119	0.09676499312294595
2254	120-124	0.1711856154544975
2254	125-129	0.05566529957542343
2254	130-134	0.14150000711113364
2254	135-139	0.14456641673080384
2254	140-144	0.15486911639559509
2254	145-149	0.14522074192986878
2254	150-151	0.21146440955543966
2255	1	-0.28419849988338797
2255	2	0.08350107728558953
2255	3	0.019058810429200435
2255	4	0.12290007211287701
2255	5	0.08632144100126027
2255	6	0.2038141665260369
2255	7	0.08462706842820467
2255	8	0.10702903000271391
2255	9	0.2637581032722096
2255	10-14	0.15880050192662054
2255	15-19	0.06440465911726534
2255	20-24	0.1231606002393022
2255	25-29	0.14466290101433543
2255	30-34	0.14779677974963334
2255	35-39	0.15954039388814323
2255	40-44	0.14045306597277118
2255	45-49	0.13788059597870017
2255	50-54	0.11201948355662239
2255	55-59	0.14833498363992703
2255	60-64	0.1780368168006916
2255	65-69	0.18750676739475836
2255	70-74	0.17660657907174482
2255	75-79	0.1709485017713277
2255	80-84	0.15983848364201236
2255	85-89	0.18363155253194918
2255	90-94	0.17989851235517307
2255	95-99	0.12462613980829929
2255	100-104	0.17431964229988495
2255	105-109	0.15941440846884802
2255	110-114	0.18008023469807455
2255	115-119	0.19507022971389176
2255	120-124	0.19568423652454925
2255	125-129	0.1341369437613622
2255	130-134	0.10551478255448643
2255	135-139	0.147788399381362
2255	140-144	0.12990677371896453
2255	145-149	0.18174670759869826
2255	150-151	0.1807782874407522
2256	1	6.483843120292931E-4
2256	2	0.03264566160932958
2256	3	-0.052106224905216436
2256	4	0.16198001673028273
2256	5	-0.004686356846924866
2256	6	0.17389262520384818
2256	7	0.08158582760194832
2256	8	-0.03014160228192253
2256	9	0.0017071864981659246
2256	10-14	0.008111287393752775
2256	15-19	-0.02858047881902337
2256	20-24	-0.007484703044440266
2256	25-29	0.041905776107377335
2256	30-34	0.04581437092683416
2256	35-39	-0.012878753123821696
2256	40-44	-0.03598692154212557
2256	45-49	-0.005810563347637299
2256	50-54	0.031190238557996963
2256	55-59	0.046393658245825975
2256	60-64	-0.02246632181319086
2256	65-69	0.06647125157097378
2256	70-74	-0.00364136208825272
2256	75-79	-0.012455927235706099
2256	80-84	-0.05276612570527561
2256	85-89	-0.023862171574144497
2256	90-94	-0.04251169767719176
2256	95-99	0.03551458229283355
2256	100-104	-0.008168146051097835
2256	105-109	0.044966647115550984
2256	110-114	0.05911034565000506
2256	115-119	0.021339080738442817
2256	120-124	-0.009950062269361126
2256	125-129	0.010339234295891231
2256	130-134	-0.014726809348346137
2256	135-139	0.026854258251781005
2256	140-144	-0.014300862996819319
2256	145-149	-0.028434513005976214
2256	150-151	-0.07469127747507542
2257	1	-0.29518116660376137
2257	2	-0.14501760533145358
2257	3	0.015240386938643269
2257	4	0.037186937219416905
2257	5	-0.055158936544685844
2257	6	-0.06869828631428732
2257	7	-0.010954355022072093
2257	8	-0.04748554418399209
2257	9	0.10612327022754187
2257	10-14	-0.029742079402851118
2257	15-19	-0.011967032992139082
2257	20-24	-0.02329930228617627
2257	25-29	-0.0608891189639138
2257	30-34	-0.09515001204960782
2257	35-39	-0.10569020183424271
2257	40-44	-0.019187647766301552
2257	45-49	0.01100152614881722
2257	50-54	-0.1093320020571582
2257	55-59	-0.06117509275540556
2257	60-64	-0.06357701760002499
2257	65-69	-0.09082676733221717
2257	70-74	-0.03550765140313672
2257	75-79	-0.014294983144282014
2257	80-84	-0.0011593547328772047
2257	85-89	-0.08620424451695641
2257	90-94	-0.10699613191652446
2257	95-99	-0.07183416550447674
2257	100-104	-0.11981443216205889
2257	105-109	-0.17869544505084178
2257	110-114	-0.047208872591035345
2257	115-119	-0.07681011560907791
2257	120-124	-0.06767420388307954
2257	125-129	-0.06960736686819757
2257	130-134	-0.0792560986098394
2257	135-139	-0.10058313161312782
2257	140-144	-0.11521184713736687
2257	145-149	-0.14334667192090933
2257	150-151	0.03086220145908669
2258	1	-0.10944148657215891
2258	2	0.09396455280931093
2258	3	0.06388085043196412
2258	4	-0.02996692412761348
2258	5	0.17832582216227166
2258	6	0.1067576357345672
2258	7	0.12850183037525653
2258	8	0.07505050163864269
2258	9	0.089901004113905
2258	10-14	0.04548867969913317
2258	15-19	0.11401361089487949
2258	20-24	0.06303686204327619
2258	25-29	0.011139322671482432
2258	30-34	-0.015189514320994135
2258	35-39	0.005606131038227602
2258	40-44	0.05810776338650925
2258	45-49	0.048418077600516085
2258	50-54	0.10332189220842736
2258	55-59	0.09440328633472461
2258	60-64	0.11446498648187742
2258	65-69	0.0853428290862368
2258	70-74	0.04705209578232683
2258	75-79	0.09057037994742245
2258	80-84	0.06571535722972754
2258	85-89	0.11872563895133936
2258	90-94	0.05096291739547354
2258	95-99	0.056158460738203075
2258	100-104	0.050500927637791904
2258	105-109	0.07383730891584861
2258	110-114	0.10925699086278229
2258	115-119	0.0921437325705341
2258	120-124	0.08896546956481188
2258	125-129	0.043561373667714065
2258	130-134	0.07635124881264232
2258	135-139	0.09535340140419635
2258	140-144	0.03374068429985755
2258	145-149	0.0811315689112675
2258	150-151	-0.026817698468491358
2259	1	-0.19809895968149505
2259	2	0.08994131118317483
2259	3	0.04065488401552386
2259	4	-0.002444976059138071
2259	5	0.01325938256146486
2259	6	-0.010116032781901652
2259	7	0.08957700026684279
2259	8	-0.10330581558802265
2259	9	-0.003386524554784387
2259	10-14	-0.020387562882895338
2259	15-19	0.0050501861153406935
2259	20-24	-0.04742363143347461
2259	25-29	0.024219882114778102
2259	30-34	-0.03355914230490242
2259	35-39	-0.01867791008157127
2259	40-44	-0.04247406025248068
2259	45-49	-0.003204170938722939
2259	50-54	-0.024058400693476756
2259	55-59	-0.03686165972081312
2259	60-64	-0.03862542553173398
2259	65-69	-0.029821320607574364
2259	70-74	-0.03022233092531934
2259	75-79	-0.03248730978795322
2259	80-84	-0.07722599387738427
2259	85-89	-0.097768346739592
2259	90-94	-0.10010582548832758
2259	95-99	-0.06642526164115026
2259	100-104	-0.04953437196842714
2259	105-109	0.02045438648689668
2259	110-114	0.006666025865506242
2259	115-119	-0.03682236741023104
2259	120-124	-0.059577361385308336
2259	125-129	-0.04321432376050183
2259	130-134	-0.03696714254319744
2259	135-139	-0.0174978084718731
2259	140-144	-0.0065293152760190765
2259	145-149	-0.08426529066350241
2259	150-151	-0.14986651436571208
2260	1	-0.1094505624235893
2260	2	-0.14253852163536607
2260	3	-0.2753835518097745
2260	4	-0.1507665066384476
2260	5	-0.17014149342777074
2260	6	-0.3253436507673726
2260	7	-0.2288235162088199
2260	8	0.08750256979828919
2260	9	-0.14490942403938334
2260	10-14	-0.10700922151022496
2260	15-19	-0.08341157005490629
2260	20-24	-0.014590710393363793
2260	25-29	-0.04759777260227338
2260	30-34	0.005029667491001533
2260	35-39	-0.0534831072709423
2260	40-44	0.0237810781143466
2260	45-49	-0.08961654677268172
2260	50-54	-0.18267089248968915
2260	55-59	-0.06330778393504488
2260	60-64	-0.06551459285240924
2260	65-69	-0.0708162705892974
2260	70-74	-0.07529401181189144
2260	75-79	-0.00676449628064546
2260	80-84	-0.0909719569989349
2260	85-89	-0.08411601013086312
2260	90-94	-0.08886146487939328
2260	95-99	-0.11545862909003546
2260	100-104	-0.07966130320649256
2260	105-109	-0.09157371370571354
2260	110-114	0.03926947015848725
2260	115-119	-0.0860497192026699
2260	120-124	-0.09345914414426204
2260	125-129	-0.10759693187081609
2260	130-134	-0.05969757926804675
2260	135-139	-0.11427335420581386
2260	140-144	-0.10070534841858603
2260	145-149	-0.13163724646322095
2260	150-151	-0.09108834035807689
2261	1	-0.17760155398585908
2261	2	-0.1828235320864806
2261	3	-0.1551039982048792
2261	4	-0.2829288133163388
2261	5	-0.21686025102305706
2261	6	-0.19027729833977958
2261	7	-0.10537021066149777
2261	8	-0.29443276030170296
2261	9	-0.057882135104080135
2261	10-14	-0.08736018453381433
2261	15-19	-0.10301356525350513
2261	20-24	-0.08734866006179232
2261	25-29	-0.19661044408915274
2261	30-34	-0.14421131342415094
2261	35-39	-0.1558855308633369
2261	40-44	-0.1886338742715381
2261	45-49	-0.20570750048199926
2261	50-54	-0.15390578619879136
2261	55-59	-0.15811452847154328
2261	60-64	-0.10321011024139892
2261	65-69	-0.09837020790769913
2261	70-74	-0.14544772866116062
2261	75-79	-0.1780448637082941
2261	80-84	-0.1608503226421334
2261	85-89	-0.09279929508956286
2261	90-94	-0.09006761606224956
2261	95-99	-0.11453410135028008
2261	100-104	-0.19809619189779681
2261	105-109	-0.20451600442076767
2261	110-114	-0.10922386010144436
2261	115-119	-0.46994261448296015
2261	120-124	-0.18695185502078715
2261	125-129	-0.2197025061646869
2261	130-134	-0.2019036191187027
2261	135-139	-0.2001427881834701
2261	140-144	-0.21988036108066922
2261	145-149	-0.2534560070378191
2261	150-151	-0.14724211052136127
2262	1	-0.016988600621161254
2262	2	0.03900850621901952
2262	3	-0.11069020566486643
2262	4	-0.010264237666312681
2262	5	-0.1350913789397694
2262	6	-0.04072353999040956
2262	7	0.07254094677544032
2262	8	0.10785941513400132
2262	9	-0.02681508345796857
2262	10-14	-0.06160514121001626
2262	15-19	9.107333175251142E-4
2262	20-24	-6.642876084725913E-4
2262	25-29	0.020334960496697363
2262	30-34	-0.058916080438280005
2262	35-39	-0.0524280005822888
2262	40-44	0.0520829445691291
2262	45-49	-0.020430989969845825
2262	50-54	0.01921296262254657
2262	55-59	-0.007344013576279451
2262	60-64	-0.008440897068680897
2262	65-69	-0.049996237728848314
2262	70-74	-0.1164770494166234
2262	75-79	-0.0508061154043844
2262	80-84	-0.17635552646859765
2262	85-89	-0.13100512383816465
2262	90-94	-0.1196739062687655
2262	95-99	-0.06755444484980444
2262	100-104	-0.10295988207695217
2262	105-109	-0.13217345531852942
2262	110-114	-0.09973544658939915
2262	115-119	-0.41115377471125214
2262	120-124	-0.029177092506856184
2262	125-129	-0.15275094018294766
2262	130-134	-0.10082949378161743
2262	135-139	-0.06118417982834501
2262	140-144	-0.0888263130435547
2262	145-149	-0.0821716521495901
2262	150-151	-0.18570147560483719
2263	1	-0.042311591329813325
2263	2	-0.1272334667822861
2263	3	0.03908749712455517
2263	4	-0.2629836471041713
2263	5	-0.1718154838023267
2263	6	-0.05762476157955376
2263	7	-0.25841727461613573
2263	8	-0.02363843399808019
2263	9	-0.024920185406074324
2263	10-14	-0.0873278775350883
2263	15-19	-0.0728893448434178
2263	20-24	-0.07477066435862412
2263	25-29	-0.08716373081229989
2263	30-34	-0.15517718989099194
2263	35-39	-0.1180393503582593
2263	40-44	-0.05590086371449132
2263	45-49	-0.08199989056844714
2263	50-54	-0.15310104823057458
2263	55-59	-0.08217604687111191
2263	60-64	-0.10987533777812075
2263	65-69	-0.12847328191862317
2263	70-74	-0.04650137736954463
2263	75-79	-0.035879971723808524
2263	80-84	-0.06265760552074795
2263	85-89	-0.1285126262788907
2263	90-94	-0.08165134919470063
2263	95-99	-0.104207022358203
2263	100-104	-0.19057512259488618
2263	105-109	-0.0929487772276687
2263	110-114	-0.08064802603018961
2263	115-119	-0.19133175668808633
2263	120-124	-0.18461987711290107
2263	125-129	-0.17258362962588336
2263	130-134	-0.2228638124907718
2263	135-139	-0.18850287024324075
2263	140-144	-0.08040223659003942
2263	145-149	-0.28440082521550636
2263	150-151	-0.08209064209484751
2264	1	-0.25264173208997676
2264	2	-0.3513150042026325
2264	3	-0.06198794933571605
2264	4	-0.16820929377052352
2264	5	-0.14903126435965675
2264	6	-0.10338449400047978
2264	7	-0.1047216139360927
2264	8	-0.15100804644027477
2264	9	-0.1284012929956475
2264	10-14	-0.13576629913155358
2264	15-19	-0.07486720406586045
2264	20-24	-0.1163828051216882
2264	25-29	-0.07940764746049211
2264	30-34	-0.10395370831966488
2264	35-39	-0.1486973276609902
2264	40-44	-0.13222292667034452
2264	45-49	-0.17433785987164185
2264	50-54	-0.10112369622583373
2264	55-59	-0.12513187980229645
2264	60-64	-0.0769143022424501
2264	65-69	-0.06612318286624941
2264	70-74	-0.03893774690807561
2264	75-79	-0.05122751005135484
2264	80-84	-0.11236320187109072
2264	85-89	-0.02672069857624848
2264	90-94	-0.023918960155810964
2264	95-99	-0.1306953802626083
2264	100-104	-0.2570478871777482
2264	105-109	-0.14524958921076347
2264	110-114	-0.11143237300188247
2264	115-119	-0.0721245814414786
2264	120-124	-0.13725675705736506
2264	125-129	-0.1326438581057232
2264	130-134	-0.1627530071594805
2264	135-139	-0.24929711520621112
2264	140-144	-0.15093042412727442
2264	145-149	-0.12002460879875088
2264	150-151	-0.35791563169688345
2265	1	-0.278231784239253
2265	2	-0.04182027384221243
2265	3	0.0786934507090038
2265	4	-0.19375856712640882
2265	5	-0.03218370976195217
2265	6	-0.019165411292249246
2265	7	-0.07030431230963075
2265	8	-0.1229902967908032
2265	9	-0.06359835311650386
2265	10-14	-0.0174305904335057
2265	15-19	0.021657287337625064
2265	20-24	0.009866164364225938
2265	25-29	-0.04829125323013983
2265	30-34	-0.011294230954277396
2265	35-39	-0.06128336241947352
2265	40-44	-0.06892662727788235
2265	45-49	-0.023500365402256307
2265	50-54	-0.03271645472769791
2265	55-59	0.0027373670745589607
2265	60-64	-0.10618695129403477
2265	65-69	-0.051039922764836376
2265	70-74	-0.03824233255134857
2265	75-79	-0.053339851549282
2265	80-84	-0.07920895540543427
2265	85-89	0.013576905057952615
2265	90-94	-0.07695640256427083
2265	95-99	-0.09586920326768933
2265	100-104	-0.08020711545268
2265	105-109	-0.1452408897348363
2265	110-114	-0.0755959693652315
2265	115-119	-0.09171906352700887
2265	120-124	-0.13348662167857128
2265	125-129	-0.08390830654196435
2265	130-134	-0.08195064362061544
2265	135-139	-0.12959721993974682
2265	140-144	-0.14977611241553745
2265	145-149	-0.11086460436745682
2265	150-151	-0.19703105811053234
2266	1	-0.22955391016539295
2266	2	0.05737054218278814
2266	3	0.011956349819399748
2266	4	-0.10316018657380965
2266	5	0.11163163923152553
2266	6	0.019740726335143677
2266	7	-0.04013093887466823
2266	8	-0.14864886352183504
2266	9	0.052968936528721144
2266	10-14	0.023490343777964995
2266	15-19	0.0019799624348166844
2266	20-24	-0.07145163026199697
2266	25-29	-0.09851220349845136
2266	30-34	-0.09039618111869174
2266	35-39	-0.12079677258277854
2266	40-44	-0.12560863565173008
2266	45-49	-0.17046987224126298
2266	50-54	-0.06298535963745167
2266	55-59	-0.056223363822176964
2266	60-64	-0.15324834645836916
2266	65-69	-0.05895770092941888
2266	70-74	-0.11091641774977745
2266	75-79	-0.038198922384246714
2266	80-84	-0.13144470225781646
2266	85-89	-0.08749539526709782
2266	90-94	-0.11271377960460427
2266	95-99	-0.10897266736310485
2266	100-104	-0.10576367399877284
2266	105-109	-0.0702184573793545
2266	110-114	-0.07304900309674878
2266	115-119	-0.03456263613430366
2266	120-124	-0.11876398004438471
2266	125-129	-0.015585491116056005
2266	130-134	-0.0218079131205684
2266	135-139	-0.16618685423500779
2266	140-144	-0.10628932153096571
2266	145-149	-0.10025197505251526
2266	150-151	-0.0830976305950415
2267	1	0.011987154426762459
2267	2	0.0662696178552622
2267	3	0.12135115201014202
2267	4	0.18524477148263685
2267	5	-0.028717387052921595
2267	6	0.07725238757945618
2267	7	0.13131210137031246
2267	8	0.03275618289235638
2267	9	-0.05230338336324536
2267	10-14	0.009690710132915115
2267	15-19	0.044659655055355074
2267	20-24	0.05630312028561946
2267	25-29	0.06929946526286557
2267	30-34	-0.00845109743599437
2267	35-39	0.053882534956251504
2267	40-44	0.028073706382421904
2267	45-49	-0.006436749955454957
2267	50-54	0.05185860981450219
2267	55-59	0.06493699757419336
2267	60-64	0.038588189073976764
2267	65-69	0.062260686449405966
2267	70-74	0.006250701035995121
2267	75-79	0.07454819906544685
2267	80-84	0.03265805120692278
2267	85-89	0.09761276384542583
2267	90-94	-0.04048672921035035
2267	95-99	0.007977117742946405
2267	100-104	-0.01654767096032117
2267	105-109	0.02223117540849273
2267	110-114	0.04999403767573796
2267	115-119	0.0074423725629984006
2267	120-124	0.06759754028910692
2267	125-129	0.02442711634740391
2267	130-134	0.02429214741107444
2267	135-139	0.012147562689598601
2267	140-144	-0.007267454966992659
2267	145-149	0.04223398991298666
2267	150-151	-0.11642300733532096
2268	1	-0.22968861878391067
2268	2	0.04392392788185617
2268	3	-0.019409204917430145
2268	4	-0.023838363642894933
2268	5	0.150680973568889
2268	6	0.1041841709422826
2268	7	-0.0029809960584756823
2268	8	0.16229095809701022
2268	9	-0.08565970279299506
2268	10-14	-0.031636733597323996
2268	15-19	-0.0113464917784043
2268	20-24	-0.014585734038824683
2268	25-29	-0.009700966644331288
2268	30-34	-0.1058372912254697
2268	35-39	-0.07151928225822957
2268	40-44	-0.0072073036529118895
2268	45-49	-0.044385838310851966
2268	50-54	0.019791469941324635
2268	55-59	-0.03467321786538946
2268	60-64	-0.015265230836611465
2268	65-69	-0.01767004818667317
2268	70-74	-0.04056403347458115
2268	75-79	-0.06354407954206209
2268	80-84	-0.046415544577335766
2268	85-89	-0.011906617572691403
2268	90-94	-0.0329129328262141
2268	95-99	-0.05176999959362405
2268	100-104	-0.026205302733728786
2268	105-109	-0.0778607467253778
2268	110-114	-0.12324520619961987
2268	115-119	-0.10099931028628362
2268	120-124	-0.0898425784820418
2268	125-129	-0.054203757874141445
2268	130-134	-0.05881614247008571
2268	135-139	-0.15983561228889442
2268	140-144	-0.02735761475929621
2268	145-149	-0.061142830088527944
2268	150-151	-0.14207575795665406
2269	1	0.07089476931036387
2269	2	-0.002150214200383971
2269	3	0.025995760640057597
2269	4	-0.07530874522073816
2269	5	0.024634883366566385
2269	6	0.1244361292873819
2269	7	-0.11640909371006813
2269	8	-0.10804297437236698
2269	9	0.030442424251511113
2269	10-14	0.08674648238475413
2269	15-19	0.04175882188470581
2269	20-24	0.01720764566398003
2269	25-29	-0.06209962989729689
2269	30-34	0.03947920919543435
2269	35-39	-0.030283554120558165
2269	40-44	0.0016376039806544895
2269	45-49	0.06746086137744811
2269	50-54	-0.0025392183602690466
2269	55-59	0.028748121103298274
2269	60-64	-0.00802848822733182
2269	65-69	0.013090122961905593
2269	70-74	-0.05537746036772262
2269	75-79	0.03445066608386327
2269	80-84	-0.09897373951381638
2269	85-89	-0.041007230939897
2269	90-94	-0.06536157018206978
2269	95-99	-0.05765875301143808
2269	100-104	-0.0420770992184174
2269	105-109	-0.05061616136723046
2269	110-114	-0.08701438312588294
2269	115-119	-0.04607865454681814
2269	120-124	-0.08627292322839963
2269	125-129	-0.04723682723964373
2269	130-134	-0.024739532464820968
2269	135-139	-0.08886275007368738
2269	140-144	-0.04223153521027001
2269	145-149	-0.14436269338914798
2269	150-151	-0.12256926226012155
2270	1	0.06649163366388677
2270	2	0.086089788445733
2270	3	0.004882407681371603
2270	4	-0.02870801092377917
2270	5	-0.019454687632006085
2270	6	0.15308826437156142
2270	7	0.08008612674440485
2270	8	0.11195239492607811
2270	9	-0.02582721488453643
2270	10-14	0.10270890754931372
2270	15-19	0.047991481561226124
2270	20-24	-0.007186890108187072
2270	25-29	0.05445380509095088
2270	30-34	-0.005362123123553886
2270	35-39	0.0027447262353419433
2270	40-44	0.02212382764354004
2270	45-49	0.015733543545941586
2270	50-54	0.05275029971600986
2270	55-59	0.08368941042292022
2270	60-64	0.05450662241336346
2270	65-69	0.03654158328671997
2270	70-74	0.0936004114941511
2270	75-79	0.052081731475986714
2270	80-84	0.0645482397803363
2270	85-89	0.0954672175104676
2270	90-94	0.0532420748415845
2270	95-99	0.04717821321751359
2270	100-104	0.05625783280950003
2270	105-109	0.04217039636769471
2270	110-114	0.08764827026610789
2270	115-119	0.09611193189844869
2270	120-124	0.07975704402592498
2270	125-129	0.08962448324889749
2270	130-134	-0.004785707174576714
2270	135-139	0.015260294281823406
2270	140-144	0.054950749048650493
2270	145-149	-0.011513951947677015
2270	150-151	-0.0024131414649630756
2271	1	-0.06181568926528769
2271	2	0.010280798182961348
2271	3	-0.06756257030982482
2271	4	-0.048905423222031175
2271	5	-0.026572201304141174
2271	6	0.0415556513263482
2271	7	-0.1589774987057737
2271	8	-0.18584405698801731
2271	9	-0.15050375216611656
2271	10-14	-0.048008446058801724
2271	15-19	-0.005921817091568471
2271	20-24	-0.0336668154116424
2271	25-29	0.012898516308773367
2271	30-34	-0.01169238856306265
2271	35-39	-0.05521125615761946
2271	40-44	-0.007680093925095832
2271	45-49	-0.046778394562643655
2271	50-54	0.006583566355992332
2271	55-59	-0.0474110297531567
2271	60-64	0.00704550463291298
2271	65-69	0.0661838401894812
2271	70-74	0.008908934903516297
2271	75-79	0.02159487006476013
2271	80-84	0.08373724871724164
2271	85-89	-0.03565029616166271
2271	90-94	-0.0517727310807814
2271	95-99	0.06175417693633278
2271	100-104	0.06625649894261443
2271	105-109	0.02533112732674425
2271	110-114	-0.04681671572829771
2271	115-119	-0.06711762659161025
2271	120-124	0.009974997874131475
2271	125-129	-0.06643153916006383
2271	130-134	0.029911371656965002
2271	135-139	-0.0474405193769698
2271	140-144	0.08050657137757611
2271	145-149	0.010702401260274996
2271	150-151	-0.08336152081670178
2272	1	-0.219742547159278
2272	2	0.03990121245667666
2272	3	0.13803028135598083
2272	4	0.09914970199379525
2272	5	-0.032278766984418894
2272	6	0.11673209061714829
2272	7	-0.03708181305721325
2272	8	0.04018862796678491
2272	9	0.08344196764881673
2272	10-14	-0.04303319711378606
2272	15-19	-0.08758986606162722
2272	20-24	-0.049070369757032495
2272	25-29	0.02076095364869701
2272	30-34	-0.0263111597214305
2272	35-39	0.01796214728197043
2272	40-44	0.03412701998193057
2272	45-49	-0.021290284979883722
2272	50-54	-0.03102760474186539
2272	55-59	-0.04570062492082627
2272	60-64	-0.05835257266132032
2272	65-69	-0.04574048261226693
2272	70-74	-0.07036903326699218
2272	75-79	-0.03599032416190795
2272	80-84	-0.08488968063922897
2272	85-89	0.006767639355189203
2272	90-94	-0.11541919525304678
2272	95-99	-0.08398493807651874
2272	100-104	-0.053777510936939166
2272	105-109	-0.037386324644728575
2272	110-114	-0.07485452302997686
2272	115-119	-0.0815389630964205
2272	120-124	-0.06871040552373131
2272	125-129	-0.0020339365435972923
2272	130-134	-0.06443318180689062
2272	135-139	-0.09002120155673055
2272	140-144	-0.10326883822759925
2272	145-149	-0.015822696674625547
2272	150-151	-0.0756271421490382
2273	1	-0.055608889998815414
2273	2	-0.04936560234367704
2273	3	0.01886240735510114
2273	4	0.149359494255755
2273	5	0.08486805825291555
2273	6	-0.13035387987222435
2273	7	-0.031855666759568635
2273	8	-0.07583794423116785
2273	9	0.034689269886833074
2273	10-14	-0.021648357658932582
2273	15-19	-0.054537042558258975
2273	20-24	-0.04915560085387938
2273	25-29	-0.03886712999770481
2273	30-34	0.02745511696193148
2273	35-39	0.01009179551869721
2273	40-44	0.0026833800016561327
2273	45-49	-0.01705628989343211
2273	50-54	-0.05883233621606365
2273	55-59	-0.011482125817479982
2273	60-64	-0.006882176751389579
2273	65-69	-0.08570876337472555
2273	70-74	-0.06817292901710914
2273	75-79	-0.11561301068946506
2273	80-84	-0.07635585327174965
2273	85-89	-0.04083673524568354
2273	90-94	-0.07690086386867279
2273	95-99	-0.06526420835543689
2273	100-104	-0.1168816963834729
2273	105-109	-0.12482169159458323
2273	110-114	-0.037680495292875094
2273	115-119	-0.11602438353899913
2273	120-124	-0.02004804251708947
2273	125-129	-0.10547794909093966
2273	130-134	-0.16929396995210766
2273	135-139	-0.16364402715898763
2273	140-144	-0.08804564567229534
2273	145-149	-0.10664842396190011
2273	150-151	-0.18458642324770125
2274	1	-0.34316655885145053
2274	2	0.16376315754767035
2274	3	-0.13818934681895456
2274	4	0.06065600986881492
2274	5	-0.0676507129708881
2274	6	-0.14016617745430437
2274	7	0.028935012736148735
2274	8	-0.014183091209403642
2274	9	-0.09332625381214399
2274	10-14	-0.0010684579423383411
2274	15-19	-0.02732343261083514
2274	20-24	-1.7122938416491706E-5
2274	25-29	-0.017826861475427336
2274	30-34	-0.07202304007017801
2274	35-39	0.052742687090443496
2274	40-44	0.020551346071052023
2274	45-49	0.045497303595411154
2274	50-54	-0.05964308810594332
2274	55-59	-0.01153397622903185
2274	60-64	-0.03162739286351268
2274	65-69	-0.031330251442255985
2274	70-74	-0.030436827971662694
2274	75-79	-0.060992530169698966
2274	80-84	-0.05965373585021183
2274	85-89	-0.1760736071732083
2274	90-94	-0.08807855562190525
2274	95-99	-0.11714290196074018
2274	100-104	-0.07072540274516115
2274	105-109	-0.09676904771460926
2274	110-114	-0.17241771779987403
2274	115-119	-0.14235810771444335
2274	120-124	-0.14174410090379297
2274	125-129	-0.0486640390396218
2274	130-134	-0.07728620024649757
2274	135-139	-0.11887826728530371
2274	140-144	-0.11448307067087882
2274	145-149	0.020567346419333887
2274	150-151	-0.12552801886555898
2275	1	0.07392339439810769
2275	2	0.046701185124106814
2275	3	-0.3465709317591461
2275	4	0.16757135867942452
2275	5	0.03402793234864987
2275	6	0.11372816122806029
2275	7	0.06220972930263713
2275	8	0.06950612963692038
2275	9	-0.03687442678675268
2275	10-14	0.11059178538872061
2275	15-19	0.0667967133796381
2275	20-24	-0.004735874789339789
2275	25-29	-0.06574637473160294
2275	30-34	0.05277471166024128
2275	35-39	0.07935429075940448
2275	40-44	-0.03852455140883393
2275	45-49	-3.275282643286914E-4
2275	50-54	-0.004421600465512654
2275	55-59	0.014634835974689508
2275	60-64	-0.0017136432490119091
2275	65-69	-0.0194794525590396
2275	70-74	0.06186967031987223
2275	75-79	0.03799178627097888
2275	80-84	-0.007337352361759031
2275	85-89	0.01273038611956423
2275	90-94	0.0121459037047984
2275	95-99	0.06621524648468124
2275	100-104	0.023376770159998728
2275	105-109	0.03564684130975593
2275	110-114	0.02773709582126571
2275	115-119	0.050022529553970685
2275	120-124	0.0718676518600816
2275	125-129	0.06312691763911005
2275	130-134	0.04103552206525052
2275	135-139	0.0840819815602245
2275	140-144	-0.020720752469664205
2275	145-149	-0.06085563176174702
2275	150-151	-0.09366664037076333
2276	1	-0.2577028246072288
2276	2	0.14783858552554108
2276	3	0.15070620061317896
2276	4	0.0978026909179377
2276	5	0.10701619340333224
2276	6	0.14542939594614523
2276	7	0.18989863711440336
2276	8	-0.07462135652571789
2276	9	-0.15995696434529094
2276	10-14	-0.02868117043310292
2276	15-19	0.01900724396374187
2276	20-24	-0.0035631967284004418
2276	25-29	0.004306136267324234
2276	30-34	-0.04053185931071113
2276	35-39	-0.014579979256609477
2276	40-44	0.03903439674922993
2276	45-49	0.07571164210243353
2276	50-54	-0.008924165191906752
2276	55-59	0.0036363160144219364
2276	60-64	-0.04625594602865135
2276	65-69	0.02303702048598666
2276	70-74	-0.048910290347564
2276	75-79	0.049626115083093225
2276	80-84	0.03736390263084388
2276	85-89	-0.0020619014541836123
2276	90-94	-0.01611515097557259
2276	95-99	0.013678296177523919
2276	100-104	-0.037719270226830304
2276	105-109	0.006931637449490324
2276	110-114	0.023685436352060663
2276	115-119	-0.09855075268757929
2276	120-124	-0.02311602715376182
2276	125-129	-0.019755307691873725
2276	130-134	-0.06230287989732375
2276	135-139	-0.07016329954594624
2276	140-144	-0.11578228562863302
2276	145-149	-0.027744912624633855
2276	150-151	-0.006149660462803297
2277	1	-0.10139975517174804
2277	2	-0.15359511369616996
2277	3	0.0216857677956952
2277	4	-0.024410968451789472
2277	5	0.03994822981165669
2277	6	0.17711935588587835
2277	7	-0.016540165104530047
2277	8	0.037525165451882
2277	9	-0.043436444742148694
2277	10-14	-0.03615890123090537
2277	15-19	0.017032141035947745
2277	20-24	0.03532622444592448
2277	25-29	-0.04276085532487883
2277	30-34	-0.07744173413106381
2277	35-39	-0.03095178294048395
2277	40-44	0.012286082126884423
2277	45-49	-0.028492811043719257
2277	50-54	0.020439105725174045
2277	55-59	-0.09702339391316173
2277	60-64	-0.07887513746394603
2277	65-69	-0.0911829152231931
2277	70-74	-0.11559500843300441
2277	75-79	-0.08511689519927756
2277	80-84	-0.04653909182182048
2277	85-89	-0.06366445086994332
2277	90-94	-0.09112907139658688
2277	95-99	-0.0940575699087205
2277	100-104	-0.16298056451356047
2277	105-109	-0.0973755699265908
2277	110-114	-0.08143602886772072
2277	115-119	-0.1484831987242572
2277	120-124	-0.07969139529856051
2277	125-129	-0.04656583028044281
2277	130-134	-0.05829713121472935
2277	135-139	-0.10931099486577267
2277	140-144	-0.08002992332276904
2277	145-149	-0.1027077336448059
2277	150-151	-0.2076770882050667
2278	1	-0.2781409843919107
2278	2	0.08384103988970537
2278	3	-0.10805629781798132
2278	4	-0.03777861686769768
2278	5	0.06459474002927834
2278	6	-0.08914088114599394
2278	7	-0.04703117643758503
2278	8	-0.13990744334885363
2278	9	-0.3479891499844783
2278	10-14	-0.11702043049808708
2278	15-19	-0.021136113215966645
2278	20-24	-0.02388867888544155
2278	25-29	-0.021152313857484728
2278	30-34	-0.042022885541726396
2278	35-39	-0.07457021758094129
2278	40-44	-0.10851082072695561
2278	45-49	0.013707709541669999
2278	50-54	-0.059408204852203994
2278	55-59	-0.003059635679228734
2278	60-64	0.0028324529170902224
2278	65-69	-0.027399047511060814
2278	70-74	-0.026536529731735925
2278	75-79	-0.026167997231958395
2278	80-84	-0.0032446681203950334
2278	85-89	-0.01360856923646736
2278	90-94	-0.08925297189065873
2278	95-99	-0.06275506644083606
2278	100-104	-0.08536851927507882
2278	105-109	-0.08001198190093817
2278	110-114	-0.0263512396579344
2278	115-119	-0.016225800450058614
2278	120-124	-0.0939824455949676
2278	125-129	-0.07173204701329894
2278	130-134	-0.1364458745005166
2278	135-139	-0.05060759524105407
2278	140-144	-0.11182518122053864
2278	145-149	-0.14086544142853796
2278	150-151	-0.0056448423786079616
2279	1	-0.09945502719898514
2279	2	0.10681068714155373
2279	3	0.027822589496508954
2279	4	0.1219648390201371
2279	5	-0.009832883208844123
2279	6	-0.003675894942695379
2279	7	0.08034595832264557
2279	8	-0.10053090520283092
2279	9	-0.03536330167364099
2279	10-14	-0.009898348314479222
2279	15-19	-0.007085848468413758
2279	20-24	0.029508293297411115
2279	25-29	0.03510840655417269
2279	30-34	0.04083191347385906
2279	35-39	0.07294264691304875
2279	40-44	0.0361681262489455
2279	45-49	0.06701518959237518
2279	50-54	-0.002908838754798637
2279	55-59	-0.011800033919215025
2279	60-64	-0.014857158537907367
2279	65-69	0.03596138205118393
2279	70-74	-0.05174348028733533
2279	75-79	-0.019366595188557767
2279	80-84	0.006897773523284911
2279	85-89	0.04909558469000075
2279	90-94	0.026967477061532463
2279	95-99	0.0070189659254822345
2279	100-104	-0.018696880823291906
2279	105-109	0.06869411102172762
2279	110-114	-0.011048085060274104
2279	115-119	-0.022311265436272265
2279	120-124	-0.040078351329924544
2279	125-129	-0.06039637694095035
2279	130-134	0.023118597123030327
2279	135-139	0.003057853338262362
2279	140-144	0.0028440707743868643
2279	145-149	-0.09555259184990206
2279	150-151	-0.07664193388431073
2280	1	-0.4913053659306499
2280	2	0.013711088621434442
2280	3	-0.12710029268354361
2280	4	0.004182920283142266
2280	5	-0.24470404565336423
2280	6	0.03986755887081728
2280	7	-0.16696347455306437
2280	8	-0.06399840923664613
2280	9	0.10474448399369152
2280	10-14	-0.14176683241554855
2280	15-19	-0.09193229192167962
2280	20-24	-0.053374212719347724
2280	25-29	-0.08783299042195836
2280	30-34	-0.06837550331005815
2280	35-39	-0.12469573869235973
2280	40-44	-0.05549206639619797
2280	45-49	-0.05177341685411818
2280	50-54	-0.08353892855808454
2280	55-59	-0.10831221141788205
2280	60-64	-0.10474084346041224
2280	65-69	-0.08465371337499761
2280	70-74	-0.06588654620283307
2280	75-79	-0.1088210932300484
2280	80-84	-0.09895763939252333
2280	85-89	-0.06504041865657229
2280	90-94	-0.12055600598015559
2280	95-99	-0.06135104749339604
2280	100-104	-0.10727507704318384
2280	105-109	-0.10550469486084779
2280	110-114	-0.041778409014874285
2280	115-119	-0.10759721798667243
2280	120-124	-0.08781316816491369
2280	125-129	-0.1103868696366277
2280	130-134	-0.1826194684936695
2280	135-139	-0.22371199927135166
2280	140-144	-0.1902764438152431
2280	145-149	-0.2586349142398845
2280	150-151	-0.18980873546416177
2281	1	-0.3151040370233389
2281	2	0.008463446138236463
2281	3	0.08568176982024056
2281	4	-0.03192988820336495
2281	5	-0.0524226079672232
2281	6	-0.05252287784092857
2281	7	-0.2270670786774147
2281	8	-0.21977067834312436
2281	9	0.08947636290568539
2281	10-14	-0.10087953630703339
2281	15-19	-0.03827394331197809
2281	20-24	-0.05461118651003716
2281	25-29	-0.09567156176402136
2281	30-34	-0.11480633572131183
2281	35-39	-0.13244953301448703
2281	40-44	-0.04783460959669128
2281	45-49	-0.09276310598669113
2281	50-54	-0.07424703687448897
2281	55-59	0.00864979856820014
2281	60-64	-0.07087407550172031
2281	65-69	-0.05472467284166527
2281	70-74	2.428378621033289E-5
2281	75-79	-0.13889931929843158
2281	80-84	-0.06386270564521368
2281	85-89	-0.05643004613313707
2281	90-94	-0.0862747114240463
2281	95-99	-0.10269580920941479
2281	100-104	-0.10829405278263948
2281	105-109	-0.026198545223905967
2281	110-114	-0.07400854008895408
2281	115-119	-0.09029334742025696
2281	120-124	-0.1389386656794045
2281	125-129	-0.14767939990037604
2281	130-134	-0.14982067078595662
2281	135-139	-0.1273893401355366
2281	140-144	-0.08123613069077606
2281	145-149	-0.1626012676719668
2281	150-151	-0.25493014826768245
2282	1	-0.06957679853602627
2282	2	0.14902114280565826
2282	3	-0.007902986444101145
2282	4	0.04288441687598521
2282	5	-0.025236617459448496
2282	6	0.05758265746266744
2282	7	-0.042963112259322145
2282	8	0.14819650479850566
2282	9	-0.0685677865757981
2282	10-14	-0.006860895593185035
2282	15-19	0.032398397022504355
2282	20-24	-0.05336089309634673
2282	25-29	-0.037946740002389845
2282	30-34	-3.191559769177843E-4
2282	35-39	-0.060259132106061486
2282	40-44	0.025213127723986872
2282	45-49	-0.07335493561080852
2282	50-54	0.034363710325621355
2282	55-59	-0.03698243353591124
2282	60-64	-0.095402189381673
2282	65-69	-0.029973464244768877
2282	70-74	-0.004611485332155496
2282	75-79	-0.03183900013121388
2282	80-84	-0.00204246407964348
2282	85-89	-0.022327584400635203
2282	90-94	-0.06704255582483398
2282	95-99	-0.01616662399332114
2282	100-104	-0.08878690753233798
2282	105-109	-0.0989375879362484
2282	110-114	-0.003636869373011109
2282	115-119	-0.12056253901621972
2282	120-124	-0.1771713221717235
2282	125-129	-0.08943723379512392
2282	130-134	-0.1029723852247173
2282	135-139	-0.07949085090674401
2282	140-144	-0.08330015807204205
2282	145-149	-0.20256036697386293
2282	150-151	-0.21685023408158344
2283	1	0.011206623107938185
2283	2	-0.04817246818105758
2283	3	-0.1697551714882266
2283	4	-0.24960409349473878
2283	5	0.20962342637221099
2283	6	0.140270999534593
2283	7	-0.0022596391481570777
2283	8	-0.18650409111661048
2283	9	-0.10483261014609013
2283	10-14	-0.05241940584501492
2283	15-19	0.04772124933039379
2283	20-24	0.01278026916931907
2283	25-29	0.029457323739791264
2283	30-34	0.03319476169934177
2283	35-39	0.029865533178806913
2283	40-44	0.04104008380117108
2283	45-49	0.03182362095621727
2283	50-54	-0.011253453509425526
2283	55-59	0.03568565719749017
2283	60-64	0.055617577140083085
2283	65-69	0.03422208997214682
2283	70-74	0.02329123954951484
2283	75-79	0.0701347457851611
2283	80-84	-7.954149229192353E-4
2283	85-89	-0.007829052721753271
2283	90-94	0.020592766842518984
2283	95-99	0.01769287425434385
2283	100-104	0.045805099992236364
2283	105-109	0.016325686069777134
2283	110-114	0.012035790791557588
2283	115-119	0.004034052470814231
2283	120-124	-0.035425691137106696
2283	125-129	0.00268852265777042
2283	130-134	-0.06547160912155903
2283	135-139	0.042501204438991635
2283	140-144	-0.0030440902663784186
2283	145-149	0.021285485068510468
2283	150-151	-0.025045090796417924
2284	1	-0.18834783078431627
2284	2	-0.08093997887520743
2284	3	-0.08679574128522205
2284	4	-0.17695706850859239
2284	5	0.059079044332115416
2284	6	0.144893801873188
2284	7	0.035182968028692585
2284	8	-0.1094852756835678
2284	9	0.043222570634767976
2284	10-14	0.05299722160104636
2284	15-19	0.04769614814123457
2284	20-24	-0.006313368725109569
2284	25-29	0.01585247921028099
2284	30-34	-0.0656704553736489
2284	35-39	0.019666083313204297
2284	40-44	-0.012525853885122729
2284	45-49	-0.027252027752645347
2284	50-54	0.014153133460972356
2284	55-59	-0.044822223530026406
2284	60-64	0.031537169664105136
2284	65-69	0.011380007828506677
2284	70-74	0.006377221581246317
2284	75-79	0.10721756925058656
2284	80-84	0.10258801620046398
2284	85-89	0.006779839374516428
2284	90-94	-0.0011741476983857524
2284	95-99	0.02239516369197503
2284	100-104	0.027535617808844393
2284	105-109	0.0550735550834105
2284	110-114	-0.05150368605782063
2284	115-119	0.023759403625994935
2284	120-124	0.030561151656243624
2284	125-129	0.01138608470476754
2284	130-134	0.018437482738328015
2284	135-139	0.00691608526064158
2284	140-144	-0.09016195080835843
2284	145-149	-0.06474884080768106
2284	150-151	0.06293457724034823
2285	1	-0.5233767941075556
2285	2	-0.0077761883036018276
2285	3	-0.14314843434684832
2285	4	-0.1144148074038327
2285	5	-0.0649157010615653
2285	6	-0.08495500297707537
2285	7	-0.29018978345286683
2285	8	-0.17584934461877566
2285	9	-0.1189932886534919
2285	10-14	-0.07713184409747242
2285	15-19	-0.14995415340668927
2285	20-24	-0.08750143794566156
2285	25-29	-0.14442485229360358
2285	30-34	-0.14969437278739406
2285	35-39	-0.16305275806279695
2285	40-44	-0.11505715650992698
2285	45-49	-0.16756914066370143
2285	50-54	-0.16243745879022953
2285	55-59	-0.23469291498430778
2285	60-64	-0.191033504563201
2285	65-69	-0.090117979954762
2285	70-74	-0.08923657851453015
2285	75-79	-0.14392650668165885
2285	80-84	-0.15274031701018487
2285	85-89	-0.1960121445429337
2285	90-94	-0.18194656875596849
2285	95-99	-0.12374299663423471
2285	100-104	-0.14074170762386018
2285	105-109	-0.09852426414872184
2285	110-114	-0.11519886425075754
2285	115-119	-0.10957403089367546
2285	120-124	-0.09434123515229942
2285	125-129	-0.13049799977266474
2285	130-134	-0.14073246552761987
2285	135-139	-0.1610455388103773
2285	140-144	-0.12279029365700467
2285	145-149	-0.17513928598453532
2285	150-151	-0.24102967565161748
2286	1	0.0916285831805368
2286	2	-0.056271919395300074
2286	3	-0.006675057409928797
2286	4	-0.06365430523096904
2286	5	0.02461888916712951
2286	6	-0.16651968407096973
2286	7	0.02948999355428583
2286	8	0.03915164304638097
2286	9	0.19338599671589662
2286	10-14	0.06759182913900474
2286	15-19	0.016816401002685666
2286	20-24	-0.014179371311186628
2286	25-29	0.07273253763659682
2286	30-34	0.028738037993527143
2286	35-39	0.08823559626756605
2286	40-44	0.013965932906693013
2286	45-49	-0.030180527345585517
2286	50-54	0.0259635113164407
2286	55-59	0.04207555435417021
2286	60-64	-0.001769424847651635
2286	65-69	0.009024397465012157
2286	70-74	0.06846775843293074
2286	75-79	0.054842204086085644
2286	80-84	0.048253932583776304
2286	85-89	0.018830267993834582
2286	90-94	0.009785576452756573
2286	95-99	-0.04380137861922151
2286	100-104	-0.0400042509713785
2286	105-109	-0.006432718562486173
2286	110-114	-0.0706299252226188
2286	115-119	-0.06288216047533979
2286	120-124	-0.03465004512552383
2286	125-129	-0.07411987765335937
2286	130-134	-9.838811810141124E-4
2286	135-139	-0.056049050508725884
2286	140-144	-0.058928413142538716
2286	145-149	0.02988024783750376
2286	150-151	-0.10087313072382642
2287	1	0.0033605873459379154
2287	2	-0.18058988919614194
2287	3	-0.12708118402076707
2287	4	0.07297410627595013
2287	5	-0.08255612276500557
2287	6	-0.04327696267556291
2287	7	0.04433465880355669
2287	8	-0.06779557351109133
2287	9	-0.021910462693135457
2287	10-14	-0.052391248918887356
2287	15-19	0.0072012667118883655
2287	20-24	-0.02906417193599964
2287	25-29	0.01227401808959172
2287	30-34	-0.043761907769486186
2287	35-39	0.004675913879403026
2287	40-44	0.0707965399271302
2287	45-49	-0.03354539045140115
2287	50-54	0.024640671033537842
2287	55-59	0.057965366477219504
2287	60-64	0.03248774528294973
2287	65-69	-0.056957617547780615
2287	70-74	-6.686801491042615E-4
2287	75-79	0.01598031316753179
2287	80-84	0.08255991600895385
2287	85-89	0.008200901915806469
2287	90-94	0.009666255066029805
2287	95-99	-0.009135261554099827
2287	100-104	0.02827795495563379
2287	105-109	0.04403751617522289
2287	110-114	-0.012452071271994214
2287	115-119	-0.004725458952364647
2287	120-124	-0.011387798412279437
2287	125-129	0.05850258947902631
2287	130-134	0.036129951421926876
2287	135-139	-0.044219962124117274
2287	140-144	-0.05901139574331182
2287	145-149	0.004243505528307878
2287	150-151	-0.2917534513729336
2288	1	-0.07515611171199765
2288	2	-0.07686964676631192
2288	3	-0.11457628129956277
2288	4	0.08815882455322566
2288	5	-0.043854600431970425
2288	6	-0.06723001577533694
2288	7	-0.1605967166476745
2288	8	-0.0129636750351807
2288	9	-0.15140868822982867
2288	10-14	0.02002663431134266
2288	15-19	0.014532960272681805
2288	20-24	-0.030269411530888135
2288	25-29	-0.028134023795736596
2288	30-34	-0.02014105425229218
2288	35-39	-0.03300299734052459
2288	40-44	-0.07306105321102763
2288	45-49	-0.10202890342134907
2288	50-54	-0.10901194602041642
2288	55-59	-0.13762160864370543
2288	60-64	-0.0815157812892906
2288	65-69	-0.1305438895219595
2288	70-74	-0.04616864255309849
2288	75-79	-0.001925948835250324
2288	80-84	0.00596054504755017
2288	85-89	-0.039867781567217264
2288	90-94	-0.0666469798764453
2288	95-99	-0.10177179768249545
2288	100-104	-0.07956226679978329
2288	105-109	-0.08411565330279558
2288	110-114	-0.060158749337134054
2288	115-119	-0.05963485260006962
2288	120-124	-0.07415075870074617
2288	125-129	-0.10372027552560326
2288	130-134	-0.0378557187453481
2288	135-139	-0.03434230830398377
2288	140-144	-0.16999369446416068
2288	145-149	-0.1706408783139537
2288	150-151	-0.29546698748981726
2289	1	-0.15355702155979145
2289	2	-0.007812090186519072
2289	3	0.05833017089261716
2289	4	-0.21436012607447452
2289	5	-0.03278351585203865
2289	6	-0.10251654708944358
2289	7	-0.11729460038088035
2289	8	0.04196185566402022
2289	9	0.03189680187448829
2289	10-14	-0.0225615344022998
2289	15-19	-0.0323296429150588
2289	20-24	-0.029533153116702238
2289	25-29	-0.08717073876632497
2289	30-34	-0.02102450993257321
2289	35-39	-0.058470573129440595
2289	40-44	-0.06873709950878037
2289	45-49	-0.07958798639054265
2289	50-54	-0.041817074253444275
2289	55-59	-0.09175592002714694
2289	60-64	-0.12990640637431028
2289	65-69	-0.12041530277896584
2289	70-74	-0.07383356607037683
2289	75-79	-0.11676811309759927
2289	80-84	-0.07445432813424446
2289	85-89	-0.09285498819299676
2289	90-94	-0.06558911856293292
2289	95-99	-0.09843714020863104
2289	100-104	-0.07681150088424005
2289	105-109	-0.09689542333767776
2289	110-114	-0.06628172027316026
2289	115-119	-0.03210052924494278
2289	120-124	-0.08847541982053997
2289	125-129	-0.16469150539822408
2289	130-134	-0.10646052809632067
2289	135-139	-0.12040074099321174
2289	140-144	-0.23266054977550965
2289	145-149	-0.0804892188756483
2289	150-151	-0.2808683381131587
2290	1	-0.1132362574925736
2290	2	-0.15771973536379136
2290	3	-0.023144803202981734
2290	4	-0.0791842013999684
2290	5	-0.14435264681568327
2290	6	-0.18473486488013435
2290	7	0.030698371642365885
2290	8	0.002564639824036874
2290	9	-0.12582721488453785
2290	10-14	-0.05462442578402715
2290	15-19	-0.011790831363946097
2290	20-24	-0.1515406316047816
2290	25-29	-0.032212861575715124
2290	30-34	-0.04487232720518364
2290	35-39	-0.15641173634968908
2290	40-44	-0.01896460773061648
2290	45-49	-0.08870183060372483
2290	50-54	-0.03916806763093206
2290	55-59	-0.005834399100891119
2290	60-64	-0.10274507826691348
2290	65-69	-0.03401623984253632
2290	70-74	-0.07600503068272246
2290	75-79	-0.1034284726056427
2290	80-84	-0.03572386906320446
2290	85-89	-0.08540353078884522
2290	90-94	-0.16101642855976905
2290	95-99	-0.08767892963962964
2290	100-104	-0.33244965018369754
2290	105-109	-0.09894524989081077
2290	110-114	-0.1163245188495452
2290	115-119	-0.08165677558454121
2290	120-124	-0.1532769695795153
2290	125-129	-0.2005251766150451
2290	130-134	-0.18829591125621192
2290	135-139	-0.24234514789504402
2290	140-144	-0.1825186387064477
2290	145-149	-0.1771193941245386
2290	150-151	-0.4352022571112215
2291	1	0.005383375791204514
2291	2	0.23722102239626253
2291	3	-0.19663671652460124
2291	4	0.04722927789903508
2291	5	-0.052651065520912255
2291	6	-0.016423831857657945
2291	7	0.14760606187077485
2291	8	0.08831947155805864
2291	9	0.045141834987070695
2291	10-14	0.037041114604321024
2291	15-19	0.05442532397235311
2291	20-24	2.6817138660817363E-4
2291	25-29	0.0413060824257272
2291	30-34	0.03063111920649675
2291	35-39	0.06338373150632748
2291	40-44	0.04119667532565785
2291	45-49	0.07537890102667433
2291	50-54	0.007851799918739744
2291	55-59	0.09433679520464011
2291	60-64	0.044265779056146926
2291	65-69	0.04978337271771949
2291	70-74	-0.0016481356068069886
2291	75-79	-0.03067539786582074
2291	80-84	-0.048626513564713036
2291	85-89	-0.012722537861868943
2291	90-94	0.03507313309270188
2291	95-99	-4.238951755084486E-4
2291	100-104	0.014579227592584232
2291	105-109	-0.006166946516479754
2291	110-114	0.02842026648180962
2291	115-119	0.004985563470285115
2291	120-124	0.05788219607349987
2291	125-129	0.016765448244164816
2291	130-134	0.07102291561228924
2291	135-139	-0.08066564165546453
2291	140-144	-0.1306737948086223
2291	145-149	-0.030820344703450075
2291	150-151	-0.41828555665620826
2292	1	-0.17105938674427534
2292	2	0.04572908602522574
2292	3	-0.20286320219048548
2292	4	-0.031327849556902265
2292	5	-0.11492692303779961
2292	6	-0.20474752110541772
2292	7	0.032834109658502086
2292	8	0.033414188946011336
2292	9	-0.1891874426965927
2292	10-14	-0.16277187080854816
2292	15-19	-0.11561933951139736
2292	20-24	-0.061539049576623484
2292	25-29	-0.07190594811265782
2292	30-34	-0.062100613868686594
2292	35-39	-0.05448166199436599
2292	40-44	0.011758379138555597
2292	45-49	-0.03111600557603822
2292	50-54	-0.09232421381032907
2292	55-59	0.021060079620831118
2292	60-64	0.011366612921193564
2292	65-69	-0.002391496922115266
2292	70-74	0.022412941157178068
2292	75-79	-0.04462448589467982
2292	80-84	-0.030439895008463225
2292	85-89	0.01785544722096688
2292	90-94	0.001331301229811288
2292	95-99	0.021481013407360194
2292	100-104	-0.07081383306615407
2292	105-109	-0.04888987890520724
2292	110-114	-0.02089658023223251
2292	115-119	-0.014562961314645406
2292	120-124	0.011253959071012787
2292	125-129	0.01448827062431235
2292	130-134	-0.14444209065820246
2292	135-139	-0.07316305645381505
2292	140-144	-0.019395715118413648
2292	145-149	-0.12326715555469292
2292	150-151	-0.22724465546591688
2293	1	-0.09766816514323295
2293	2	0.10860028140228195
2293	3	0.24456294600827277
2293	4	-0.1696898457892786
2293	5	-0.2201908088915019
2293	6	0.06284509966188523
2293	7	-0.13867578934592473
2293	8	-0.047971478036927806
2293	9	-0.31100453310574494
2293	10-14	-0.0547207174230806
2293	15-19	-0.03307185001620638
2293	20-24	-0.07402642858802011
2293	25-29	-0.03141477381437596
2293	30-34	-0.05028958153405938
2293	35-39	-0.02332932769930096
2293	40-44	-0.07073212572865373
2293	45-49	-0.02652348715976416
2293	50-54	-0.044663488113862115
2293	55-59	-0.07884725120259617
2293	60-64	-0.12186123430468854
2293	65-69	-0.12301633613417096
2293	70-74	-0.025547645397210772
2293	75-79	-0.1307509419764088
2293	80-84	-0.06293192130991088
2293	85-89	-0.09413151823694221
2293	90-94	-0.07674538458848446
2293	95-99	-0.03193626621289525
2293	100-104	-0.12748836508681194
2293	105-109	-0.05996979293033888
2293	110-114	-0.16784167858604349
2293	115-119	-0.13022571190178667
2293	120-124	-0.13166459440463285
2293	125-129	-0.15708801823795682
2293	130-134	-0.18458471820279954
2293	135-139	-0.03627934105607977
2293	140-144	-0.14261141853278048
2293	145-149	-0.1002503450894423
2293	150-151	-0.4719715026945508
2294	1	-0.3096379462878929
2294	2	-0.21355637950563988
2294	3	-0.16772243458832037
2294	4	-0.06248301177269866
2294	5	-0.14954806941067744
2294	6	-0.23282365114339143
2294	7	-0.05811618912370875
2294	8	-0.1805315603864912
2294	9	-0.2037755323146655
2294	10-14	-0.08147989342865714
2294	15-19	-0.06329569287593984
2294	20-24	-0.1608165549524898
2294	25-29	-0.12080783367436965
2294	30-34	-0.08972953797635341
2294	35-39	-0.12269355689820571
2294	40-44	-0.04562991611685874
2294	45-49	-0.09195038460102722
2294	50-54	-0.1200332922565579
2294	55-59	-0.07100242970747672
2294	60-64	-0.08603030583547877
2294	65-69	0.024635440463534053
2294	70-74	-0.0663284146119949
2294	75-79	-0.06694166490419917
2294	80-84	0.004821933284361535
2294	85-89	-0.09356792799531632
2294	90-94	-0.0355905510540282
2294	95-99	-0.09929222720491993
2294	100-104	-0.05898139432894567
2294	105-109	0.016497266550040024
2294	110-114	-0.0979243468006814
2294	115-119	-0.06565057277063602
2294	120-124	-0.07507171077050145
2294	125-129	-0.06186398834606166
2294	130-134	-0.09930137833488573
2294	135-139	-0.01431816339076164
2294	140-144	-0.026706896372253652
2294	145-149	-0.1793718758160523
2294	150-151	-0.4290843357330232
2295	1	-0.18602077670566786
2295	2	-0.012219643435130934
2295	3	-0.13665372028332712
2295	4	-0.06383211461930927
2295	5	-0.12180714212731658
2295	6	-0.10464201693014274
2295	7	-0.1100903762892429
2295	8	-0.34127154329785725
2295	9	-0.17512396060985225
2295	10-14	-0.14762865450254736
2295	15-19	-0.10132015660755656
2295	20-24	-0.06400156192285777
2295	25-29	-0.12241326606183378
2295	30-34	-0.09123884678599126
2295	35-39	-0.09291660856884931
2295	40-44	-0.10463292911321531
2295	45-49	-0.057492049393943034
2295	50-54	-0.0770059054687735
2295	55-59	-0.016939381634443862
2295	60-64	0.025968839732719573
2295	65-69	-0.027337622449628896
2295	70-74	0.04312992059509213
2295	75-79	0.00313523395806925
2295	80-84	0.02922832803185571
2295	85-89	-0.04912848022807026
2295	90-94	0.04271587517253295
2295	95-99	0.017009432191592566
2295	100-104	-0.11589329791305403
2295	105-109	0.020327594382031577
2295	110-114	-0.03531698069914313
2295	115-119	0.012740172383828963
2295	120-124	-0.09823468239437005
2295	125-129	-0.05523652061210527
2295	130-134	-0.15644262940292464
2295	135-139	-0.08826811167514848
2295	140-144	-0.1260514572392708
2295	145-149	-0.17460054874855757
2295	150-151	-0.5736238419613784
2296	1	-0.02527684164432742
2296	2	-0.22438872377826868
2296	3	-0.22007545259585015
2296	4	0.07176423258113118
2296	5	-0.058471195258952946
2296	6	-0.22177835121664913
2296	7	-0.05688956455600902
2296	8	-0.050719472455682535
2296	9	0.07654793312688923
2296	10-14	-0.01105914984430001
2296	15-19	-0.054281138066826884
2296	20-24	-0.0885910831847383
2296	25-29	-0.047743032688522646
2296	30-34	-0.10592268591521758
2296	35-39	-0.031829070518853086
2296	40-44	-0.045999039250659735
2296	45-49	-0.06965421155610585
2296	50-54	-0.12449229971284836
2296	55-59	0.04073057501162225
2296	60-64	-0.045576681898126026
2296	65-69	0.00424848584295745
2296	70-74	-0.050175586276971273
2296	75-79	-0.051112529163418685
2296	80-84	-0.123139995923502
2296	85-89	-0.14638888056015276
2296	90-94	-0.11853308710033161
2296	95-99	-0.1992621294724657
2296	100-104	-0.07221190320777282
2296	105-109	-0.13018204495012498
2296	110-114	-0.11901774631117945
2296	115-119	-0.13343407353444547
2296	120-124	-0.10155771532491542
2296	125-129	-0.07527849091005123
2296	130-134	-0.20097265430837297
2296	135-139	-0.13245914571260187
2296	140-144	-0.21718465528372377
2296	145-149	-0.21593437404143145
2296	150-151	-0.49326916988315617
2297	1	0.08183970035170063
2297	2	0.04209697888667563
2297	3	-0.08584967789897746
2297	4	-0.008284338864278595
2297	5	-0.06409463687595718
2297	6	0.11978383379103974
2297	7	-0.20413649494675923
2297	8	-0.2452940891597848
2297	9	0.04630277700859864
2297	10-14	-0.02304993070102057
2297	15-19	0.01990702912740261
2297	20-24	-0.058625330769423556
2297	25-29	0.03384402750116777
2297	30-34	-0.03777352913673582
2297	35-39	-0.0021380061322062716
2297	40-44	0.029584967539911133
2297	45-49	-0.0333847815042958
2297	50-54	0.05167821907027559
2297	55-59	0.052528013221554204
2297	60-64	-0.012670706549315014
2297	65-69	-0.01621989850807637
2297	70-74	0.009508345652271544
2297	75-79	-0.021291783733204284
2297	80-84	-0.023144122138525347
2297	85-89	-0.016350624652297086
2297	90-94	-0.07875637427899562
2297	95-99	-0.02454403837743513
2297	100-104	-0.020451483041192375
2297	105-109	-0.06711697453922483
2297	110-114	-0.17694980523352655
2297	115-119	-0.10054578196429986
2297	120-124	-0.09043815529732768
2297	125-129	-0.16343448541628902
2297	130-134	-0.1714195233953646
2297	135-139	-0.15846019495014474
2297	140-144	-0.1628541926171323
2297	145-149	-0.2481990176838167
2297	150-151	-0.6418040688203632
2298	1	-0.13469799145276795
2298	2	0.11701863280487146
2298	3	-0.3405835992563482
2298	4	-0.4459882137728215
2298	5	-0.02892942834796486
2298	6	-0.1869036357534526
2298	7	-0.10327532137237228
2298	8	-0.11340443978364334
2298	9	-0.2776558497034287
2298	10-14	-0.14056175153399408
2298	15-19	-0.09776513480404248
2298	20-24	-0.13484373714380382
2298	25-29	-0.1873084459699541
2298	30-34	-0.2515952234387413
2298	35-39	-0.2115055599015463
2298	40-44	-0.17984338547122292
2298	45-49	-0.20615119171141316
2298	50-54	-0.16393079411928113
2298	55-59	-0.17137353969241786
2298	60-64	-0.25860721604696124
2298	65-69	-0.23108561116310966
2298	70-74	-0.2813057532150438
2298	75-79	-0.2395926535498134
2298	80-84	-0.21865719770095637
2298	85-89	-0.31333107799409987
2298	90-94	-0.27282874623922027
2298	95-99	-0.22486263832586673
2298	100-104	-0.2635590395822476
2298	105-109	-0.27909233892486895
2298	110-114	-0.2728516681044013
2298	115-119	-0.25240977048396473
2298	120-124	-0.3002885265750592
2298	125-129	-0.32972816065594657
2298	130-134	-0.3321637776434869
2298	135-139	-0.3819981445553182
2298	140-144	-0.32770537604159244
2298	145-149	-0.40053390229192587
2298	150-151	-0.695539869291558
>>END_MODULE
>>Per sequence quality scores	pass
#Quality	Count
16	1.0
17	44.0
18	534.0
19	2152.0
20	4174.0
21	4933.0
22	4690.0
23	4935.0
24	5348.0
25	5788.0
26	6362.0
27	7066.0
28	8516.0
29	9632.0
30	11652.0
31	13532.0
32	17113.0
33	21969.0
34	28433.0
35	38693.0
36	61225.0
37	93818.0
38	188207.0
39	1681510.0
40	2588314.0
>>END_MODULE
>>Per base sequence content	warn
#Base	G	A	T	C
1	24.503140620437865	17.97035064646621	18.893258833540877	38.63324989955505
2	24.81613444930274	25.060865191356328	27.851482687303857	22.27151767203707
3	16.696796604928192	26.161243451079592	29.837830710992368	27.30412923299984
4	19.10385623499077	30.387054360894545	25.077725121046125	25.431364283068557
5	22.39865691782772	30.55979849608236	22.195231459366585	24.84631312672333
6	23.432857641067404	32.53682277383568	20.70071356959274	23.329606015504172
7	21.980700992234603	26.900303017006262	27.220310270614924	23.898685720144215
8	24.546332321335697	26.684587183780202	23.19449507667551	25.574585418208596
9	22.850655725806938	23.007061662536255	27.024163375889366	27.118119235767445
10-14	25.56995079841525	24.916541641337183	23.31432499132392	26.199182568923646
15-19	25.288218994029744	24.342828085607326	24.353791695406628	26.0151612249563
20-24	25.50044467796057	24.64735012114989	24.27262440022963	25.579580800659908
25-29	25.20539350011955	24.887613229110112	24.602457484123676	25.304535786646664
30-34	25.09832926356086	24.957401328815653	24.640671202982148	25.303598204641336
35-39	25.24158006914879	24.937210915544526	24.567558001782025	25.25365101352466
40-44	25.218651470616493	24.89357859511184	24.610046067484618	25.277723866787046
45-49	25.213414114187188	24.886110227180552	24.63055238380473	25.269923274827526
50-54	25.296039359329413	24.876012122593597	24.584930947304322	25.24301757077267
55-59	25.29359670097267	24.790906118068996	24.617016717485114	25.298480463473222
60-64	25.15858553795056	24.875619593684295	24.72387175471327	25.241923113651875
65-69	25.343704391971283	24.81614128574453	24.562185799804436	25.277968522479753
70-74	25.29791474445156	24.802541662309576	24.65265775848651	25.24688583475235
75-79	25.236059485584445	24.813975483572236	24.66735626104303	25.28260876980029
80-84	25.32755800114337	24.793856839600085	24.62594141479665	25.252643744459895
85-89	25.314689113514692	24.777496127803914	24.606144925722926	25.301669832958474
90-94	25.243971943470854	24.77899729031668	24.69432410580846	25.28270666040401
95-99	25.34309119608687	24.795103599303722	24.610165896144895	25.251639308464508
100-104	25.301415685357043	24.756128831006784	24.6595690036133	25.282886480022874
105-109	25.23503759786301	24.784786654276854	24.70942870714763	25.27074704071251
110-114	25.371792301440266	24.731658498804975	24.607826173039985	25.28872302671477
115-119	25.30654833365198	24.70715840194189	24.6879273735199	25.29836589088623
120-124	25.26051621004078	24.76416968020313	24.70548921860901	25.26982489114708
125-129	25.360553754927857	24.76789678300453	24.639949564861325	25.23159989720629
130-134	25.335940925956592	24.76392764209148	24.62537068830804	25.27476074364389
135-139	25.28141716963584	24.794540902506693	24.692047422795856	25.23199450506161
140-144	25.381408615215413	24.786790951432355	24.5942782364253	25.237522196926935
145-149	25.36329785357913	24.716391007566013	24.644975080541524	25.27533605831333
150-151	25.287074382042075	24.762601820618528	24.69065840958583	25.259665387753564
>>END_MODULE
>>Per sequence GC content	warn
#GC Content	Count
0	0.0
1	0.0
2	0.0
3	0.0
4	0.0
5	0.0
6	0.0
7	0.0
8	0.0
9	0.0
10	0.0
11	0.0
12	0.0
13	0.0
14	3.5
15	59.5
16	142.0
17	263.5
18	389.5
19	596.0
20	966.0
21	1355.5
22	1906.5
23	2881.0
24	4269.5
25	5576.0
26	6899.0
27	8987.5
28	11909.0
29	15252.5
30	18251.0
31	20869.0
32	24024.0
33	27430.0
34	31038.5
35	34908.5
36	38680.5
37	42825.5
38	48266.0
39	55412.5
40	63966.0
41	73618.5
42	84744.5
43	97405.0
44	112476.0
45	130700.5
46	151353.0
47	173883.5
48	199529.0
49	226577.0
50	252274.5
51	275942.0
52	292690.0
53	300759.5
54	299894.0
55	288319.0
56	267263.5
57	238796.0
58	206932.5
59	172928.0
60	138622.0
61	107342.0
62	79620.0
63	57269.0
64	40189.0
65	26924.0
66	17312.0
67	10911.5
68	6739.5
69	4129.5
70	2535.5
71	1532.5
72	884.5
73	497.5
74	248.0
75	101.0
76	61.0
77	49.5
78	26.0
79	7.5
80	10.5
81	10.5
82	10.0
83	10.0
84	10.5
85	9.5
86	8.0
87	11.5
88	9.0
89	4.0
90	5.5
91	6.0
92	6.0
93	6.5
94	6.0
95	11.0
96	17.0
97	26.0
98	100.5
99	112.5
100	32.0
>>END_MODULE
>>Per base N content	pass
#Base	N-Count
1	7.69448166332234E-4
2	0.11236022818089351
3	4.991015132965842E-4
4	0.007278563735575187
5	0.0
6	0.0
7	0.0
8	0.0
9	0.0
10-14	3.2025680436530824E-4
15-19	1.2061619904667451E-4
20-24	0.004521027874611559
25-29	0.01251497044591185
30-34	0.010601747978274944
35-39	0.008334995272052956
40-44	0.0063177933224792615
45-49	0.011874456837181233
50-54	0.008921439550176442
55-59	0.018142340008330836
60-64	1.2061619904667451E-4
65-69	6.238768916207303E-5
70-74	0.008031375184797535
75-79	0.00839738296121503
80-84	0.015480465270749054
85-89	0.008060489439739835
90-94	7.236971942800472E-4
95-99	0.004387934137732469
100-104	3.327343421977228E-4
105-109	0.008089603694682135
110-114	0.007590502181385551
115-119	0.01634141538118566
120-124	0.004704031762820306
125-129	0.011741363100302143
130-134	0.004600052280883518
135-139	0.015085343239389258
140-144	0.011292171738335218
145-149	0.003947061134320487
150-151	1.0397948193678837E-5
>>END_MODULE
>>Sequence Length Distribution	pass
#Length	Count
151	4808641.0
>>END_MODULE
>>Sequence Duplication Levels	warn
#Total Deduplicated Percentage	67.50153788319582
#Duplication Level	Percentage of total
1	48.199553335388465
2	24.327793427222375
3	12.53681662255642
4	6.531122472679769
5	3.4585489951191524
6	1.8065173498672173
7	0.9615393823566316
8	0.5897820037315488
9	0.3637191010430856
>10	1.1237044590644691
>50	0.04798484260457177
>100	0.005401223122957839
>500	0.0
>1k	0.04751678524331703
>5k	0.0
>10k+	0.0
>>END_MODULE
>>Overrepresented sequences	pass
>>END_MODULE
>>Adapter Content	pass
#Position	Illumina Universal Adapter	Illumina Small RNA 3' Adapter	Illumina Small RNA 5' Adapter	Nextera Transposase Sequence	PolyA	PolyG
1	2.0795896387357675E-5	0.0	0.0	0.0	0.0	0.0
2	4.159179277471535E-5	0.0	0.0	0.0	0.0	0.0
3	6.238768916207303E-5	0.0	0.0	0.0	0.0	0.0037016695569496664
4	6.238768916207303E-5	0.0	0.0	0.0	0.0	0.004595893101606047
5	6.238768916207303E-5	0.0	0.0	4.159179277471535E-5	0.0	0.0050534028221279155
6	6.238768916207303E-5	0.0	0.0	6.238768916207303E-5	0.0	0.00536534126793828
7	6.238768916207303E-5	0.0	0.0	6.238768916207303E-5	2.0795896387357675E-5	0.0055317084390371415
8	6.238768916207303E-5	0.0	0.0	6.238768916207303E-5	2.0795896387357675E-5	0.00563568792097393
9	6.238768916207303E-5	0.0	0.0	6.238768916207303E-5	2.0795896387357675E-5	0.005718871506523361
10-14	1.5388963326644679E-4	0.0	0.0	7.486522699448763E-5	2.0795896387357675E-5	0.006093197641495798
15-19	1.9132224676369063E-4	0.0	0.0	1.2061619904667451E-4	2.0795896387357675E-5	0.006538229824185253
20-24	2.745058323131213E-4	0.0	0.0	1.4557127471150373E-4	2.0795896387357675E-5	0.007078923130256554
25-29	3.7848531424990964E-4	0.0	0.0	1.4557127471150373E-4	2.0795896387357675E-5	0.007532273671500949
30-34	4.991015132965842E-4	0.0	0.0	2.3291403953840597E-4	2.0795896387357675E-5	0.008052171081184892
35-39	7.320155528349902E-4	0.0	0.0	2.703466530356498E-4	5.822850988460149E-5	0.008468089008932046
40-44	9.108602617662663E-4	0.0	0.0	2.703466530356498E-4	7.902440627195916E-5	0.008755072379077581
45-49	0.0014681902849474518	0.0	0.0	2.703466530356498E-4	8.734276482690223E-5	0.01769730782564138
50-54	0.002308344498996702	0.0	0.0	3.0362008725542207E-4	1.0397948193678838E-4	0.020300954053338562
55-59	0.0036268043299551786	0.0	0.0	3.452118800301374E-4	1.7468552965380448E-4	0.020953945199901593
60-64	0.005307112758053679	0.0	0.0	3.826444935273812E-4	2.5786911520323517E-4	0.021690119932014053
65-69	0.007598820539940494	0.0	0.0	3.9512203135979587E-4	3.0362008725542207E-4	0.03247487179849775
70-74	0.010680772384546903	0.0	0.0	3.9512203135979587E-4	4.283954655795681E-4	0.05967174509388411
75-79	0.015226755334823289	0.0	0.0	4.367138241345112E-4	5.656483817361288E-4	0.06749100213553061
80-84	0.021702597469846468	0.0	0.0	4.367138241345112E-4	6.862645807828033E-4	0.06827292783969525
85-89	0.02957592384210008	0.0	0.0	4.408730034119827E-4	7.69448166332234E-4	0.06880114360793413
90-94	0.04197443726824273	0.0	0.0	4.7830561690922655E-4	8.23517496939364E-4	0.06957059177426636
95-99	0.057908253080236186	0.0	0.0	4.866239754641696E-4	8.9422354465638E-4	0.07046065613964528
100-104	0.079049361347624	0.0	0.0	5.032606925740558E-4	0.0010980233292524854	0.07165018141300214
105-109	0.10672038108064211	0.0	0.0	5.448524853487711E-4	0.0012519129625189322	0.07248201726849644
110-114	0.14336275051516634	0.0	0.0	5.614892024586572E-4	0.0014557127471150374	0.07337208163387535
115-119	0.19247433942355024	0.0	0.0	5.656483817361288E-4	0.0015638514083292972	0.07487354535304258
120-124	0.25651322275877947	0.0	0.0	5.822850988460149E-4	0.0016387166353237846	0.07704047775660525
125-129	0.3401959098215067	0.0	0.0	6.155585330657871E-4	0.0017426961172605734	0.08028047841375556
130-134	0.4480309509485112	0.0	0.0	6.238768916207303E-4	0.001963132618966565	0.08399878468781512
135-139	0.5876130075004559	0.0	0.0	6.488319672855595E-4	0.0020920671765681824	0.08919775878465454
140	0.6881778032504402	0.0	0.0	7.278563735575186E-4	0.002183569120672556	0.09326959529729917
>>END_MODULE
